Frame,Time,NOSE,NOSE,NOSE,LEFT_EYE_INNER,LEFT_EYE_INNER,LEFT_EYE_INNER,LEFT_EYE,LEFT_EYE,LEFT_EYE,LEFT_EYE_OUTER,LEFT_EYE_OUTER,LEFT_EYE_OUTER,RIGHT_EYE_INNER,RIGHT_EYE_INNER,RIGHT_EYE_INNER,RIGHT_EYE,RIGHT_EYE,RIGHT_EYE,RIGHT_EYE_OUTER,RIGHT_EYE_OUTER,RIGHT_EYE_OUTER,LEFT_EAR,LEFT_EAR,LEFT_EAR,RIGHT_EAR,RIGHT_EAR,RIGHT_EAR,MOUTH_LEFT,MOUTH_LEFT,MOUTH_LEFT,MOUTH_RIGHT,MOUTH_RIGHT,MOUTH_RIGHT,LEFT_SHOULDER,LEFT_SHOULDER,LEFT_SHOULDER,RIGHT_SHOULDER,RIGHT_SHOULDER,RIGHT_SHOULDER,LEFT_ELBOW,LEFT_ELBOW,LEFT_ELBOW,RIGHT_ELBOW,RIGHT_ELBOW,RIGHT_ELBOW,LEFT_WRIST,LEFT_WRIST,LEFT_WRIST,RIGHT_WRIST,RIGHT_WRIST,RIGHT_WRIST,LEFT_PINKY,LEFT_PINKY,LEFT_PINKY,RIGHT_PINKY,RIGHT_PINKY,RIGHT_PINKY,LEFT_INDEX,LEFT_INDEX,LEFT_INDEX,RIGHT_INDEX,RIGHT_INDEX,RIGHT_INDEX,LEFT_THUMB,LEFT_THUMB,LEFT_THUMB,RIGHT_THUMB,RIGHT_THUMB,RIGHT_THUMB,LEFT_HIP,LEFT_HIP,LEFT_HIP,RIGHT_HIP,RIGHT_HIP,RIGHT_HIP,LEFT_KNEE,LEFT_KNEE,LEFT_KNEE,RIGHT_KNEE,RIGHT_KNEE,RIGHT_KNEE,LEFT_ANKLE,LEFT_ANKLE,LEFT_ANKLE,RIGHT_ANKLE,RIGHT_ANKLE,RIGHT_ANKLE,LEFT_HEEL,LEFT_HEEL,LEFT_HEEL,RIGHT_HEEL,RIGHT_HEEL,RIGHT_HEEL,LEFT_FOOT_INDEX,LEFT_FOOT_INDEX,LEFT_FOOT_INDEX,RIGHT_FOOT_INDEX,RIGHT_FOOT_INDEX,RIGHT_FOOT_INDEX
,,X,Y,Z,X,Y,Z,X,Y,Z,X,Y,Z,X,Y,Z,X,Y,Z,X,Y,Z,X,Y,Z,X,Y,Z,X,Y,Z,X,Y,Z,X,Y,Z,X,Y,Z,X,Y,Z,X,Y,Z,X,Y,Z,X,Y,Z,X,Y,Z,X,Y,Z,X,Y,Z,X,Y,Z,X,Y,Z,X,Y,Z,X,Y,Z,X,Y,Z,X,Y,Z,X,Y,Z,X,Y,Z,X,Y,Z,X,Y,Z,X,Y,Z,X,Y,Z,X,Y,Z
0.000000,0.000000,0.519862,0.312654,-0.801412,0.544877,0.246888,-0.754260,0.562220,0.247169,-0.754103,0.577143,0.248079,-0.754276,0.486581,0.254732,-0.764866,0.466422,0.259531,-0.764588,0.450801,0.266062,-0.764938,0.600331,0.283833,-0.438060,0.428362,0.303712,-0.460973,0.555048,0.380145,-0.681871,0.485131,0.387750,-0.689418,0.742117,0.648858,-0.227158,0.315831,0.641715,-0.405708,0.807520,0.999695,-0.136830,0.229660,0.983638,-0.388161,0.882687,1.426085,-0.331511,0.193900,1.381114,-0.691439,0.924053,1.536756,-0.395381,0.162178,1.490726,-0.778294,0.881949,1.553882,-0.455786,0.210847,1.502182,-0.851200,0.857460,1.510511,-0.371257,0.229306,1.460443,-0.733171,0.668000,1.424747,-0.032067,0.378274,1.425878,0.036123,0.656590,2.032524,0.157844,0.387389,2.047609,0.291320,0.662842,2.574188,0.916776,0.408455,2.584648,0.915307,0.668261,2.667907,0.965904,0.406208,2.677586,0.966640,0.633192,2.754994,0.479332,0.455745,2.767366,0.404578
1.000000,0.071019,0.519612,0.313298,-0.809496,0.544597,0.247336,-0.762515,0.562060,0.247659,-0.762349,0.576882,0.248610,-0.762495,0.485984,0.255009,-0.771548,0.465881,0.259764,-0.771262,0.450488,0.266253,-0.771608,0.600206,0.284538,-0.447529,0.428277,0.303881,-0.465474,0.554964,0.380543,-0.690476,0.484835,0.388089,-0.695899,0.742144,0.648991,-0.241985,0.315784,0.642030,-0.407462,0.807520,0.999924,-0.153808,0.229697,0.983719,-0.388129,0.882569,1.425798,-0.348482,0.192599,1.381179,-0.695330,0.923586,1.535895,-0.417767,0.160494,1.490798,-0.785188,0.881122,1.552040,-0.478152,0.209319,1.502085,-0.860745,0.856997,1.509317,-0.388785,0.228211,1.460424,-0.738854,0.667575,1.424714,-0.032221,0.377263,1.425645,0.036270,0.653866,2.032421,0.169107,0.382346,2.047005,0.295832,0.657185,2.573910,0.943981,0.401619,2.583853,0.927112,0.662164,2.667622,0.994755,0.399496,2.676460,0.979420,0.627480,2.754793,0.508129,0.448990,2.766519,0.417480
2.000000,0.141078,0.518398,0.313336,-0.815086,0.543262,0.247240,-0.767738,0.561307,0.247403,-0.767552,0.576182,0.248282,-0.767688,0.483421,0.255069,-0.776201,0.463811,0.260005,-0.775904,0.449363,0.266574,-0.776241,0.599945,0.284385,-0.450113,0.427578,0.304196,-0.467128,0.554760,0.380531,-0.695145,0.483713,0.388159,-0.699805,0.742128,0.648948,-0.242933,0.315745,0.642293,-0.409020,0.807530,0.999320,-0.160218,0.229005,0.983784,-0.401834,0.884403,1.423737,-0.369937,0.190461,1.377914,-0.732158,0.926521,1.532776,-0.441885,0.158523,1.486344,-0.825622,0.884651,1.548568,-0.502390,0.207245,1.495436,-0.900818,0.859840,1.506524,-0.410953,0.226074,1.455026,-0.776547,0.668256,1.424660,-0.031997,0.377389,1.426060,0.036046,0.654440,2.032328,0.166364,0.382337,2.046989,0.297443,0.657911,2.573714,0.929998,0.401617,2.583722,0.924743,0.663165,2.667378,0.979381,0.399472,2.676335,0.976349,0.628175,2.754561,0.491984,0.449516,2.766219,0.415146
3.000000,0.210527,0.517038,0.313143,-0.789376,0.542273,0.246899,-0.744086,0.560649,0.246974,-0.743853,0.575656,0.247895,-0.744018,0.481600,0.254918,-0.749992,0.462356,0.259934,-0.749622,0.448517,0.266482,-0.749911,0.599852,0.284385,-0.442240,0.427303,0.304158,-0.448854,0.554284,0.380385,-0.675455,0.482497,0.388027,-0.676828,0.742216,0.649312,-0.242466,0.315752,0.642252,-0.400846,0.807485,1.000386,-0.147432,0.229001,0.983829,-0.367915,0.884120,1.423967,-0.303381,0.189164,1.377916,-0.652226,0.925971,1.532894,-0.364193,0.155893,1.486315,-0.737738,0.884163,1.548766,-0.420151,0.204761,1.495459,-0.816663,0.859560,1.506728,-0.340853,0.224322,1.455060,-0.698082,0.666701,1.424706,-0.031879,0.375392,1.425950,0.035942,0.652445,2.032811,0.162808,0.380004,2.046884,0.273935,0.656497,2.574125,0.909749,0.399572,2.583534,0.855537,0.661948,2.667901,0.957208,0.397657,2.676158,0.902015,0.626515,2.754455,0.483151,0.446803,2.765966,0.352783
4.000000,0.280094,0.516456,0.313147,-0.775055,0.541417,0.246853,-0.729401,0.560007,0.246894,-0.729275,0.575025,0.247816,-0.729463,0.480495,0.254923,-0.737325,0.461429,0.259947,-0.736989,0.447891,0.266490,-0.737362,0.599343,0.284301,-0.423904,0.426833,0.304156,-0.437649,0.554035,0.380367,-0.658822,0.481923,0.388035,-0.662540,0.742162,0.649161,-0.227232,0.315746,0.641930,-0.394373,0.806349,1.000361,-0.144227,0.230530,0.984028,-0.366749,0.881916,1.423981,-0.314806,0.193261,1.377811,-0.653361,0.922711,1.533519,-0.377841,0.161262,1.486291,-0.737686,0.880783,1.549065,-0.434373,0.209556,1.495439,-0.813470,0.856868,1.506765,-0.352891,0.228552,1.454972,-0.696873,0.667064,1.422339,-0.031193,0.376822,1.424983,0.035159,0.655090,2.029633,0.133573,0.385227,2.044196,0.266391,0.659686,2.570531,0.827495,0.405747,2.580196,0.828017,0.665702,2.662678,0.869884,0.403585,2.671964,0.872942,0.628851,2.751334,0.395753,0.453490,2.760940,0.332063
5.000000,0.349772,0.516391,0.313051,-0.778488,0.541202,0.246505,-0.732495,0.559806,0.246471,-0.732355,0.574744,0.247374,-0.732542,0.480357,0.254791,-0.740280,0.461274,0.259871,-0.739948,0.447752,0.266431,-0.740316,0.599056,0.284205,-0.424213,0.426673,0.304141,-0.438740,0.553976,0.380253,-0.661490,0.481893,0.387988,-0.665079,0.742117,0.648862,-0.229541,0.315481,0.641724,-0.393252,0.806779,0.998838,-0.146081,0.230707,0.984114,-0.377319,0.883273,1.421247,-0.319848,0.193332,1.374143,-0.704962,0.925027,1.530678,-0.384321,0.161268,1.481896,-0.797799,0.882633,1.546324,-0.441150,0.209556,1.489575,-0.871481,0.858364,1.503885,-0.358367,0.228555,1.449595,-0.749304,0.667657,1.422316,-0.031205,0.376997,1.424999,0.035172,0.657023,2.029613,0.147191,0.385410,2.044350,0.294913,0.663764,2.570501,0.873900,0.406961,2.580554,0.903278,0.670256,2.662818,0.920994,0.405146,2.672577,0.953451,0.633063,2.751313,0.446892,0.455818,2.762062,0.410904
6.000000,0.419792,0.516376,0.312984,-0.780351,0.541058,0.246369,-0.734328,0.559658,0.246293,-0.734177,0.574551,0.247173,-0.734367,0.480322,0.254757,-0.741963,0.461220,0.259860,-0.741636,0.447693,0.266429,-0.742000,0.598778,0.284164,-0.424332,0.426591,0.304155,-0.439527,0.553965,0.380157,-0.663096,0.481892,0.387951,-0.666540,0.742059,0.648693,-0.230733,0.315295,0.641626,-0.392710,0.807083,0.997669,-0.146985,0.230945,0.984191,-0.384354,0.884827,1.418916,-0.322884,0.193553,1.371532,-0.724375,0.927441,1.528020,-0.388138,0.161400,1.478619,-0.818942,0.884955,1.543774,-0.444969,0.209612,1.485436,-0.892693,0.860309,1.501338,-0.361575,0.228625,1.445786,-0.769015,0.668097,1.422304,-0.031202,0.377177,1.425039,0.035169,0.658472,2.029586,0.153331,0.385726,2.044504,0.303194,0.666532,2.570482,0.890274,0.408127,2.580933,0.919412,0.673248,2.662933,0.938484,0.406505,2.673154,0.970151,0.636043,2.751303,0.463750,0.457649,2.762866,0.425778
7.000000,0.490360,0.516388,0.313056,-0.785028,0.541053,0.246764,-0.739265,0.559649,0.246724,-0.739087,0.574540,0.247582,-0.739259,0.480412,0.255000,-0.748146,0.461261,0.259998,-0.747830,0.447677,0.266550,-0.748161,0.598704,0.284652,-0.430232,0.426541,0.304188,-0.451257,0.553966,0.380194,-0.668098,0.481904,0.387963,-0.673155,0.741965,0.649103,-0.232217,0.314853,0.641433,-0.400951,0.808325,0.993052,-0.146855,0.230972,0.984252,-0.384299,0.889240,1.409956,-0.326032,0.193779,1.369650,-0.695811,0.933957,1.514566,-0.391604,0.161772,1.474507,-0.783371,0.892635,1.531246,-0.448739,0.209861,1.481540,-0.860624,0.866633,1.490176,-0.364747,0.228821,1.442337,-0.739999,0.664866,1.422043,-0.030837,0.376041,1.424785,0.034765,0.655183,2.028554,0.147518,0.385359,2.043798,0.288841,0.662597,2.569912,0.858596,0.406963,2.580525,0.887279,0.668653,2.662130,0.903466,0.405309,2.672687,0.935570,0.632157,2.750211,0.431185,0.453691,2.760757,0.394284
8.000000,0.558438,0.516394,0.313509,-0.775321,0.540967,0.248277,-0.728990,0.559517,0.248098,-0.728855,0.574399,0.248774,-0.729040,0.480489,0.256456,-0.738362,0.461324,0.261398,-0.738027,0.447677,0.267903,-0.738411,0.598241,0.285057,-0.420023,0.426555,0.305003,-0.442204,0.554001,0.380331,-0.658157,0.482172,0.388145,-0.663845,0.741883,0.648400,-0.218560,0.315679,0.641413,-0.395436,0.808334,0.991671,-0.138418,0.232835,0.984357,-0.389901,0.889622,1.408043,-0.325365,0.196151,1.368065,-0.715483,0.934277,1.514193,-0.388208,0.164819,1.473642,-0.803953,0.894145,1.531024,-0.445630,0.212295,1.480603,-0.876692,0.868118,1.489418,-0.364251,0.230917,1.441025,-0.758264,0.667297,1.420909,-0.030782,0.378833,1.424654,0.034698,0.660600,2.025679,0.124458,0.391634,2.042677,0.288084,0.670351,2.567718,0.814038,0.416314,2.578465,0.880988,0.676786,2.659827,0.855340,0.414476,2.670158,0.928729,0.641371,2.747902,0.371359,0.465989,2.757801,0.386491
9.000000,0.627722,0.516170,0.313487,-0.776571,0.540803,0.248281,-0.730182,0.559392,0.248100,-0.730057,0.574333,0.248776,-0.730269,0.480308,0.256458,-0.739630,0.461103,0.261401,-0.739307,0.447544,0.267905,-0.739695,0.598105,0.285150,-0.420841,0.426467,0.305039,-0.442446,0.553969,0.380337,-0.658352,0.481934,0.388142,-0.664353,0.741882,0.649764,-0.228177,0.315279,0.641354,-0.393494,0.808334,0.994736,-0.153657,0.233058,0.984405,-0.372731,0.889288,1.409278,-0.345623,0.195845,1.367393,-0.682809,0.933822,1.515538,-0.414935,0.163890,1.472243,-0.770130,0.892686,1.531410,-0.471411,0.210271,1.478351,-0.853648,0.866649,1.489641,-0.384500,0.229597,1.439165,-0.730898,0.664111,1.420931,-0.030601,0.373845,1.424316,0.034567,0.653368,2.025831,0.120056,0.383540,2.041854,0.230433,0.654495,2.567852,0.812804,0.399055,2.578253,0.767016,0.659877,2.659855,0.854568,0.396236,2.670038,0.808356,0.622257,2.747987,0.375855,0.444141,2.757072,0.260635
10.000000,0.694906,0.516156,0.313573,-0.776707,0.540747,0.248576,-0.731667,0.559341,0.248415,-0.731499,0.574300,0.249084,-0.731697,0.480314,0.256615,-0.740078,0.461106,0.261520,-0.739771,0.447532,0.268029,-0.740175,0.598088,0.285271,-0.426073,0.426457,0.305180,-0.441983,0.553972,0.380398,-0.659923,0.481937,0.388170,-0.665142,0.741867,0.649759,-0.245961,0.315028,0.642452,-0.386674,0.808304,0.995536,-0.184404,0.233012,0.984105,-0.373144,0.889112,1.411873,-0.385850,0.195831,1.365964,-0.707484,0.933471,1.519224,-0.462595,0.163793,1.469949,-0.802253,0.891715,1.534158,-0.516874,0.210023,1.473676,-0.887483,0.865649,1.492317,-0.424231,0.229510,1.435330,-0.757465,0.664152,1.421209,-0.033112,0.373864,1.424309,0.037132,0.652831,2.026187,0.129780,0.382154,2.041828,0.255527,0.653753,2.567929,0.850716,0.397095,2.578043,0.831720,0.659349,2.659883,0.895950,0.394754,2.669703,0.878559,0.620412,2.748031,0.412336,0.441131,2.757061,0.327065
11.000000,0.763187,0.516141,0.313659,-0.777224,0.540692,0.248852,-0.732445,0.559288,0.248703,-0.732249,0.574261,0.249366,-0.732441,0.480323,0.256782,-0.740636,0.461113,0.261660,-0.740337,0.447519,0.268176,-0.740747,0.598066,0.285386,-0.429048,0.426443,0.305340,-0.441619,0.553974,0.380450,-0.660643,0.481941,0.388196,-0.665905,0.741848,0.649749,-0.252859,0.314859,0.643160,-0.382864,0.808293,0.995947,-0.192758,0.232948,0.983871,-0.372784,0.888961,1.413076,-0.395781,0.195801,1.364856,-0.711075,0.933104,1.520921,-0.472721,0.163635,1.468279,-0.806522,0.891549,1.535404,-0.527056,0.209711,1.470913,-0.891447,0.865554,1.493563,-0.434164,0.229336,1.432997,-0.761018,0.664153,1.421469,-0.034652,0.373850,1.424309,0.038697,0.652359,2.026556,0.133531,0.381189,2.041813,0.263799,0.653178,2.568081,0.861137,0.395793,2.577970,0.847036,0.658938,2.659969,0.907043,0.393699,2.669560,0.894769,0.619165,2.748132,0.422690,0.439322,2.757066,0.342708
12.000000,0.833621,0.515919,0.313688,-0.777650,0.540376,0.248873,-0.732928,0.559036,0.248705,-0.732742,0.574065,0.249364,-0.732938,0.480165,0.256884,-0.740879,0.460938,0.261836,-0.740556,0.447390,0.268427,-0.740943,0.597950,0.285370,-0.428957,0.426285,0.305739,-0.441427,0.553946,0.380461,-0.660905,0.481846,0.388243,-0.665535,0.741755,0.647856,-0.242438,0.314852,0.642874,-0.382857,0.808368,0.991196,-0.143749,0.232232,0.983875,-0.355041,0.889197,1.409945,-0.297465,0.194794,1.367156,-0.637977,0.933582,1.517388,-0.352737,0.162523,1.471601,-0.719676,0.892224,1.533285,-0.408463,0.209278,1.478017,-0.796331,0.866252,1.491170,-0.334550,0.228817,1.438965,-0.681974,0.664499,1.420569,-0.034642,0.374261,1.423917,0.038679,0.655268,2.026036,0.119286,0.386018,2.041776,0.264306,0.660726,2.567888,0.822649,0.405692,2.578024,0.842775,0.666831,2.659904,0.865655,0.404249,2.669765,0.889393,0.629050,2.747949,0.383571,0.450714,2.757065,0.340393
13.000000,0.905101,0.515113,0.313955,-0.799504,0.539238,0.249246,-0.750739,0.558158,0.248955,-0.750582,0.573305,0.249555,-0.750780,0.479276,0.257316,-0.760127,0.460328,0.262345,-0.759844,0.447058,0.268854,-0.760239,0.597033,0.285376,-0.431712,0.426195,0.305937,-0.450226,0.553421,0.380536,-0.677409,0.481407,0.388447,-0.683415,0.741670,0.648197,-0.238113,0.314993,0.642865,-0.396084,0.808399,0.993104,-0.144613,0.232144,0.983734,-0.397463,0.889801,1.412085,-0.324680,0.191493,1.367874,-0.742934,0.933972,1.520734,-0.385748,0.157903,1.473384,-0.837958,0.892452,1.536696,-0.449266,0.205987,1.481368,-0.914107,0.866641,1.494284,-0.365461,0.225664,1.441834,-0.788124,0.664186,1.421502,-0.033818,0.373769,1.423988,0.037798,0.649395,2.029314,0.138703,0.378395,2.042269,0.269910,0.650148,2.571260,0.879424,0.395651,2.578206,0.873539,0.655843,2.663192,0.925811,0.393121,2.669755,0.922684,0.618143,2.749778,0.429875,0.444699,2.758207,0.356918
14.000000,0.974904,0.515057,0.316030,-0.801515,0.539026,0.251578,-0.752789,0.557945,0.251338,-0.752661,0.572949,0.251986,-0.752892,0.479223,0.259112,-0.762091,0.460282,0.264041,-0.761777,0.447007,0.270281,-0.762194,0.596549,0.286219,-0.430850,0.426179,0.306405,-0.449683,0.553288,0.381223,-0.677868,0.481381,0.389498,-0.683650,0.741231,0.646694,-0.223255,0.315045,0.641088,-0.394690,0.808445,0.992672,-0.137706,0.233725,0.984143,-0.421908,0.889824,1.411662,-0.327973,0.191608,1.363945,-0.828691,0.933946,1.520882,-0.391403,0.157930,1.469234,-0.931476,0.892834,1.536829,-0.452043,0.205668,1.476145,-1.008848,0.867061,1.494165,-0.367713,0.225414,1.436580,-0.875722,0.665673,1.421182,-0.033248,0.375343,1.423771,0.037201,0.652552,2.028063,0.126634,0.380585,2.041268,0.276892,0.654590,2.569606,0.833448,0.397680,2.576854,0.886288,0.660880,2.660990,0.873961,0.394778,2.667708,0.934558,0.621857,2.748656,0.360747,0.448100,2.757398,0.362890
15.000000,1.045801,0.514945,0.316198,-0.813023,0.538787,0.252100,-0.765702,0.557732,0.251928,-0.765572,0.572724,0.252656,-0.765788,0.479146,0.259388,-0.774442,0.460218,0.264260,-0.774100,0.446953,0.270442,-0.774471,0.596454,0.286620,-0.443442,0.426164,0.306457,-0.461093,0.553237,0.381266,-0.689465,0.481376,0.389500,-0.694441,0.741218,0.646762,-0.231131,0.314730,0.641472,-0.399186,0.809683,0.993116,-0.146825,0.231852,0.984116,-0.416809,0.892924,1.411338,-0.355080,0.190068,1.364373,-0.791060,0.937641,1.520107,-0.424251,0.156797,1.469586,-0.888670,0.896665,1.535544,-0.486600,0.204952,1.476198,-0.966556,0.870413,1.493280,-0.396341,0.224606,1.436661,-0.837545,0.665034,1.422992,-0.033254,0.374160,1.425644,0.037214,0.652367,2.030716,0.134624,0.380448,2.044252,0.275581,0.654647,2.571825,0.860848,0.397849,2.580516,0.878150,0.660930,2.663615,0.905426,0.394963,2.672285,0.926370,0.621890,2.751741,0.413011,0.448292,2.761496,0.360703
16.000000,1.123465,0.514424,0.316617,-0.783792,0.538271,0.252450,-0.740832,0.557372,0.252194,-0.740640,0.572420,0.252895,-0.740827,0.478587,0.259759,-0.746265,0.459725,0.264667,-0.745843,0.446670,0.270798,-0.746176,0.596132,0.286678,-0.436318,0.426021,0.306632,-0.442222,0.553074,0.381429,-0.667897,0.480976,0.389729,-0.668674,0.740750,0.646735,-0.231733,0.314805,0.640517,-0.383164,0.809690,0.993398,-0.152317,0.231574,0.983479,-0.358045,0.892823,1.411398,-0.352133,0.187943,1.364299,-0.645207,0.937448,1.520236,-0.418838,0.154234,1.469392,-0.727398,0.896444,1.535665,-0.478298,0.201606,1.476200,-0.809095,0.870337,1.493361,-0.392321,0.221567,1.436757,-0.691924,0.663004,1.422716,-0.033381,0.373168,1.424715,0.037372,0.649799,2.030483,0.109935,0.378777,2.043218,0.243354,0.650719,2.571805,0.786229,0.394226,2.580194,0.776144,0.657061,2.663521,0.826390,0.391482,2.671889,0.817376,0.615977,2.751719,0.348107,0.440792,2.760723,0.271958
17.000000,1.195172,0.514170,0.316624,-0.812510,0.538112,0.252542,-0.765929,0.557258,0.252321,-0.765719,0.572304,0.253074,-0.765895,0.478431,0.259767,-0.773235,0.459574,0.264677,-0.772876,0.446558,0.270802,-0.773189,0.596079,0.286905,-0.446076,0.426007,0.306594,-0.459403,0.552977,0.381447,-0.690703,0.480765,0.389732,-0.694083,0.740477,0.646698,-0.234769,0.314379,0.640523,-0.390812,0.809662,0.991408,-0.149162,0.231671,0.983426,-0.397910,0.894473,1.404610,-0.349301,0.187503,1.361291,-0.772552,0.939529,1.511715,-0.416586,0.153637,1.465402,-0.872151,0.899150,1.526013,-0.476983,0.201041,1.470836,-0.953889,0.872653,1.484971,-0.389687,0.221095,1.432186,-0.821403,0.662679,1.422673,-0.033386,0.372340,1.424663,0.037375,0.649223,2.030507,0.127786,0.378100,2.043223,0.261454,0.650428,2.572129,0.847548,0.394156,2.580237,0.867792,0.656521,2.663859,0.891461,0.391449,2.671845,0.917183,0.616284,2.751698,0.394655,0.440985,2.760761,0.347727
18.000000,1.266543,0.513952,0.317161,-0.838697,0.537880,0.253149,-0.791690,0.557086,0.252897,-0.791489,0.572141,0.253686,-0.791639,0.478162,0.260516,-0.796539,0.459281,0.265547,-0.796160,0.446332,0.271638,-0.796502,0.595954,0.287652,-0.465436,0.425777,0.307431,-0.468363,0.552796,0.382122,-0.714806,0.480492,0.390395,-0.714991,0.740505,0.646525,-0.252603,0.314287,0.641062,-0.391249,0.810328,0.990174,-0.171868,0.230973,0.983118,-0.422482,0.894620,1.403936,-0.392874,0.187006,1.361217,-0.856437,0.939640,1.511407,-0.468832,0.153034,1.465524,-0.967013,0.899075,1.525425,-0.530936,0.200657,1.470766,-1.048133,0.872601,1.484505,-0.434510,0.220716,1.432142,-0.907235,0.664163,1.422587,-0.034354,0.372349,1.424625,0.038435,0.650659,2.030449,0.165454,0.378062,2.043208,0.336405,0.651719,2.572096,0.948167,0.394249,2.580168,1.025525,0.657458,2.663874,0.997355,0.391536,2.671775,1.082777,0.618839,2.751671,0.479367,0.442386,2.760866,0.497072
19.000000,1.338203,0.513871,0.317148,-0.782401,0.537836,0.253153,-0.740261,0.557040,0.252900,-0.740073,0.572064,0.253688,-0.740308,0.478160,0.260519,-0.744680,0.459273,0.265542,-0.744256,0.446308,0.271632,-0.744604,0.595762,0.287666,-0.440873,0.425757,0.307432,-0.439197,0.552708,0.382130,-0.667809,0.480358,0.390341,-0.666927,0.740341,0.645946,-0.242726,0.314377,0.640439,-0.382201,0.809883,0.990354,-0.163014,0.230918,0.983122,-0.386411,0.893681,1.404558,-0.344838,0.187019,1.362737,-0.721716,0.938688,1.512259,-0.407993,0.152951,1.468221,-0.812395,0.897469,1.526890,-0.464978,0.200685,1.475407,-0.887427,0.871181,1.485700,-0.383477,0.220736,1.436281,-0.767281,0.663415,1.422735,-0.034611,0.372071,1.424608,0.038708,0.650669,2.030629,0.146654,0.378403,2.043278,0.326869,0.652638,2.572178,0.885018,0.395565,2.580205,0.934063,0.658616,2.664010,0.930989,0.393027,2.671891,0.983482,0.619713,2.751717,0.446773,0.443126,2.760909,0.451966
20.000000,1.406553,0.513854,0.315753,-0.783434,0.537817,0.251558,-0.741531,0.557020,0.251344,-0.741349,0.572025,0.252164,-0.741597,0.478158,0.259357,-0.746017,0.459264,0.264513,-0.745589,0.446275,0.270717,-0.745945,0.595644,0.286690,-0.440092,0.425481,0.307129,-0.439903,0.552644,0.381622,-0.668521,0.480341,0.389658,-0.667570,0.739967,0.645929,-0.242766,0.313753,0.640379,-0.385420,0.809602,0.993414,-0.173775,0.229271,0.983080,-0.387628,0.890958,1.411317,-0.395117,0.184219,1.364629,-0.724186,0.934831,1.521841,-0.468439,0.149059,1.470237,-0.814554,0.891450,1.537504,-0.527637,0.197544,1.478374,-0.890478,0.865698,1.494957,-0.435815,0.217855,1.439217,-0.770043,0.662656,1.423211,-0.034798,0.371496,1.424809,0.038914,0.647933,2.032057,0.146628,0.375994,2.044596,0.317316,0.649410,2.573676,0.889123,0.393024,2.581731,0.929422,0.655132,2.665899,0.936348,0.390803,2.673723,0.979656,0.616724,2.753165,0.450186,0.439058,2.762905,0.431383
21.000000,1.484497,0.512340,0.315141,-0.778291,0.536591,0.251162,-0.735830,0.556060,0.250937,-0.735627,0.571334,0.251824,-0.735783,0.476867,0.259082,-0.739511,0.458346,0.264349,-0.739100,0.445689,0.270556,-0.739450,0.595330,0.286691,-0.438615,0.425214,0.307134,-0.434787,0.551947,0.381515,-0.665169,0.478884,0.389277,-0.663471,0.740007,0.647609,-0.243631,0.313343,0.640148,-0.380994,0.808880,0.996300,-0.173483,0.228895,0.981449,-0.358676,0.881990,1.414161,-0.388746,0.180218,1.364393,-0.676849,0.922977,1.525101,-0.463032,0.143490,1.470207,-0.767367,0.876907,1.538923,-0.514608,0.192604,1.478023,-0.848163,0.852240,1.496123,-0.426463,0.214049,1.438839,-0.724901,0.658941,1.423477,-0.034755,0.365046,1.423702,0.038886,0.635533,2.033404,0.144309,0.359468,2.044087,0.283132,0.631453,2.574859,0.876482,0.373258,2.581010,0.861369,0.636575,2.667305,0.922220,0.371823,2.672590,0.907504,0.596430,2.753456,0.440006,0.417994,2.762697,0.355807
22.000000,1.552641,0.511997,0.315196,-0.779477,0.536481,0.251165,-0.737193,0.556006,0.250936,-0.736984,0.571311,0.251825,-0.737112,0.476455,0.259095,-0.741126,0.457987,0.264375,-0.740744,0.445344,0.270604,-0.741102,0.595352,0.286770,-0.445701,0.424859,0.307201,-0.435593,0.551823,0.381700,-0.666910,0.478235,0.389380,-0.665058,0.739998,0.647626,-0.265857,0.313155,0.640152,-0.374310,0.810832,0.996490,-0.207888,0.227654,0.980705,-0.351533,0.882871,1.417817,-0.401266,0.174181,1.365035,-0.682801,0.924920,1.529538,-0.477031,0.135251,1.470815,-0.775882,0.877507,1.543555,-0.526788,0.185114,1.478413,-0.859625,0.852910,1.500841,-0.438432,0.207736,1.439604,-0.733057,0.661050,1.425113,-0.038537,0.365759,1.425023,0.042874,0.639064,2.037291,0.155410,0.359731,2.047273,0.313798,0.636887,2.577699,0.923000,0.375758,2.582450,0.936927,0.643021,2.671549,0.972435,0.375558,2.674206,0.988953,0.599620,2.755776,0.480624,0.420679,2.765835,0.434659
23.000000,1.620687,0.511491,0.315197,-0.780290,0.536193,0.251169,-0.736363,0.555789,0.250947,-0.736197,0.571129,0.251860,-0.736310,0.476175,0.259087,-0.741476,0.457757,0.264367,-0.741080,0.445172,0.270598,-0.741464,0.595329,0.286910,-0.436777,0.424798,0.307208,-0.435033,0.551578,0.381717,-0.665777,0.477704,0.389359,-0.665502,0.740064,0.647542,-0.239317,0.313015,0.640312,-0.376896,0.809715,0.996658,-0.164825,0.227658,0.981153,-0.356227,0.879687,1.422199,-0.361309,0.173971,1.366252,-0.682850,0.919974,1.535772,-0.426138,0.135773,1.472918,-0.774081,0.874445,1.549564,-0.478713,0.185388,1.480562,-0.853895,0.850155,1.505274,-0.399305,0.207680,1.441238,-0.730096,0.662360,1.425032,-0.037373,0.366799,1.424996,0.041713,0.642046,2.037237,0.117222,0.366029,2.047326,0.275766,0.639817,2.577669,0.830015,0.381278,2.583007,0.854621,0.646136,2.671458,0.872396,0.380283,2.674810,0.901008,0.601736,2.756521,0.376909,0.426439,2.766425,0.341412
24.000000,1.689461,0.510502,0.316359,-0.772805,0.534850,0.251770,-0.729996,0.554808,0.251445,-0.729810,0.570414,0.252366,-0.729910,0.474674,0.259632,-0.732160,0.456626,0.264898,-0.731670,0.444261,0.271029,-0.732016,0.595080,0.287142,-0.436242,0.424289,0.307332,-0.424444,0.550803,0.382256,-0.660925,0.476657,0.390106,-0.657508,0.740154,0.647654,-0.241093,0.312796,0.640486,-0.370049,0.808392,0.996912,-0.165259,0.227866,0.981384,-0.354278,0.876815,1.435599,-0.332497,0.174206,1.366399,-0.688671,0.917555,1.551758,-0.395084,0.136381,1.473075,-0.780114,0.868876,1.566157,-0.442687,0.185824,1.480652,-0.860509,0.844548,1.519906,-0.367418,0.207801,1.441299,-0.735587,0.663800,1.425740,-0.037716,0.366843,1.425512,0.042175,0.644114,2.038130,0.119782,0.366177,2.047879,0.284679,0.642291,2.578012,0.835458,0.382174,2.583257,0.870722,0.648827,2.672419,0.878625,0.381822,2.675807,0.918003,0.602698,2.757207,0.384433,0.427548,2.766821,0.368601
25.000000,1.758854,0.509448,0.316868,-0.773459,0.533357,0.252116,-0.730328,0.553693,0.251673,-0.730150,0.569568,0.252562,-0.730280,0.473160,0.260098,-0.733783,0.455374,0.265489,-0.733335,0.443348,0.271611,-0.733694,0.594786,0.287238,-0.433935,0.423703,0.307808,-0.425488,0.550235,0.382575,-0.660172,0.475620,0.390758,-0.658430,0.740282,0.647797,-0.227582,0.312915,0.639842,-0.378820,0.806297,0.997082,-0.128154,0.227557,0.981545,-0.355841,0.873485,1.434678,-0.290071,0.174270,1.372196,-0.669330,0.913081,1.550188,-0.346945,0.137296,1.482189,-0.756520,0.867417,1.564582,-0.402737,0.186989,1.491601,-0.832100,0.843452,1.518766,-0.327740,0.208534,1.450568,-0.713177,0.662798,1.425654,-0.034718,0.366921,1.424507,0.038934,0.642117,2.038092,0.113415,0.365864,2.047526,0.246350,0.638651,2.578855,0.824378,0.380314,2.583637,0.803516,0.644561,2.672643,0.867543,0.379211,2.675952,0.846972,0.600875,2.757979,0.378265,0.425168,2.767041,0.289428
26.000000,1.827478,0.508158,0.316873,-0.774652,0.532470,0.251965,-0.731208,0.553113,0.251457,-0.731049,0.569204,0.252349,-0.731191,0.471744,0.260065,-0.734851,0.454346,0.265490,-0.734405,0.442346,0.271617,-0.734774,0.594682,0.287177,-0.432685,0.422810,0.307773,-0.424011,0.549727,0.382585,-0.660609,0.474049,0.390771,-0.658937,0.739864,0.645767,-0.228179,0.312911,0.639692,-0.372060,0.806290,0.995896,-0.130682,0.227423,0.981564,-0.334104,0.881906,1.434563,-0.279975,0.173645,1.375830,-0.623933,0.924549,1.549703,-0.330674,0.136528,1.485200,-0.703499,0.879989,1.563529,-0.383653,0.185788,1.495720,-0.784712,0.854399,1.517966,-0.316082,0.207452,1.455192,-0.670036,0.666324,1.425599,-0.037339,0.371245,1.424717,0.041474,0.650871,2.038270,0.085866,0.377737,2.048436,0.247188,0.651851,2.579123,0.775335,0.395992,2.585125,0.797995,0.659089,2.672702,0.814965,0.394635,2.676999,0.841218,0.614603,2.758716,0.318967,0.443100,2.768862,0.285854
27.000000,1.894195,0.508157,0.316185,-0.818259,0.532396,0.251601,-0.769865,0.552930,0.251082,-0.769733,0.568935,0.251986,-0.769899,0.471747,0.259900,-0.775875,0.454322,0.265396,-0.775454,0.442292,0.271563,-0.775803,0.594344,0.287134,-0.447024,0.422754,0.307774,-0.449576,0.549703,0.382131,-0.695325,0.474060,0.390468,-0.696635,0.739851,0.646434,-0.235152,0.312905,0.639932,-0.387964,0.808629,0.995993,-0.139401,0.227482,0.981746,-0.377393,0.887723,1.428806,-0.333100,0.175750,1.373973,-0.731184,0.930937,1.542432,-0.397864,0.140565,1.482924,-0.829078,0.887857,1.557549,-0.460386,0.190095,1.493011,-0.908239,0.862412,1.512733,-0.374013,0.210179,1.452562,-0.778399,0.666118,1.425928,-0.037507,0.371218,1.426092,0.041639,0.651546,2.038400,0.121844,0.379084,2.050211,0.290987,0.654325,2.579643,0.870370,0.398395,2.588725,0.919044,0.661359,2.673248,0.917154,0.396977,2.681672,0.970661,0.618871,2.760334,0.410821,0.445914,2.771767,0.398814
28.000000,1.964697,0.507486,0.316045,-0.813944,0.531818,0.251561,-0.766609,0.552436,0.251045,-0.766478,0.568544,0.251970,-0.766644,0.471121,0.259895,-0.772340,0.453788,0.265399,-0.771914,0.441794,0.271566,-0.772260,0.594164,0.287141,-0.448949,0.422478,0.307772,-0.445368,0.549382,0.382081,-0.692718,0.473176,0.390432,-0.693804,0.739832,0.647094,-0.245237,0.313054,0.639913,-0.383677,0.808625,0.996275,-0.169177,0.227448,0.980448,-0.397306,0.888047,1.428559,-0.359497,0.175628,1.370768,-0.800929,0.931131,1.542051,-0.425213,0.139892,1.479620,-0.905142,0.888075,1.557161,-0.483236,0.189327,1.486971,-0.981165,0.862643,1.512408,-0.398378,0.209804,1.447722,-0.849385,0.667307,1.426113,-0.039688,0.371701,1.426371,0.043793,0.653858,2.038663,0.141533,0.379955,2.050544,0.350891,0.656712,2.579774,0.911369,0.399444,2.588716,1.024450,0.663975,2.673356,0.959990,0.397843,2.681605,1.082040,0.620919,2.760762,0.451881,0.449151,2.772689,0.516865
29.000000,2.049002,0.506558,0.314408,-0.926130,0.531093,0.249801,-0.870332,0.551873,0.249335,-0.870327,0.568137,0.250428,-0.870538,0.470238,0.258633,-0.880224,0.453030,0.264435,-0.879854,0.440986,0.270573,-0.880283,0.593804,0.286244,-0.498792,0.421525,0.307130,-0.518222,0.549039,0.381436,-0.784791,0.472262,0.389667,-0.790876,0.739872,0.646764,-0.246251,0.312666,0.640219,-0.425036,0.810473,0.995987,-0.168890,0.227406,0.980827,-0.429811,0.890745,1.418870,-0.435792,0.176018,1.369514,-0.866946,0.934186,1.533859,-0.515645,0.141006,1.478337,-0.981975,0.890769,1.550055,-0.586521,0.190674,1.486811,-1.068902,0.865798,1.503134,-0.482675,0.210188,1.446847,-0.918977,0.667705,1.426127,-0.036748,0.371861,1.426735,0.040984,0.657003,2.038680,0.153711,0.381619,2.050962,0.339147,0.660586,2.579896,0.941687,0.401662,2.589492,0.972554,0.668380,2.674173,0.990084,0.399974,2.683369,1.025237,0.623569,2.760809,0.455820,0.452327,2.772863,0.476279
30.000000,2.117044,0.506503,0.314722,-0.834331,0.530759,0.250025,-0.789934,0.551531,0.249485,-0.789751,0.567845,0.250522,-0.789875,0.470163,0.259022,-0.795366,0.452974,0.264921,-0.794913,0.440937,0.271164,-0.795231,0.593465,0.286239,-0.475534,0.421486,0.307770,-0.479929,0.549008,0.381453,-0.716309,0.472291,0.389919,-0.716323,0.739949,0.648071,-0.246195,0.312744,0.640165,-0.413352,0.810361,0.996095,-0.167888,0.227395,0.981024,-0.372383,0.890096,1.419186,-0.367854,0.176582,1.372460,-0.665559,0.933491,1.533779,-0.434358,0.141616,1.481635,-0.751445,0.890020,1.549962,-0.491401,0.191412,1.490329,-0.831303,0.864885,1.503204,-0.407536,0.211257,1.450190,-0.711890,0.665530,1.426042,-0.036994,0.370930,1.426485,0.041225,0.653009,2.038495,0.129872,0.379409,2.050427,0.315780,0.656394,2.579879,0.854593,0.399425,2.588932,0.905602,0.663633,2.673942,0.898787,0.398113,2.682387,0.954759,0.620637,2.760676,0.405069,0.447213,2.771455,0.418104
31.000000,2.184459,0.506154,0.313632,-0.835842,0.530638,0.248832,-0.789665,0.551408,0.248262,-0.789504,0.567762,0.249323,-0.789595,0.469817,0.258318,-0.794921,0.452614,0.264326,-0.794476,0.440445,0.270534,-0.794817,0.593440,0.285727,-0.471699,0.421077,0.307576,-0.475014,0.548822,0.380986,-0.715342,0.471694,0.389445,-0.715464,0.740146,0.649865,-0.247660,0.311449,0.641060,-0.409867,0.810269,0.997109,-0.184538,0.226856,0.981031,-0.401557,0.887795,1.419889,-0.419361,0.175222,1.367407,-0.795070,0.930483,1.534396,-0.495817,0.140101,1.474812,-0.900057,0.885633,1.549912,-0.553285,0.190052,1.480355,-0.978282,0.860916,1.503207,-0.460154,0.210099,1.440589,-0.843954,0.664572,1.428601,-0.036733,0.368051,1.428418,0.041030,0.648387,2.041507,0.130566,0.371748,2.052256,0.301480,0.647751,2.583807,0.856483,0.389050,2.590899,0.890770,0.654401,2.678767,0.900982,0.387767,2.684845,0.938840,0.610355,2.764986,0.405087,0.436958,2.773410,0.384188
32.000000,2.252407,0.505583,0.313508,-0.814031,0.530364,0.248494,-0.770667,0.551211,0.247878,-0.770460,0.567653,0.248949,-0.770620,0.469208,0.258167,-0.772301,0.452070,0.264256,-0.771885,0.439848,0.270492,-0.772197,0.593410,0.285685,-0.468532,0.420523,0.307572,-0.455310,0.548560,0.380941,-0.699902,0.470842,0.389389,-0.695316,0.740112,0.649293,-0.255881,0.311563,0.641405,-0.397643,0.810460,0.997101,-0.182175,0.227041,0.981579,-0.382951,0.887811,1.420883,-0.351555,0.175288,1.371340,-0.724313,0.930505,1.535199,-0.414304,0.139494,1.479671,-0.817998,0.885634,1.550963,-0.466420,0.189213,1.486453,-0.901301,0.860887,1.505448,-0.387343,0.209847,1.447420,-0.774425,0.664958,1.428996,-0.037635,0.368170,1.429004,0.041871,0.650003,2.043692,0.175912,0.373174,2.053941,0.306286,0.651276,2.585356,0.967014,0.391709,2.592994,0.912994,0.658181,2.679977,1.018731,0.390105,2.686682,0.963836,0.616063,2.766667,0.531141,0.441427,2.777546,0.408187
33.000000,2.318344,0.505508,0.313105,-0.814052,0.530351,0.247629,-0.770612,0.551191,0.247041,-0.770407,0.567621,0.248133,-0.770561,0.469108,0.257595,-0.772065,0.451903,0.263799,-0.771647,0.439664,0.270050,-0.771966,0.593384,0.285211,-0.468000,0.420102,0.307402,-0.450477,0.548533,0.380793,-0.699690,0.470573,0.389215,-0.695061,0.740180,0.649250,-0.256825,0.311549,0.641290,-0.395538,0.811168,0.998018,-0.196459,0.227632,0.982803,-0.394190,0.889213,1.423101,-0.410297,0.174994,1.371442,-0.791536,0.932312,1.537962,-0.484052,0.138042,1.479646,-0.897620,0.886144,1.553038,-0.540055,0.187706,1.486369,-0.979868,0.861221,1.507646,-0.449661,0.208973,1.447394,-0.843339,0.665352,1.430082,-0.038082,0.368201,1.429314,0.042416,0.649525,2.046243,0.169235,0.372246,2.055049,0.319388,0.648770,2.587437,0.943598,0.388719,2.593827,0.950638,0.655275,2.682229,0.992968,0.387088,2.687375,1.003029,0.612293,2.768392,0.496888,0.437693,2.779574,0.438335
34.000000,2.387037,0.505386,0.313007,-0.808141,0.530327,0.247498,-0.764836,0.551165,0.246896,-0.764608,0.567601,0.247975,-0.764772,0.468964,0.257494,-0.766159,0.451752,0.263714,-0.765736,0.439476,0.269982,-0.766038,0.593362,0.285081,-0.466926,0.419844,0.307389,-0.448038,0.548401,0.380719,-0.694821,0.470378,0.389112,-0.690057,0.740213,0.649253,-0.257471,0.311471,0.641565,-0.392190,0.810050,0.998865,-0.189485,0.227751,0.983194,-0.375258,0.889069,1.423580,-0.356425,0.174989,1.371818,-0.722072,0.932286,1.537944,-0.423189,0.137889,1.479757,-0.818403,0.886134,1.552997,-0.478004,0.187250,1.486515,-0.905539,0.861136,1.507725,-0.394280,0.208763,1.447628,-0.774547,0.665138,1.430126,-0.038077,0.367868,1.429315,0.042411,0.649384,2.046386,0.166223,0.372160,2.055034,0.306603,0.648663,2.588133,0.933466,0.388618,2.593914,0.921747,0.655100,2.682875,0.981822,0.386878,2.687429,0.972003,0.612424,2.768516,0.485900,0.437541,2.779508,0.409737
35.000000,2.453632,0.505217,0.312957,-0.797215,0.530212,0.247401,-0.756145,0.551052,0.246760,-0.755911,0.567504,0.247822,-0.756072,0.468667,0.257486,-0.755811,0.451478,0.263712,-0.755387,0.439200,0.269997,-0.755698,0.593319,0.284960,-0.465245,0.419671,0.307386,-0.437962,0.548321,0.380671,-0.685409,0.470070,0.389105,-0.678195,0.740252,0.649950,-0.261620,0.311464,0.641234,-0.380451,0.810045,0.998882,-0.195924,0.227875,0.982536,-0.373629,0.888245,1.425594,-0.365108,0.174974,1.371834,-0.724152,0.931368,1.540210,-0.434919,0.137682,1.479926,-0.822615,0.884159,1.554651,-0.487123,0.187151,1.486529,-0.909390,0.859091,1.509575,-0.401953,0.208766,1.447628,-0.777500,0.664077,1.431396,-0.039288,0.366359,1.429668,0.043655,0.647247,2.047680,0.164009,0.368819,2.055673,0.330013,0.645626,2.589547,0.928994,0.384069,2.594539,0.972504,0.652003,2.684213,0.977399,0.382723,2.687939,1.026013,0.608410,2.769668,0.480555,0.431234,2.780617,0.466440
36.000000,2.521601,0.505223,0.312585,-0.786382,0.530386,0.247032,-0.740511,0.551158,0.246553,-0.740326,0.567576,0.247721,-0.740449,0.468723,0.256853,-0.744647,0.451489,0.263053,-0.744192,0.439183,0.269356,-0.744537,0.593448,0.285023,-0.438297,0.419654,0.307135,-0.432553,0.548294,0.380626,-0.672333,0.470070,0.388806,-0.670617,0.740022,0.649792,-0.236339,0.311480,0.641380,-0.381035,0.809799,0.999145,-0.140723,0.227940,0.984381,-0.367377,0.883282,1.431230,-0.287566,0.177006,1.378029,-0.675219,0.923856,1.547514,-0.342692,0.140376,1.488683,-0.763679,0.878069,1.563775,-0.395376,0.190315,1.498205,-0.840956,0.853749,1.517981,-0.323795,0.211567,1.457495,-0.720729,0.664320,1.431030,-0.038722,0.367081,1.429546,0.043040,0.647457,2.047035,0.132757,0.370826,2.055602,0.315424,0.646302,2.589046,0.859710,0.386125,2.594487,0.926929,0.652466,2.683144,0.903480,0.384669,2.687726,0.976295,0.610460,2.769600,0.405829,0.432502,2.780500,0.414992
37.000000,2.588274,0.505429,0.312999,-0.788165,0.530497,0.247267,-0.742436,0.551194,0.246816,-0.742254,0.567600,0.247992,-0.742382,0.468820,0.257060,-0.746709,0.451506,0.263275,-0.746262,0.439174,0.269651,-0.746609,0.593435,0.285059,-0.438945,0.419630,0.307445,-0.437136,0.548351,0.380864,-0.673438,0.470221,0.389263,-0.671960,0.739995,0.648987,-0.236320,0.311294,0.641951,-0.386198,0.809155,0.998240,-0.134581,0.225157,0.984388,-0.366626,0.884197,1.431511,-0.288666,0.176232,1.383748,-0.661995,0.925186,1.547436,-0.346181,0.139821,1.494249,-0.746247,0.881176,1.563421,-0.401722,0.189768,1.503627,-0.823545,0.856137,1.517886,-0.326201,0.211157,1.463346,-0.706415,0.664929,1.430436,-0.037426,0.369003,1.429633,0.041580,0.652060,2.046162,0.132797,0.379105,2.055676,0.290782,0.656030,2.588769,0.865893,0.398992,2.594860,0.889076,0.662175,2.682243,0.910938,0.397594,2.687909,0.938012,0.624311,2.769573,0.409775,0.444917,2.780451,0.384159
38.000000,2.655121,0.505674,0.312966,-0.847499,0.530610,0.247242,-0.794248,0.551197,0.246770,-0.794195,0.567582,0.247920,-0.794406,0.469077,0.257058,-0.807433,0.451606,0.263280,-0.807060,0.439243,0.269676,-0.807482,0.593279,0.284922,-0.451459,0.419622,0.307505,-0.486692,0.548379,0.380833,-0.716315,0.470380,0.389259,-0.726556,0.740008,0.648983,-0.223467,0.310327,0.642384,-0.420218,0.810062,0.998238,-0.116674,0.221649,0.984396,-0.376191,0.886028,1.426207,-0.297821,0.172072,1.385558,-0.673683,0.927365,1.540900,-0.358844,0.136933,1.495623,-0.761238,0.884729,1.558076,-0.431969,0.186879,1.507366,-0.832833,0.859768,1.511987,-0.345699,0.207232,1.465714,-0.719305,0.663233,1.430460,-0.028885,0.368248,1.429643,0.032934,0.649106,2.046132,0.124370,0.376639,2.055536,0.180889,0.651743,2.589063,0.847349,0.396432,2.594861,0.711612,0.657846,2.682777,0.890068,0.395028,2.687908,0.749394,0.619412,2.769532,0.382377,0.442322,2.779029,0.166772
39.000000,2.721166,0.505945,0.312209,-0.809742,0.530911,0.246841,-0.760241,0.551301,0.246414,-0.760136,0.567636,0.247556,-0.760308,0.469628,0.256569,-0.769332,0.452034,0.262680,-0.768945,0.439435,0.269069,-0.769358,0.593265,0.284372,-0.443312,0.419709,0.306831,-0.466232,0.548463,0.380037,-0.690451,0.470855,0.388130,-0.696335,0.740015,0.648975,-0.225741,0.310205,0.642290,-0.416673,0.809805,0.998247,-0.108717,0.220884,0.985682,-0.362251,0.883265,1.440036,-0.237097,0.172653,1.391480,-0.637915,0.925010,1.554576,-0.286431,0.137644,1.502201,-0.718066,0.881437,1.574198,-0.340229,0.188196,1.514873,-0.791468,0.856163,1.528602,-0.273586,0.208770,1.473478,-0.681409,0.665556,1.430716,-0.030028,0.369242,1.430345,0.034082,0.651654,2.048965,0.125702,0.379284,2.059624,0.202098,0.655117,2.592901,0.875236,0.399329,2.601250,0.780106,0.660858,2.687318,0.923173,0.397631,2.695757,0.830412,0.624568,2.774443,0.436183,0.446214,2.785733,0.284132
40.000000,2.787241,0.505920,0.312218,-0.825099,0.530904,0.246834,-0.775145,0.551287,0.246400,-0.775078,0.567624,0.247536,-0.775307,0.469574,0.256574,-0.783457,0.451950,0.262700,-0.783041,0.439366,0.269114,-0.783451,0.593246,0.284347,-0.448052,0.419590,0.306914,-0.466347,0.548452,0.380012,-0.701357,0.470830,0.388114,-0.705714,0.740038,0.649289,-0.225914,0.310088,0.642293,-0.413231,0.810092,0.999034,-0.116356,0.220317,0.985271,-0.361110,0.883300,1.439922,-0.240167,0.170200,1.391103,-0.655768,0.925035,1.553862,-0.290327,0.133707,1.501606,-0.741870,0.881402,1.573007,-0.354297,0.183518,1.513827,-0.817690,0.856187,1.527815,-0.280325,0.204323,1.472561,-0.701529,0.664801,1.431155,-0.030187,0.368244,1.430643,0.034214,0.651276,2.049059,0.128538,0.378391,2.059659,0.238102,0.654363,2.593238,0.888694,0.398145,2.601223,0.865675,0.660166,2.687919,0.936179,0.396327,2.695658,0.917415,0.623365,2.774873,0.436481,0.445764,2.785708,0.336975
41.000000,2.852560,0.505904,0.312521,-0.821440,0.530876,0.246991,-0.774197,0.551255,0.246492,-0.774156,0.567564,0.247593,-0.774400,0.469554,0.256769,-0.781224,0.451927,0.262896,-0.780796,0.439344,0.269330,-0.781216,0.592996,0.284265,-0.448657,0.419566,0.307005,-0.462261,0.548384,0.380049,-0.698752,0.470832,0.388314,-0.700549,0.740265,0.649294,-0.229669,0.310080,0.642238,-0.403440,0.810134,0.999026,-0.134901,0.220354,0.985258,-0.352558,0.886231,1.438263,-0.297729,0.170026,1.390716,-0.652675,0.928800,1.551226,-0.356331,0.133529,1.501066,-0.739522,0.885613,1.569063,-0.419580,0.183193,1.513146,-0.820850,0.859878,1.524455,-0.338856,0.204160,1.471932,-0.700065,0.664278,1.431504,-0.033125,0.368195,1.430876,0.037155,0.650390,2.049065,0.111067,0.377780,2.059637,0.247428,0.652407,2.593351,0.828339,0.396828,2.601186,0.844293,0.658434,2.687861,0.871745,0.395346,2.695500,0.891666,0.618985,2.775062,0.378199,0.442347,2.785568,0.327835
42.000000,2.919002,0.505831,0.312525,-0.775322,0.530660,0.246990,-0.732571,0.551091,0.246478,-0.732405,0.567444,0.247556,-0.732674,0.469418,0.256832,-0.736219,0.451837,0.263001,-0.735798,0.439254,0.269500,-0.736152,0.592765,0.284144,-0.433591,0.419542,0.307167,-0.432313,0.548369,0.380024,-0.662288,0.470824,0.388345,-0.660636,0.740209,0.649179,-0.230363,0.310133,0.642317,-0.380295,0.808329,0.999257,-0.134986,0.220749,0.985066,-0.326338,0.881894,1.439006,-0.266869,0.169137,1.385132,-0.594444,0.924127,1.552467,-0.318466,0.131387,1.493203,-0.673408,0.879729,1.570472,-0.372672,0.180237,1.507375,-0.755557,0.854491,1.525596,-0.302852,0.201914,1.467427,-0.641806,0.664327,1.431543,-0.033467,0.368825,1.430885,0.037462,0.650742,2.049072,0.117763,0.378625,2.059495,0.233170,0.653287,2.593330,0.834609,0.398111,2.601050,0.779973,0.659535,2.687806,0.879051,0.396497,2.695168,0.822955,0.620133,2.774891,0.411717,0.444488,2.785417,0.273925
43.000000,2.984545,0.505756,0.312540,-0.766543,0.530623,0.246904,-0.725331,0.551057,0.246326,-0.725131,0.567420,0.247327,-0.725368,0.469298,0.256832,-0.726716,0.451698,0.263011,-0.726280,0.439104,0.269518,-0.726610,0.592744,0.283662,-0.434162,0.419350,0.307175,-0.423279,0.548360,0.380061,-0.656612,0.470766,0.388652,-0.651971,0.741072,0.651976,-0.248597,0.309946,0.642732,-0.369111,0.807966,1.002117,-0.171556,0.220799,0.984667,-0.304528,0.880257,1.443566,-0.312667,0.169179,1.385258,-0.579150,0.923108,1.557323,-0.378585,0.131326,1.493199,-0.662222,0.875897,1.573495,-0.427598,0.179654,1.507275,-0.753178,0.850263,1.528610,-0.347465,0.201693,1.467192,-0.631340,0.663646,1.435028,-0.035061,0.366976,1.432895,0.039245,0.648593,2.053853,0.135851,0.371664,2.061331,0.240100,0.648367,2.598530,0.888458,0.387901,2.603441,0.802824,0.655079,2.693939,0.937396,0.386251,2.698162,0.847756,0.612045,2.779948,0.468733,0.434287,2.789672,0.294975
44.000000,3.053817,0.505364,0.312433,-0.775378,0.530273,0.246734,-0.730795,0.550766,0.246113,-0.730623,0.567216,0.247097,-0.730810,0.468989,0.256744,-0.735729,0.451462,0.262942,-0.735320,0.438877,0.269439,-0.735706,0.592626,0.283533,-0.434865,0.419205,0.307125,-0.430186,0.548172,0.380009,-0.660863,0.470459,0.388604,-0.660463,0.741421,0.653067,-0.235347,0.309905,0.642421,-0.390541,0.808039,1.002418,-0.150633,0.220968,0.984818,-0.353204,0.880332,1.443402,-0.313166,0.169923,1.385216,-0.657837,0.923154,1.557307,-0.378707,0.132969,1.493685,-0.749273,0.876057,1.573323,-0.428015,0.182645,1.507238,-0.831227,0.850436,1.528275,-0.348342,0.203904,1.466979,-0.705754,0.663634,1.435800,-0.031382,0.366681,1.433358,0.035668,0.647963,2.055377,0.133833,0.369952,2.062882,0.242995,0.647500,2.601383,0.878840,0.386909,2.605720,0.813984,0.654154,2.697439,0.925510,0.385213,2.700722,0.859253,0.611384,2.782455,0.437190,0.433920,2.791515,0.297247
45.000000,3.122435,0.505243,0.311836,-0.795904,0.530160,0.246304,-0.748469,0.550655,0.245632,-0.748320,0.567132,0.246598,-0.748462,0.468851,0.256533,-0.756140,0.451329,0.262813,-0.755748,0.438648,0.269371,-0.756119,0.592609,0.283351,-0.438119,0.418951,0.307117,-0.444794,0.548146,0.379832,-0.676081,0.470388,0.388524,-0.679154,0.742059,0.653059,-0.235319,0.309856,0.642641,-0.400944,0.808101,1.003182,-0.143577,0.221017,0.984965,-0.368175,0.880547,1.443100,-0.309378,0.170689,1.385172,-0.677577,0.923202,1.556989,-0.372747,0.134046,1.493596,-0.767430,0.876365,1.573028,-0.425885,0.183550,1.507011,-0.849721,0.851021,1.527997,-0.346035,0.204653,1.466635,-0.725038,0.663537,1.435792,-0.031088,0.366530,1.433466,0.035349,0.647264,2.055287,0.129229,0.369584,2.062933,0.245972,0.646042,2.601364,0.861708,0.386006,2.606258,0.821572,0.652476,2.697198,0.906681,0.384095,2.701251,0.867420,0.610351,2.783001,0.415968,0.433125,2.791764,0.305293
46.000000,3.199908,0.504949,0.311992,-0.759448,0.529962,0.246398,-0.716556,0.550519,0.245706,-0.716349,0.567047,0.246678,-0.716510,0.468590,0.256622,-0.719818,0.451065,0.262932,-0.719348,0.438388,0.269496,-0.719652,0.592561,0.283418,-0.425007,0.418567,0.307175,-0.417724,0.547892,0.379864,-0.648459,0.469957,0.388594,-0.646205,0.741666,0.653107,-0.235421,0.309822,0.642612,-0.372297,0.806836,1.002987,-0.156805,0.222499,0.985107,-0.328502,0.879325,1.442641,-0.317809,0.172350,1.384745,-0.619870,0.922313,1.556383,-0.383750,0.135710,1.493030,-0.705161,0.874447,1.571148,-0.434787,0.184681,1.505119,-0.791190,0.848919,1.526548,-0.353724,0.206097,1.465048,-0.669888,0.661765,1.435897,-0.031507,0.364798,1.433482,0.035856,0.645499,2.055392,0.120587,0.367763,2.062875,0.216870,0.644389,2.601417,0.826979,0.384510,2.606020,0.729840,0.650945,2.697038,0.868910,0.382650,2.700611,0.768975,0.608756,2.782748,0.388925,0.431550,2.791081,0.222663
47.000000,3.267605,0.504960,0.311980,-0.801812,0.529952,0.246349,-0.753697,0.550486,0.245632,-0.753452,0.566990,0.246580,-0.753594,0.468598,0.256618,-0.761484,0.451050,0.262941,-0.761115,0.438376,0.269548,-0.761447,0.592409,0.283319,-0.437460,0.418406,0.307325,-0.448221,0.547882,0.379857,-0.682212,0.470038,0.388605,-0.685264,0.741724,0.652859,-0.235606,0.310199,0.642919,-0.402124,0.806754,1.001876,-0.134139,0.223764,0.985180,-0.373125,0.880674,1.440039,-0.291632,0.172504,1.384716,-0.678308,0.923401,1.552584,-0.348948,0.135717,1.492925,-0.766335,0.878700,1.567764,-0.407285,0.184418,1.504914,-0.848426,0.853309,1.523965,-0.329761,0.206000,1.464971,-0.725397,0.662872,1.435136,-0.031312,0.366278,1.433529,0.035572,0.648261,2.053705,0.128346,0.373392,2.062732,0.256566,0.648885,2.600540,0.851740,0.390597,2.605974,0.870311,0.654906,2.694560,0.894796,0.388102,2.699936,0.920589,0.616596,2.782228,0.397144,0.439885,2.790814,0.346124
48.000000,3.337493,0.504887,0.311979,-0.835188,0.529936,0.246203,-0.785429,0.550463,0.245406,-0.785257,0.566972,0.246288,-0.785421,0.468571,0.256617,-0.792642,0.450996,0.262961,-0.792218,0.438319,0.269593,-0.792551,0.592366,0.282887,-0.454543,0.418288,0.307379,-0.463842,0.547829,0.379839,-0.709759,0.469993,0.388659,-0.712104,0.742089,0.653919,-0.236447,0.310120,0.643306,-0.411089,0.807811,1.000970,-0.136889,0.223714,0.985202,-0.373411,0.886078,1.438779,-0.332988,0.175164,1.384676,-0.683932,0.930133,1.550853,-0.399979,0.139437,1.492923,-0.774950,0.885483,1.566361,-0.459148,0.188921,1.505040,-0.859420,0.859990,1.522201,-0.373947,0.209316,1.464919,-0.732330,0.663502,1.436563,-0.031375,0.366345,1.435936,0.035664,0.649709,2.055852,0.135584,0.373772,2.066587,0.277482,0.651877,2.602978,0.895585,0.392034,2.610552,0.908301,0.658388,2.698593,0.942466,0.389670,2.705981,0.959343,0.619343,2.784796,0.429964,0.442004,2.795226,0.379283
49.000000,3.407423,0.504591,0.312003,-0.829432,0.529871,0.246195,-0.780869,0.550421,0.245395,-0.780700,0.566930,0.246276,-0.780861,0.468315,0.256637,-0.787582,0.450715,0.262998,-0.787165,0.437941,0.269643,-0.787501,0.592342,0.282869,-0.457515,0.417897,0.307510,-0.461146,0.547459,0.379852,-0.706152,0.469451,0.388693,-0.708215,0.742081,0.653863,-0.243206,0.310114,0.642826,-0.407518,0.807807,1.000286,-0.157875,0.223723,0.985177,-0.393400,0.886597,1.437601,-0.352467,0.175010,1.381005,-0.771703,0.930692,1.549729,-0.420896,0.139092,1.490728,-0.873341,0.885948,1.564734,-0.478316,0.188896,1.500744,-0.953859,0.860383,1.520582,-0.392365,0.209307,1.460337,-0.821340,0.663690,1.436557,-0.032147,0.366227,1.435864,0.036500,0.649487,2.055795,0.137975,0.371475,2.066533,0.307836,0.651469,2.602919,0.896345,0.390165,2.610460,0.951519,0.657982,2.698435,0.942757,0.388355,2.705781,1.003407,0.618140,2.784703,0.429880,0.440254,2.795002,0.425881
50.000000,3.475246,0.504176,0.312259,-0.815799,0.529668,0.246299,-0.769947,0.550293,0.245477,-0.769739,0.566850,0.246378,-0.769927,0.467972,0.256767,-0.774784,0.450408,0.263162,-0.774375,0.437597,0.269856,-0.774733,0.592330,0.283084,-0.455507,0.417658,0.307609,-0.454058,0.547205,0.380014,-0.696517,0.468946,0.388950,-0.696147,0.742084,0.653843,-0.242846,0.310053,0.643207,-0.405846,0.807949,0.998609,-0.157483,0.223613,0.985291,-0.389256,0.889328,1.437075,-0.348289,0.175046,1.381062,-0.742756,0.934459,1.548507,-0.413356,0.139177,1.490791,-0.839381,0.890665,1.563801,-0.470612,0.188867,1.500734,-0.924115,0.864779,1.519855,-0.388052,0.209300,1.460333,-0.792588,0.665311,1.436835,-0.032143,0.367170,1.437036,0.036496,0.654397,2.055751,0.138126,0.374987,2.067660,0.328465,0.659793,2.603141,0.894061,0.394713,2.612195,0.980985,0.666741,2.698932,0.940287,0.392832,2.707879,1.034602,0.626794,2.785687,0.429921,0.445235,2.797344,0.468189
51.000000,3.543804,0.504278,0.312371,-0.815034,0.529688,0.246468,-0.769570,0.550280,0.245710,-0.769409,0.566829,0.246650,-0.769624,0.468052,0.256794,-0.773214,0.450432,0.263172,-0.772755,0.437599,0.269866,-0.773059,0.592346,0.283327,-0.455457,0.417627,0.307698,-0.450723,0.547188,0.380076,-0.696239,0.469030,0.389076,-0.694346,0.742364,0.653859,-0.249382,0.309603,0.643214,-0.391928,0.807787,0.998578,-0.161957,0.223068,0.985268,-0.364221,0.889252,1.436893,-0.345754,0.174097,1.379452,-0.713743,0.934304,1.547895,-0.412299,0.137857,1.488460,-0.809872,0.890585,1.562727,-0.468085,0.187173,1.497397,-0.904376,0.864583,1.519087,-0.384997,0.207900,1.457577,-0.769646,0.665313,1.438117,-0.032742,0.365722,1.438076,0.037230,0.652525,2.057137,0.151863,0.368431,2.068297,0.324162,0.655434,2.604516,0.927270,0.386221,2.612831,0.963833,0.661481,2.701230,0.975698,0.384786,2.708896,1.015895,0.622980,2.786368,0.469687,0.435874,2.797655,0.455376
52.000000,3.614375,0.504475,0.312717,-0.822013,0.529686,0.246801,-0.773475,0.550269,0.246037,-0.773337,0.566742,0.246927,-0.773540,0.468166,0.257000,-0.780130,0.450471,0.263346,-0.779680,0.437641,0.270023,-0.780046,0.592154,0.283322,-0.451286,0.417714,0.307823,-0.452744,0.547169,0.380083,-0.697711,0.469225,0.389147,-0.699065,0.742369,0.653958,-0.221685,0.309583,0.642984,-0.397111,0.807011,1.001077,-0.121023,0.223029,0.985739,-0.364336,0.884884,1.441050,-0.332079,0.174212,1.380151,-0.711990,0.928019,1.555763,-0.399362,0.138211,1.489940,-0.808476,0.883924,1.571203,-0.459341,0.187589,1.501079,-0.897864,0.859196,1.524768,-0.373596,0.208037,1.460001,-0.768231,0.664242,1.438860,-0.030226,0.364500,1.438139,0.034682,0.648347,2.058354,0.145699,0.364811,2.068715,0.301511,0.645495,2.607101,0.921612,0.378975,2.614380,0.941199,0.651303,2.704095,0.968226,0.376512,2.710666,0.990258,0.610539,2.789049,0.437402,0.428254,2.799106,0.386938
53.000000,3.683579,0.504515,0.313018,-0.803525,0.529727,0.247111,-0.756892,0.550273,0.246430,-0.756742,0.566728,0.247371,-0.756885,0.468181,0.257204,-0.762331,0.450467,0.263543,-0.761864,0.437630,0.270284,-0.762260,0.592168,0.283721,-0.444317,0.417699,0.308035,-0.443695,0.547158,0.380491,-0.683953,0.469217,0.389805,-0.684156,0.742504,0.654267,-0.223723,0.309209,0.643165,-0.395863,0.806772,1.000934,-0.129548,0.222581,0.985572,-0.364352,0.884942,1.442455,-0.335907,0.173703,1.380568,-0.708890,0.928117,1.556738,-0.402316,0.137725,1.490621,-0.803537,0.883924,1.571657,-0.459719,0.187152,1.501217,-0.888169,0.859170,1.525545,-0.376322,0.207705,1.460154,-0.763016,0.664685,1.440630,-0.030391,0.364423,1.439958,0.034886,0.648333,2.059659,0.136409,0.363677,2.069977,0.300269,0.645538,2.608310,0.890038,0.378996,2.614702,0.934226,0.651365,2.705471,0.935416,0.376804,2.710827,0.983479,0.610584,2.790898,0.422011,0.428264,2.799759,0.384842
54.000000,3.751704,0.504841,0.312978,-0.789001,0.529777,0.246987,-0.742748,0.550265,0.246287,-0.742503,0.566716,0.247192,-0.742622,0.468332,0.257167,-0.747222,0.450522,0.263518,-0.746771,0.437657,0.270263,-0.747114,0.592023,0.283213,-0.434725,0.417704,0.307991,-0.432246,0.547160,0.380391,-0.672456,0.469424,0.389768,-0.671549,0.742325,0.654538,-0.225047,0.309202,0.642790,-0.390959,0.804707,1.003063,-0.130889,0.222903,0.987310,-0.364175,0.880345,1.445282,-0.330323,0.173703,1.380888,-0.705641,0.923024,1.560091,-0.395486,0.137461,1.490974,-0.799348,0.878685,1.574587,-0.451994,0.186608,1.501448,-0.883372,0.853885,1.528944,-0.369494,0.207470,1.460567,-0.759216,0.664010,1.440823,-0.030418,0.363440,1.439944,0.034915,0.645627,2.060226,0.142136,0.362451,2.069967,0.302170,0.640957,2.609251,0.901107,0.376074,2.614833,0.931892,0.646303,2.705826,0.947576,0.373187,2.710711,0.982320,0.606874,2.791409,0.440865,0.425436,2.800151,0.400724
55.000000,3.834232,0.505507,0.312977,-0.805988,0.530173,0.247045,-0.758726,0.550375,0.246384,-0.758498,0.566718,0.247306,-0.758623,0.468973,0.257172,-0.763535,0.450896,0.263508,-0.763111,0.437867,0.270258,-0.763452,0.591977,0.283347,-0.442296,0.417900,0.307999,-0.442878,0.547199,0.380383,-0.685722,0.469974,0.389747,-0.685726,0.742328,0.655010,-0.236669,0.309036,0.642711,-0.391777,0.805362,1.002658,-0.173207,0.221201,0.987239,-0.388681,0.880382,1.443911,-0.412397,0.173946,1.374405,-0.770081,0.923114,1.557948,-0.491264,0.138730,1.484270,-0.872131,0.878761,1.571787,-0.551687,0.188344,1.492978,-0.952125,0.853932,1.526317,-0.454426,0.208352,1.452136,-0.820312,0.663966,1.440822,-0.030579,0.363392,1.439985,0.035129,0.645634,2.059653,0.143107,0.361548,2.069681,0.300704,0.641422,2.608560,0.900688,0.376152,2.614349,0.926720,0.646806,2.705523,0.947467,0.373573,2.710644,0.976807,0.607040,2.791082,0.441843,0.424738,2.798985,0.400930
56.000000,3.900551,0.505444,0.312683,-0.799705,0.530044,0.246788,-0.754068,0.550244,0.246112,-0.753818,0.566640,0.247031,-0.753950,0.468941,0.257052,-0.758027,0.450857,0.263438,-0.757601,0.437844,0.270205,-0.757925,0.591973,0.283153,-0.442127,0.417842,0.308013,-0.440849,0.547160,0.380296,-0.681881,0.469875,0.389668,-0.680863,0.742694,0.655016,-0.236302,0.309199,0.642580,-0.391012,0.805369,1.002633,-0.147112,0.220845,0.987205,-0.370755,0.885239,1.443807,-0.300214,0.172338,1.374542,-0.681638,0.929704,1.557233,-0.357118,0.136745,1.484338,-0.768375,0.885732,1.571557,-0.413647,0.186239,1.493107,-0.850579,0.859781,1.526225,-0.338247,0.206595,1.452325,-0.730192,0.663747,1.440876,-0.030633,0.363089,1.439957,0.035170,0.645013,2.060005,0.138681,0.361104,2.069754,0.282099,0.641440,2.609584,0.876667,0.376180,2.615047,0.873065,0.646954,2.706416,0.921150,0.373666,2.711018,0.919512,0.607171,2.791527,0.422024,0.424958,2.799908,0.351077
57.000000,3.971172,0.505859,0.312603,-0.817641,0.530447,0.246655,-0.771058,0.550458,0.245997,-0.770861,0.566776,0.246914,-0.770985,0.469329,0.256961,-0.774495,0.451043,0.263373,-0.774114,0.437914,0.270184,-0.774493,0.592021,0.283072,-0.450536,0.417840,0.307977,-0.446616,0.547369,0.380276,-0.696439,0.470059,0.389667,-0.694806,0.742705,0.653488,-0.247874,0.309194,0.642393,-0.391038,0.805518,1.002683,-0.190349,0.222733,0.986289,-0.470304,0.885169,1.441419,-0.412370,0.172525,1.369489,-0.983377,0.929331,1.555498,-0.487240,0.136545,1.478512,-1.104995,0.885566,1.567602,-0.547018,0.185879,1.481554,-1.180419,0.859618,1.523015,-0.452757,0.206593,1.442118,-1.034624,0.665631,1.440008,-0.032899,0.364230,1.439430,0.037380,0.646723,2.057779,0.157021,0.362398,2.068346,0.349401,0.643401,2.606295,0.927026,0.377536,2.611167,1.034726,0.648858,2.701677,0.974407,0.374977,2.704701,1.091926,0.609044,2.788797,0.457016,0.428388,2.798040,0.511287
58.000000,4.037402,0.505860,0.312452,-0.807725,0.530477,0.246529,-0.761987,0.550476,0.245842,-0.761757,0.566778,0.246734,-0.761835,0.469335,0.256936,-0.763785,0.451041,0.263357,-0.763350,0.437906,0.270167,-0.763697,0.592121,0.282994,-0.448166,0.417817,0.307961,-0.437551,0.547356,0.380163,-0.689555,0.470030,0.389621,-0.685727,0.742952,0.654799,-0.250778,0.308993,0.642320,-0.384465,0.805799,1.003923,-0.195698,0.222302,0.985921,-0.451540,0.880519,1.447264,-0.401110,0.171808,1.369687,-0.900739,0.921990,1.564613,-0.474198,0.134965,1.478549,-1.002138,0.873326,1.576810,-0.528873,0.184357,1.482151,-1.081432,0.849129,1.530570,-0.439552,0.205522,1.442689,-0.948650,0.665371,1.441468,-0.034898,0.363658,1.439964,0.039485,0.643450,2.059593,0.156628,0.358994,2.068918,0.336737,0.636970,2.607465,0.923657,0.371337,2.611810,0.987877,0.642261,2.703068,0.970135,0.369191,2.705670,1.041002,0.600026,2.790650,0.454161,0.419206,2.799555,0.467393
59.000000,4.104358,0.505859,0.313633,-0.838511,0.530505,0.247460,-0.790350,0.550518,0.246718,-0.790169,0.566800,0.247538,-0.790283,0.469337,0.257903,-0.794392,0.451031,0.264352,-0.793972,0.437902,0.271180,-0.794323,0.592193,0.283499,-0.459780,0.417789,0.308939,-0.456350,0.547351,0.380694,-0.712914,0.470007,0.390661,-0.711890,0.742885,0.654415,-0.251160,0.309074,0.641694,-0.392870,0.806600,1.005286,-0.190843,0.222351,0.985921,-0.446132,0.882049,1.447400,-0.393689,0.171341,1.369807,-0.877839,0.923616,1.564986,-0.465432,0.134557,1.479136,-0.986695,0.875272,1.578313,-0.524370,0.184271,1.483608,-1.067155,0.851002,1.531962,-0.433638,0.205303,1.443826,-0.928110,0.665127,1.441982,-0.035047,0.363656,1.440242,0.039627,0.643377,2.059984,0.155935,0.359082,2.069725,0.344649,0.637321,2.608294,0.925365,0.371672,2.613162,1.016482,0.642680,2.704070,0.972689,0.369445,2.707023,1.071171,0.600629,2.791308,0.452788,0.419595,2.800953,0.483359
60.000000,4.184784,0.506041,0.313728,-0.792689,0.530727,0.247594,-0.746332,0.550663,0.246886,-0.746140,0.566902,0.247698,-0.746345,0.469644,0.257922,-0.753286,0.451148,0.264356,-0.752974,0.438001,0.271180,-0.753348,0.592267,0.283529,-0.433936,0.417782,0.308941,-0.442532,0.547424,0.380746,-0.674490,0.470091,0.390698,-0.676968,0.742766,0.654276,-0.234317,0.308787,0.641655,-0.391901,0.806383,1.005309,-0.159628,0.222693,0.987924,-0.393965,0.881869,1.447236,-0.351057,0.172189,1.375590,-0.712529,0.923614,1.564568,-0.417216,0.135351,1.486081,-0.802994,0.875259,1.577972,-0.477012,0.185081,1.493677,-0.886255,0.850884,1.531723,-0.390803,0.206227,1.452831,-0.760476,0.662360,1.442733,-0.032955,0.362652,1.440291,0.037435,0.641070,2.061783,0.135718,0.358384,2.070024,0.248987,0.634606,2.611732,0.859041,0.370675,2.614071,0.793881,0.639963,2.707260,0.903258,0.368267,2.707700,0.835678,0.598214,2.793443,0.417029,0.418423,2.801770,0.281170
61.000000,4.250534,0.506528,0.313734,-0.792391,0.531139,0.247750,-0.746287,0.550885,0.247103,-0.746092,0.567019,0.247904,-0.746278,0.470652,0.257924,-0.752514,0.451936,0.264333,-0.752180,0.438464,0.271161,-0.752548,0.592288,0.283586,-0.434744,0.418312,0.308843,-0.441991,0.547524,0.380751,-0.674655,0.470644,0.390671,-0.676346,0.742873,0.654542,-0.236239,0.308751,0.641590,-0.391858,0.806521,1.005151,-0.162917,0.222468,0.987913,-0.388207,0.883012,1.447124,-0.353563,0.170797,1.375870,-0.708659,0.925635,1.563534,-0.419425,0.133892,1.486176,-0.800266,0.878233,1.577505,-0.478559,0.183639,1.493999,-0.882040,0.853121,1.531535,-0.393318,0.204783,1.453249,-0.757039,0.662285,1.443142,-0.033383,0.362634,1.440584,0.037845,0.640768,2.062196,0.135819,0.358110,2.070545,0.255328,0.634930,2.612024,0.860652,0.370959,2.614718,0.832450,0.640330,2.707620,0.903842,0.368562,2.708361,0.878193,0.598578,2.793504,0.424218,0.418748,2.802189,0.304485
62.000000,4.317230,0.507044,0.314076,-0.768211,0.532092,0.247831,-0.724010,0.551626,0.247202,-0.723799,0.567578,0.247974,-0.724043,0.471461,0.258010,-0.730442,0.452317,0.264405,-0.730042,0.438643,0.271246,-0.730430,0.592813,0.283589,-0.423132,0.418403,0.308847,-0.430952,0.547622,0.380932,-0.653720,0.470911,0.391038,-0.655697,0.743037,0.654540,-0.222361,0.308691,0.640393,-0.388777,0.805854,1.005128,-0.114156,0.222573,0.987900,-0.351193,0.883049,1.451241,-0.243900,0.171690,1.378038,-0.630273,0.925687,1.567091,-0.295515,0.135050,1.488765,-0.713600,0.878393,1.581243,-0.349751,0.185003,1.497351,-0.794295,0.853242,1.535055,-0.280556,0.206477,1.456271,-0.676666,0.662262,1.443165,-0.032752,0.362624,1.440277,0.037147,0.640784,2.062301,0.115393,0.358711,2.070301,0.210405,0.635126,2.612662,0.824859,0.371099,2.614718,0.738626,0.640559,2.707910,0.866405,0.368791,2.708311,0.778916,0.598922,2.793845,0.381810,0.419010,2.802097,0.221241
63.000000,4.387721,0.507060,0.314099,-0.762788,0.532239,0.247895,-0.719592,0.551708,0.247341,-0.719339,0.567657,0.248208,-0.719534,0.471669,0.257997,-0.724147,0.452462,0.264347,-0.723730,0.438728,0.271165,-0.724062,0.593032,0.283858,-0.421038,0.418495,0.308415,-0.422182,0.547552,0.381045,-0.649375,0.470879,0.391040,-0.649065,0.743039,0.654420,-0.222987,0.308624,0.639316,-0.377997,0.805801,1.005767,-0.114888,0.222763,0.986830,-0.341519,0.882725,1.448205,-0.267933,0.171686,1.377668,-0.644193,0.925559,1.563298,-0.319162,0.135014,1.488545,-0.733293,0.877914,1.576295,-0.374649,0.184990,1.497188,-0.818751,0.852575,1.530881,-0.305743,0.206476,1.456158,-0.693982,0.660577,1.443160,-0.032785,0.361480,1.439325,0.037191,0.637214,2.062571,0.113714,0.355536,2.069996,0.218237,0.628786,2.613585,0.822618,0.364803,2.614701,0.755748,0.633906,2.708690,0.864627,0.362540,2.708173,0.796541,0.591449,2.793900,0.375125,0.409458,2.802017,0.235091
64.000000,4.453203,0.507754,0.314412,-0.773723,0.532469,0.248410,-0.730258,0.551804,0.247856,-0.730029,0.567660,0.248661,-0.730259,0.472356,0.258253,-0.737390,0.452897,0.264502,-0.737049,0.438984,0.271303,-0.737376,0.592965,0.283932,-0.425158,0.418695,0.308423,-0.436028,0.547636,0.381096,-0.656897,0.471589,0.391093,-0.659898,0.743012,0.653614,-0.224693,0.308533,0.639311,-0.383603,0.806062,1.005438,-0.123127,0.222747,0.986821,-0.347402,0.883066,1.444316,-0.287704,0.172886,1.377879,-0.650554,0.925887,1.558337,-0.345969,0.137075,1.488560,-0.739271,0.879048,1.572068,-0.402080,0.186612,1.497353,-0.823485,0.853681,1.527079,-0.326081,0.207671,1.456409,-0.698785,0.660651,1.442853,-0.032796,0.362686,1.439289,0.037186,0.638271,2.062225,0.114607,0.358822,2.069972,0.227367,0.632091,2.613480,0.833891,0.371225,2.614767,0.781258,0.637434,2.708401,0.877112,0.369316,2.708174,0.824369,0.596009,2.793798,0.381661,0.416187,2.801999,0.263050
65.000000,4.520174,0.507759,0.314053,-0.799692,0.532639,0.247748,-0.752051,0.551993,0.247044,-0.751886,0.567851,0.247665,-0.752062,0.472357,0.257931,-0.759828,0.452872,0.264179,-0.759477,0.438978,0.270914,-0.759833,0.593071,0.282718,-0.429687,0.418684,0.307979,-0.442442,0.547644,0.380851,-0.675746,0.471594,0.390728,-0.679451,0.743704,0.654637,-0.224746,0.308501,0.639304,-0.395010,0.805821,1.009833,-0.126603,0.223345,0.987163,-0.384784,0.881504,1.451181,-0.295535,0.175062,1.383799,-0.747978,0.923078,1.568595,-0.353797,0.139363,1.496103,-0.849882,0.876623,1.583191,-0.416973,0.190141,1.506612,-0.925692,0.852047,1.535920,-0.336726,0.210716,1.464365,-0.794138,0.660768,1.445351,-0.032922,0.362690,1.442194,0.037318,0.639042,2.066225,0.117447,0.360261,2.076210,0.278277,0.633532,2.618176,0.869157,0.373731,2.622445,0.903099,0.638889,2.714054,0.916650,0.371980,2.717140,0.953886,0.597431,2.800673,0.410658,0.419025,2.810439,0.378306
66.000000,4.587788,0.507807,0.314075,-0.822091,0.532772,0.247788,-0.772999,0.552113,0.247102,-0.772861,0.567935,0.247725,-0.773035,0.472413,0.257935,-0.782050,0.452892,0.264180,-0.781710,0.438990,0.270923,-0.782116,0.593184,0.282775,-0.441334,0.418715,0.307972,-0.459612,0.547676,0.380942,-0.695240,0.471631,0.390737,-0.700395,0.743823,0.654652,-0.225601,0.308562,0.639516,-0.406437,0.806007,1.010744,-0.129418,0.224787,0.987751,-0.412624,0.878924,1.452189,-0.312941,0.176406,1.385127,-0.799370,0.918617,1.570805,-0.377424,0.140821,1.497859,-0.904721,0.872390,1.585022,-0.440575,0.191433,1.507714,-0.984002,0.848598,1.537372,-0.354594,0.212048,1.465274,-0.847212,0.661781,1.445514,-0.032170,0.363112,1.442829,0.036528,0.642343,2.066228,0.129777,0.361548,2.076488,0.293033,0.638934,2.618163,0.893941,0.376739,2.622578,0.934121,0.644594,2.714005,0.941487,0.375005,2.717174,0.985957,0.603506,2.800986,0.428231,0.424236,2.810560,0.406395
67.000000,4.655352,0.507867,0.314282,-0.826699,0.533044,0.247892,-0.778190,0.552408,0.247243,-0.777998,0.568364,0.247857,-0.778073,0.472498,0.257950,-0.785562,0.452914,0.264183,-0.785184,0.439015,0.270927,-0.785533,0.593604,0.282814,-0.448536,0.418717,0.307935,-0.461435,0.547824,0.381364,-0.701696,0.471634,0.391020,-0.704775,0.743626,0.656100,-0.238587,0.307909,0.639515,-0.408011,0.805600,1.010529,-0.167751,0.225302,0.987983,-0.428716,0.874718,1.454236,-0.386133,0.176401,1.386321,-0.836252,0.914913,1.572377,-0.462418,0.140727,1.499060,-0.945489,0.867648,1.585890,-0.521792,0.191420,1.508209,-1.023810,0.843345,1.538837,-0.427305,0.212194,1.465928,-0.885375,0.659360,1.446172,-0.033131,0.359810,1.442907,0.037570,0.635827,2.067060,0.142133,0.355378,2.076443,0.317301,0.627632,2.618668,0.912768,0.365248,2.622514,0.973261,0.632337,2.714284,0.961104,0.363225,2.717074,1.027191,0.589758,2.801415,0.449573,0.409519,2.810356,0.449285
68.000000,4.723438,0.508123,0.314700,-0.832679,0.533168,0.248242,-0.784373,0.552480,0.247597,-0.784220,0.568371,0.248168,-0.784371,0.472904,0.258217,-0.791666,0.453219,0.264437,-0.791276,0.439184,0.271248,-0.791635,0.593530,0.282876,-0.451120,0.418853,0.308225,-0.463129,0.547846,0.381542,-0.705887,0.472046,0.391292,-0.708830,0.743535,0.655304,-0.237930,0.308272,0.639242,-0.407344,0.805477,1.011184,-0.145975,0.224555,0.986601,-0.426615,0.874810,1.453407,-0.344220,0.175080,1.384110,-0.808739,0.915112,1.572005,-0.408961,0.139039,1.496340,-0.912336,0.867975,1.585779,-0.473622,0.189708,1.506130,-0.991491,0.843577,1.538577,-0.385930,0.210481,1.464002,-0.857738,0.659287,1.445947,-0.034456,0.359939,1.442461,0.038789,0.635965,2.066737,0.138363,0.356617,2.075921,0.311930,0.628049,2.618398,0.905352,0.366447,2.622232,0.950487,0.632856,2.713693,0.952707,0.364436,2.716498,1.002208,0.590408,2.801008,0.432674,0.410509,2.809894,0.443577
69.000000,4.790239,0.508289,0.315535,-0.836484,0.533303,0.248934,-0.788483,0.552565,0.248220,-0.788352,0.568380,0.248693,-0.788545,0.473166,0.259007,-0.794893,0.453361,0.265294,-0.794511,0.439266,0.272144,-0.794893,0.593506,0.283085,-0.454433,0.418935,0.308768,-0.463349,0.547864,0.381937,-0.709050,0.472252,0.392012,-0.711158,0.743544,0.655302,-0.236996,0.308594,0.638699,-0.406324,0.805331,1.011241,-0.144237,0.224609,0.985474,-0.429799,0.874854,1.453014,-0.342963,0.175218,1.380019,-0.855700,0.915234,1.571907,-0.407839,0.139040,1.491877,-0.966670,0.868334,1.585567,-0.473041,0.189714,1.501029,-1.046891,0.844067,1.538024,-0.384825,0.210516,1.458981,-0.906154,0.659330,1.445938,-0.034375,0.359966,1.442299,0.038694,0.636716,2.066609,0.146378,0.356777,2.075444,0.307238,0.629059,2.618204,0.915412,0.366704,2.621891,0.938332,0.633845,2.713641,0.962154,0.364620,2.716315,0.988875,0.591562,2.800630,0.439452,0.412323,2.809457,0.420528
70.000000,4.857070,0.508557,0.315726,-0.833700,0.533518,0.249011,-0.785932,0.552719,0.248292,-0.785793,0.568462,0.248737,-0.785978,0.473538,0.259075,-0.792660,0.453618,0.265373,-0.792291,0.439419,0.272270,-0.792680,0.593514,0.283096,-0.454281,0.419057,0.308860,-0.464571,0.548050,0.382216,-0.707333,0.472757,0.392294,-0.709468,0.743781,0.655186,-0.228767,0.308707,0.640271,-0.409242,0.806346,1.009807,-0.135598,0.225190,0.987225,-0.433878,0.878469,1.452519,-0.341769,0.178330,1.383371,-0.835134,0.919524,1.571459,-0.405815,0.143909,1.496142,-0.940512,0.874659,1.585491,-0.471454,0.195008,1.504620,-1.017720,0.849983,1.537958,-0.383864,0.215037,1.462031,-0.882530,0.661255,1.446198,-0.034192,0.362628,1.443946,0.038471,0.642630,2.066558,0.140747,0.362274,2.076552,0.308336,0.640685,2.618164,0.893288,0.378607,2.622434,0.941705,0.646087,2.713595,0.939119,0.377378,2.716630,0.992960,0.606067,2.800642,0.423981,0.426674,2.809584,0.423402
71.000000,4.929508,0.509458,0.316140,-0.834343,0.534325,0.249139,-0.786513,0.553296,0.248404,-0.786371,0.568871,0.248795,-0.786541,0.474328,0.259218,-0.794105,0.454159,0.265500,-0.793721,0.439703,0.272407,-0.794102,0.593531,0.283106,-0.456000,0.419297,0.308900,-0.469145,0.548389,0.382316,-0.708217,0.473493,0.392534,-0.711352,0.743677,0.653562,-0.227134,0.309122,0.639638,-0.413847,0.807529,1.009300,-0.104603,0.225195,0.988113,-0.424040,0.891942,1.450827,-0.269919,0.176925,1.393215,-0.756522,0.936643,1.567716,-0.321989,0.141795,1.506039,-0.849179,0.894445,1.584574,-0.386128,0.192729,1.517384,-0.930041,0.867478,1.537731,-0.310810,0.213141,1.475010,-0.803030,0.664720,1.445612,-0.034039,0.366819,1.444067,0.038313,0.651792,2.065475,0.128882,0.373627,2.076898,0.322359,0.655323,2.617545,0.870144,0.393966,2.623012,0.976008,0.661353,2.712815,0.915011,0.392723,2.717228,1.029403,0.622053,2.800609,0.400161,0.442618,2.809929,0.455582
72.000000,4.995358,0.510166,0.316902,-0.838891,0.535206,0.249436,-0.791494,0.553957,0.248663,-0.791342,0.569262,0.248937,-0.791530,0.474991,0.259629,-0.798682,0.454504,0.265911,-0.798327,0.439836,0.272789,-0.798692,0.593575,0.283085,-0.460576,0.419379,0.308959,-0.471937,0.548648,0.382713,-0.712463,0.473801,0.393193,-0.715148,0.743653,0.653566,-0.236201,0.309042,0.639302,-0.413439,0.808915,1.009279,-0.128623,0.224460,0.988088,-0.427768,0.891639,1.450766,-0.315957,0.176359,1.393192,-0.800437,0.936249,1.567630,-0.381247,0.140824,1.505973,-0.903766,0.894074,1.584434,-0.444822,0.192127,1.517080,-0.985115,0.867162,1.537578,-0.357294,0.212697,1.474870,-0.849064,0.663967,1.445865,-0.035291,0.366347,1.444092,0.039489,0.648078,2.066142,0.152218,0.369189,2.077321,0.339886,0.648051,2.618630,0.933775,0.387033,2.623796,1.009348,0.653503,2.714050,0.983863,0.385680,2.717869,1.064964,0.614229,2.801651,0.471573,0.435351,2.811643,0.485591
73.000000,5.060802,0.510232,0.316917,-0.808446,0.535269,0.249493,-0.763117,0.553990,0.248759,-0.762926,0.569285,0.249055,-0.763030,0.475107,0.259640,-0.769458,0.454571,0.265920,-0.769064,0.439877,0.272799,-0.769397,0.593571,0.283161,-0.447498,0.419388,0.308969,-0.454927,0.548691,0.382751,-0.688295,0.473885,0.393200,-0.689868,0.743694,0.653509,-0.230205,0.309066,0.639041,-0.406378,0.809051,1.007260,-0.129251,0.224391,0.988080,-0.418977,0.895801,1.445814,-0.317102,0.176391,1.392980,-0.780531,0.941956,1.558401,-0.382252,0.140782,1.505861,-0.877945,0.900555,1.574643,-0.445330,0.192059,1.516656,-0.956193,0.872886,1.530262,-0.358245,0.212679,1.474571,-0.828071,0.664224,1.445537,-0.035090,0.366426,1.444093,0.039312,0.648837,2.064740,0.131467,0.370210,2.077014,0.315349,0.649617,2.616909,0.857691,0.388780,2.622662,0.930332,0.655024,2.711911,0.901483,0.387705,2.716500,0.979761,0.616343,2.799416,0.403936,0.436034,2.808642,0.421513
74.000000,5.126035,0.510800,0.317649,-0.830246,0.535591,0.250173,-0.783629,0.554209,0.249434,-0.783381,0.569388,0.249641,-0.783506,0.475510,0.260200,-0.787754,0.454898,0.266408,-0.787314,0.440053,0.273234,-0.787593,0.593575,0.283480,-0.459511,0.419731,0.309234,-0.459731,0.549058,0.383183,-0.706940,0.474559,0.393634,-0.706066,0.743517,0.653534,-0.247156,0.309400,0.639398,-0.404199,0.808879,1.007281,-0.137040,0.224491,0.988546,-0.411369,0.895119,1.445711,-0.318007,0.176259,1.392801,-0.777930,0.940839,1.558210,-0.382946,0.140559,1.505698,-0.877048,0.898859,1.574673,-0.445759,0.191728,1.516262,-0.956485,0.871620,1.530390,-0.359050,0.212348,1.474202,-0.827285,0.662098,1.445582,-0.038215,0.365320,1.443866,0.042515,0.644509,2.065002,0.144221,0.366911,2.076992,0.349775,0.642238,2.617069,0.918342,0.381049,2.622768,1.033221,0.647281,2.711986,0.967356,0.379593,2.716519,1.089785,0.606738,2.799375,0.447905,0.425256,2.808705,0.503543
75.000000,5.194129,0.511238,0.317692,-0.837909,0.536062,0.250193,-0.789444,0.554575,0.249452,-0.789226,0.569679,0.249664,-0.789392,0.475955,0.260212,-0.795399,0.455226,0.266400,-0.795010,0.440207,0.273228,-0.795331,0.593622,0.283468,-0.459238,0.419866,0.309200,-0.463311,0.549394,0.383287,-0.711231,0.474927,0.393657,-0.712493,0.743254,0.653513,-0.246897,0.309011,0.639703,-0.406795,0.808579,1.008907,-0.141004,0.224904,0.989345,-0.456023,0.883506,1.452726,-0.355699,0.176520,1.393347,-0.911795,0.924820,1.569688,-0.427542,0.140564,1.506017,-1.029037,0.881368,1.585061,-0.491871,0.191677,1.516046,-1.105928,0.856361,1.539319,-0.397630,0.212361,1.474148,-0.961273,0.662001,1.446782,-0.038193,0.364993,1.444538,0.042492,0.643685,2.067550,0.164614,0.365856,2.078618,0.355000,0.640547,2.619475,0.971177,0.379589,2.624702,1.046048,0.645363,2.714253,1.023158,0.377380,2.718136,1.103746,0.605828,2.802199,0.504123,0.425252,2.813010,0.513805
76.000000,5.265842,0.511252,0.317500,-0.826140,0.536101,0.250112,-0.777808,0.554614,0.249407,-0.777544,0.569733,0.249621,-0.777683,0.475971,0.259996,-0.783400,0.455245,0.266015,-0.783043,0.440229,0.272838,-0.783324,0.593717,0.283418,-0.455513,0.419863,0.308795,-0.459537,0.549406,0.383313,-0.704133,0.474899,0.393500,-0.705082,0.743263,0.654742,-0.249016,0.308888,0.639936,-0.406817,0.810054,1.014841,-0.154213,0.225093,0.990906,-0.444665,0.885836,1.457422,-0.356688,0.178077,1.399098,-0.831891,0.927776,1.576284,-0.428225,0.141864,1.512655,-0.941928,0.881552,1.592123,-0.490490,0.193404,1.522968,-1.032452,0.856465,1.546398,-0.397593,0.214319,1.481262,-0.885520,0.660823,1.449527,-0.037809,0.363521,1.445252,0.042139,0.638772,2.074004,0.166411,0.360105,2.081287,0.317842,0.630924,2.627231,0.956941,0.369129,2.628114,0.946440,0.635652,2.722609,1.007265,0.366788,2.721149,0.996527,0.594043,2.807578,0.499888,0.413363,2.817914,0.420150
77.000000,5.331844,0.512098,0.317451,-0.822599,0.536394,0.250125,-0.772922,0.554750,0.249422,-0.772677,0.569786,0.249633,-0.772850,0.476820,0.259976,-0.781151,0.456091,0.265939,-0.780824,0.440685,0.272763,-0.781127,0.593585,0.283403,-0.446207,0.420359,0.308688,-0.459970,0.549797,0.383217,-0.699479,0.476470,0.393230,-0.703663,0.743254,0.656281,-0.238530,0.308322,0.640848,-0.410422,0.809898,1.015538,-0.134269,0.224912,0.990910,-0.439102,0.885291,1.458274,-0.334433,0.181524,1.400460,-0.824339,0.927409,1.577002,-0.400563,0.146252,1.513240,-0.930093,0.881522,1.593512,-0.465698,0.196729,1.523352,-1.013010,0.856388,1.547615,-0.375726,0.217344,1.481653,-0.872805,0.660829,1.449519,-0.036610,0.363723,1.445558,0.040810,0.639237,2.073944,0.164180,0.361977,2.081295,0.309439,0.631932,2.626998,0.952722,0.372445,2.628272,0.934775,0.636406,2.722473,1.002164,0.369737,2.721185,0.985234,0.597371,2.807448,0.488288,0.418332,2.817783,0.412642
78.000000,5.398090,0.513022,0.318356,-0.814171,0.537188,0.250464,-0.765138,0.555370,0.249749,-0.764936,0.570360,0.249857,-0.765099,0.477676,0.260193,-0.773748,0.456848,0.266093,-0.773387,0.441065,0.272887,-0.773727,0.593813,0.283429,-0.439704,0.420671,0.308705,-0.456236,0.550433,0.383965,-0.691167,0.477384,0.394032,-0.696124,0.743443,0.656283,-0.224243,0.308306,0.640377,-0.405541,0.809958,1.014540,-0.125196,0.224770,0.989415,-0.436003,0.891203,1.455551,-0.323055,0.179073,1.391788,-0.832116,0.935630,1.571972,-0.385804,0.142475,1.501631,-0.936824,0.892587,1.586929,-0.450259,0.191038,1.508083,-1.019206,0.865658,1.542138,-0.364573,0.212862,1.467639,-0.881842,0.661065,1.448612,-0.033944,0.363725,1.444910,0.038146,0.639719,2.070284,0.136234,0.362198,2.077891,0.271747,0.632109,2.623764,0.856158,0.372567,2.623215,0.862822,0.636527,2.718253,0.897125,0.369930,2.714839,0.908831,0.597495,2.803693,0.386014,0.418468,2.810755,0.335000
79.000000,5.467966,0.513054,0.318369,-0.782334,0.537207,0.250464,-0.736475,0.555393,0.249741,-0.736261,0.570360,0.249843,-0.736446,0.477702,0.260206,-0.743698,0.456877,0.266108,-0.743320,0.441087,0.272910,-0.743671,0.593792,0.283412,-0.427325,0.420910,0.308720,-0.439692,0.550409,0.383986,-0.665400,0.477445,0.394106,-0.668641,0.743440,0.656982,-0.218685,0.308466,0.639146,-0.398446,0.807504,1.016156,-0.112089,0.225007,0.989164,-0.399962,0.885244,1.456876,-0.268496,0.179043,1.390915,-0.732089,0.928131,1.573075,-0.323555,0.142213,1.501092,-0.824598,0.885489,1.587788,-0.383892,0.190807,1.508138,-0.903573,0.859307,1.542667,-0.307362,0.212779,1.467561,-0.779244,0.657851,1.447937,-0.032660,0.360992,1.443198,0.036799,0.636868,2.068605,0.130267,0.360679,2.074488,0.258024,0.629042,2.622811,0.844647,0.369752,2.621001,0.836943,0.632995,2.716931,0.887069,0.367001,2.713116,0.882632,0.594749,2.802489,0.390726,0.414353,2.805656,0.320137
80.000000,5.537734,0.513687,0.318373,-0.872853,0.537581,0.250452,-0.817314,0.555678,0.249721,-0.817184,0.570621,0.249767,-0.817327,0.478154,0.260176,-0.832692,0.457277,0.266051,-0.832434,0.441318,0.272870,-0.832851,0.593807,0.283000,-0.456530,0.421098,0.308626,-0.501833,0.550659,0.383985,-0.735333,0.478373,0.394106,-0.748403,0.743596,0.656545,-0.212201,0.308335,0.640524,-0.452601,0.808369,1.014507,-0.091694,0.226689,0.991480,-0.503623,0.892359,1.452145,-0.278326,0.182494,1.394192,-0.956139,0.936993,1.567545,-0.337964,0.146250,1.504808,-1.074387,0.897084,1.584312,-0.414256,0.195124,1.512441,-1.151251,0.869900,1.539516,-0.325451,0.216479,1.470853,-1.003691,0.662798,1.447918,-0.027632,0.363686,1.444550,0.031735,0.645420,2.068496,0.168316,0.365813,2.076365,0.327534,0.644677,2.622772,0.969131,0.382328,2.622012,1.048902,0.648874,2.716857,1.019420,0.379742,2.714313,1.108148,0.615912,2.802474,0.488979,0.434812,2.806823,0.506445
81.000000,5.605672,0.513615,0.318398,-0.860752,0.537544,0.250497,-0.807818,0.555667,0.249762,-0.807669,0.570581,0.249813,-0.807823,0.478109,0.260200,-0.820412,0.457265,0.266067,-0.820114,0.441340,0.272884,-0.820505,0.593798,0.283034,-0.456928,0.421223,0.308627,-0.493622,0.550608,0.384031,-0.728258,0.478346,0.394120,-0.737935,0.743632,0.657534,-0.223014,0.308398,0.643222,-0.446109,0.808005,1.015558,-0.105002,0.226695,0.992337,-0.448679,0.889154,1.464018,-0.286035,0.183144,1.397845,-0.800832,0.931566,1.584031,-0.348121,0.147414,1.508286,-0.901757,0.887743,1.601397,-0.421225,0.196480,1.517798,-0.983682,0.862548,1.553974,-0.331055,0.217386,1.476174,-0.847846,0.662720,1.449911,-0.028693,0.363756,1.447303,0.032756,0.645772,2.071183,0.165768,0.367509,2.079500,0.312098,0.645415,2.624964,0.951595,0.384530,2.626276,0.964784,0.650068,2.719150,1.000636,0.382000,2.719424,1.017628,0.615377,2.806724,0.485114,0.435781,2.811642,0.436248
82.000000,5.674565,0.514003,0.319130,-0.844666,0.537802,0.251074,-0.793902,0.555851,0.250394,-0.793729,0.570702,0.250441,-0.793883,0.478507,0.260540,-0.804262,0.457661,0.266319,-0.803957,0.441560,0.273052,-0.804315,0.593805,0.283540,-0.453442,0.421422,0.308664,-0.482012,0.550712,0.384554,-0.716614,0.478689,0.394604,-0.723443,0.743732,0.657553,-0.224870,0.308346,0.644285,-0.434832,0.808234,1.014914,-0.134847,0.226971,0.993104,-0.446255,0.888899,1.463496,-0.355456,0.182865,1.398204,-0.837979,0.931436,1.583135,-0.426854,0.146472,1.508260,-0.945630,0.887318,1.600377,-0.491434,0.195035,1.517736,-1.025916,0.861982,1.553141,-0.397980,0.216416,1.476139,-0.886638,0.662706,1.450923,-0.029618,0.363801,1.448733,0.033711,0.645740,2.071652,0.164122,0.367441,2.080854,0.329486,0.645223,2.625286,0.942831,0.384318,2.627327,0.992023,0.649903,2.719731,0.991265,0.381828,2.720569,1.046504,0.614803,2.807369,0.480015,0.435328,2.813641,0.472553
83.000000,5.740032,0.514191,0.319036,-0.840684,0.538063,0.250924,-0.790432,0.556070,0.250290,-0.790219,0.570890,0.250337,-0.790383,0.478661,0.260308,-0.801209,0.457773,0.265949,-0.800967,0.441605,0.272694,-0.801307,0.593916,0.283497,-0.452511,0.421445,0.308349,-0.480385,0.550840,0.384557,-0.713771,0.478757,0.394513,-0.721312,0.743840,0.657609,-0.224969,0.308191,0.643976,-0.431823,0.808372,1.014720,-0.137292,0.227276,0.993270,-0.459923,0.888971,1.457662,-0.365515,0.182858,1.396760,-0.883999,0.931912,1.574769,-0.438818,0.146384,1.505888,-0.995523,0.887866,1.590068,-0.504534,0.194930,1.513592,-1.078231,0.862218,1.544725,-0.408314,0.216394,1.472685,-0.934442,0.661357,1.450899,-0.026983,0.362505,1.448622,0.031071,0.643617,2.071629,0.170776,0.364117,2.080712,0.291544,0.641654,2.625330,0.941535,0.379109,2.627310,0.911819,0.645988,2.719745,0.989655,0.375767,2.720503,0.960876,0.611406,2.807309,0.486896,0.430593,2.813634,0.387400
84.000000,5.813944,0.514437,0.319206,-0.839271,0.538225,0.251000,-0.789104,0.556164,0.250337,-0.788905,0.570921,0.250356,-0.789079,0.478884,0.260410,-0.799574,0.458018,0.266040,-0.799301,0.441758,0.272774,-0.799645,0.593924,0.283495,-0.452437,0.421644,0.308367,-0.478774,0.550853,0.384569,-0.712445,0.479079,0.394565,-0.719539,0.743835,0.657549,-0.224262,0.308317,0.643632,-0.430993,0.809317,1.011306,-0.126444,0.226542,0.993250,-0.425118,0.891103,1.454365,-0.334333,0.180982,1.396792,-0.774990,0.935465,1.570088,-0.397409,0.144276,1.505878,-0.872225,0.892802,1.586942,-0.465017,0.192746,1.514077,-0.957593,0.866407,1.541856,-0.377413,0.214083,1.473213,-0.823894,0.660621,1.450812,-0.027612,0.362487,1.448499,0.031651,0.643354,2.071568,0.150040,0.364399,2.080518,0.262743,0.641617,2.625216,0.888639,0.379823,2.627254,0.846964,0.645966,2.719483,0.933272,0.376546,2.720332,0.892515,0.611271,2.807132,0.431195,0.430804,2.813416,0.318124
85.000000,5.881378,0.514753,0.319855,-0.855896,0.538239,0.251405,-0.801092,0.556187,0.250710,-0.800969,0.570883,0.250692,-0.801165,0.479170,0.260853,-0.816508,0.458407,0.266579,-0.816222,0.442034,0.273300,-0.816630,0.593743,0.283598,-0.452235,0.421958,0.308811,-0.492494,0.550912,0.384829,-0.721506,0.480053,0.394825,-0.734740,0.743768,0.653229,-0.204553,0.308353,0.644184,-0.439685,0.809658,1.010304,-0.071325,0.226553,0.992955,-0.450401,0.891019,1.453643,-0.268945,0.181024,1.393822,-0.835087,0.934881,1.569822,-0.322775,0.144293,1.501547,-0.938510,0.892661,1.586898,-0.392145,0.192719,1.510582,-1.019727,0.866307,1.541761,-0.311990,0.214056,1.469540,-0.881841,0.667267,1.446886,-0.026614,0.370234,1.448089,0.030510,0.655201,2.064500,0.150091,0.380657,2.078362,0.264743,0.656657,2.617921,0.892214,0.399549,2.623771,0.870919,0.661138,2.710701,0.935634,0.396868,2.715913,0.918793,0.629336,2.800017,0.434428,0.451898,2.807304,0.341846
86.000000,5.949398,0.514850,0.319987,-0.865711,0.538257,0.251718,-0.811679,0.556206,0.251060,-0.811552,0.570891,0.251052,-0.811729,0.479353,0.261006,-0.825637,0.458654,0.266703,-0.825372,0.442218,0.273394,-0.825771,0.593698,0.283864,-0.459756,0.422207,0.308863,-0.500534,0.550923,0.384919,-0.732000,0.480214,0.394901,-0.743977,0.743608,0.653244,-0.209797,0.308742,0.644179,-0.439932,0.809726,1.008545,-0.086308,0.226904,0.992952,-0.473557,0.891856,1.448100,-0.307694,0.180794,1.387330,-0.907469,0.935826,1.561984,-0.370898,0.143813,1.494961,-1.020058,0.894473,1.577581,-0.444972,0.192330,1.502304,-1.102011,0.867695,1.533949,-0.353617,0.213872,1.461712,-0.957129,0.666713,1.445276,-0.026590,0.370138,1.446432,0.030482,0.653610,2.062340,0.154703,0.379558,2.074113,0.242643,0.653547,2.615107,0.899464,0.398304,2.617744,0.838023,0.657351,2.706655,0.942823,0.395858,2.707821,0.884457,0.626461,2.795360,0.439548,0.450695,2.799381,0.300543
87.000000,6.014783,0.515162,0.322496,-0.861614,0.538436,0.253787,-0.807717,0.556301,0.253068,-0.807616,0.570919,0.253005,-0.807816,0.479748,0.262606,-0.821638,0.459123,0.268254,-0.821299,0.442547,0.274572,-0.821704,0.593690,0.284682,-0.454662,0.422654,0.309434,-0.494820,0.551009,0.386427,-0.727331,0.480570,0.396740,-0.739318,0.743627,0.653733,-0.209833,0.308733,0.644036,-0.429266,0.809464,1.008527,-0.092225,0.227024,0.992332,-0.459122,0.891193,1.445866,-0.309366,0.180778,1.386472,-0.900217,0.934627,1.559659,-0.372682,0.143704,1.494629,-1.007834,0.893876,1.573260,-0.445456,0.192187,1.501404,-1.084961,0.867060,1.529813,-0.354634,0.213861,1.460709,-0.947147,0.663812,1.443210,-0.026638,0.367933,1.442395,0.030539,0.647319,2.059687,0.138264,0.374738,2.067421,0.193522,0.643335,2.612493,0.853664,0.390508,2.610584,0.730191,0.646721,2.702788,0.894031,0.388141,2.698504,0.770114,0.614490,2.791457,0.386270,0.440083,2.791568,0.184490
88.000000,6.080231,0.515175,0.322990,-0.858918,0.538457,0.254128,-0.807014,0.556320,0.253362,-0.806983,0.570914,0.253271,-0.807237,0.479768,0.262978,-0.818278,0.459143,0.268634,-0.817939,0.442577,0.274880,-0.818252,0.593637,0.284803,-0.458411,0.422681,0.309541,-0.491331,0.551035,0.386689,-0.726349,0.480578,0.397041,-0.735779,0.743851,0.654694,-0.231178,0.308504,0.644319,-0.425352,0.809852,1.007678,-0.138021,0.226912,0.992762,-0.450898,0.893083,1.447092,-0.363204,0.180859,1.390832,-0.871382,0.938062,1.560382,-0.436776,0.143836,1.499437,-0.979835,0.895652,1.575026,-0.502912,0.192694,1.507040,-1.058657,0.868517,1.531676,-0.406783,0.214235,1.466223,-0.920916,0.664447,1.445437,-0.027890,0.367890,1.445214,0.031954,0.647358,2.063759,0.156510,0.373644,2.074985,0.304735,0.644374,2.617547,0.927097,0.390271,2.620771,0.972271,0.648148,2.711185,0.976684,0.387628,2.712544,1.026701,0.614752,2.797234,0.469463,0.439295,2.804383,0.446142
89.000000,6.157190,0.515189,0.323384,-0.837043,0.538459,0.254374,-0.790932,0.556327,0.253580,-0.790760,0.570871,0.253465,-0.790982,0.479785,0.263237,-0.797229,0.459161,0.268908,-0.796850,0.442603,0.275148,-0.797128,0.593570,0.284812,-0.458312,0.422688,0.309753,-0.474088,0.551051,0.387018,-0.712509,0.480586,0.397374,-0.714861,0.743853,0.654676,-0.239118,0.308486,0.644292,-0.405546,0.809822,1.003495,-0.146445,0.227823,0.993032,-0.427685,0.893224,1.445996,-0.361866,0.181450,1.390819,-0.832689,0.938448,1.559207,-0.433998,0.144102,1.499337,-0.938166,0.895713,1.574448,-0.498743,0.192721,1.506543,-1.022530,0.868514,1.531276,-0.404386,0.214391,1.465984,-0.884501,0.663578,1.445701,-0.031353,0.366905,1.445223,0.035432,0.644978,2.063837,0.158646,0.369125,2.074921,0.317801,0.640201,2.617569,0.926028,0.382335,2.620746,0.974418,0.643896,2.711187,0.974687,0.379941,2.712509,1.027794,0.608720,2.797277,0.467404,0.429227,2.804414,0.450947
90.000000,6.223023,0.515193,0.323322,-0.836553,0.538429,0.254369,-0.789931,0.556312,0.253585,-0.789762,0.570808,0.253474,-0.789986,0.479796,0.263226,-0.796697,0.459176,0.268887,-0.796307,0.442624,0.275147,-0.796592,0.593518,0.284820,-0.456198,0.422686,0.309747,-0.473004,0.551029,0.387029,-0.711387,0.480587,0.397352,-0.714298,0.743021,0.653652,-0.232739,0.308356,0.644358,-0.406243,0.810032,1.002104,-0.105542,0.227579,0.993031,-0.419907,0.894335,1.445204,-0.266422,0.181396,1.391429,-0.797307,0.939900,1.558408,-0.321068,0.144093,1.500210,-0.898247,0.898015,1.574478,-0.384869,0.192801,1.508041,-0.979652,0.870544,1.531282,-0.306932,0.214438,1.467442,-0.846164,0.664905,1.445631,-0.034272,0.368115,1.445408,0.038331,0.649070,2.063906,0.150603,0.373873,2.076078,0.317630,0.649246,2.617709,0.922441,0.392092,2.621710,0.970050,0.653783,2.711260,0.971031,0.390442,2.713185,1.023578,0.619791,2.797461,0.457013,0.441183,2.805703,0.442171
91.000000,6.292687,0.515129,0.323474,-0.792894,0.538437,0.254435,-0.750631,0.556320,0.253660,-0.750326,0.570809,0.253556,-0.750475,0.479710,0.263345,-0.753536,0.459064,0.269041,-0.753081,0.442571,0.275311,-0.753360,0.593556,0.285068,-0.444382,0.422660,0.309925,-0.440310,0.551003,0.387300,-0.676989,0.480249,0.397764,-0.674463,0.743178,0.653666,-0.237861,0.308378,0.644998,-0.384657,0.807566,1.002789,-0.138873,0.228811,0.993502,-0.386950,0.883790,1.452518,-0.284813,0.182783,1.393262,-0.746535,0.927409,1.567782,-0.346663,0.144941,1.502795,-0.845398,0.881441,1.583367,-0.392431,0.193606,1.510516,-0.927495,0.855342,1.539208,-0.318608,0.215726,1.469981,-0.796497,0.664923,1.445800,-0.035731,0.367959,1.445359,0.039923,0.648771,2.064541,0.150655,0.372183,2.076106,0.324120,0.647641,2.618134,0.921481,0.386253,2.621870,0.972078,0.652257,2.711634,0.969727,0.384539,2.713444,1.025378,0.615623,2.798193,0.457916,0.432428,2.806375,0.452570
92.000000,6.359877,0.515186,0.324219,-0.817510,0.538488,0.254788,-0.769986,0.556351,0.253965,-0.769688,0.570813,0.253827,-0.769856,0.479717,0.263784,-0.777970,0.459071,0.269511,-0.777593,0.442583,0.275706,-0.777865,0.593480,0.285213,-0.447877,0.422668,0.310115,-0.461331,0.551010,0.388016,-0.694493,0.480257,0.398594,-0.698183,0.743186,0.654679,-0.237549,0.308327,0.645298,-0.408499,0.808079,1.002784,-0.129692,0.228671,0.994528,-0.392862,0.887199,1.452428,-0.290910,0.183946,1.401043,-0.763586,0.931855,1.567715,-0.353270,0.147379,1.512475,-0.864449,0.887118,1.583321,-0.398461,0.196972,1.522198,-0.946263,0.860429,1.539209,-0.325100,0.218336,1.480640,-0.812497,0.664694,1.446586,-0.035587,0.367926,1.446064,0.039768,0.647878,2.066745,0.151645,0.371416,2.077802,0.303666,0.646784,2.620627,0.924829,0.386075,2.623845,0.932707,0.651360,2.713612,0.973431,0.384320,2.714789,0.983359,0.615311,2.800057,0.464308,0.432384,2.808602,0.401259
93.000000,6.428442,0.515277,0.324225,-0.813318,0.538552,0.254775,-0.765577,0.556372,0.253931,-0.765347,0.570815,0.253768,-0.765541,0.479823,0.263797,-0.775443,0.459160,0.269523,-0.775106,0.442623,0.275720,-0.775439,0.593421,0.285122,-0.440203,0.422682,0.310126,-0.461178,0.551004,0.388006,-0.688581,0.480361,0.398604,-0.694836,0.743190,0.653078,-0.215193,0.308330,0.644870,-0.408774,0.809661,1.002424,-0.100128,0.228186,0.994551,-0.393928,0.887214,1.452183,-0.279818,0.183877,1.400924,-0.770946,0.931416,1.567675,-0.338684,0.147487,1.512235,-0.870674,0.887328,1.583243,-0.396511,0.196983,1.521856,-0.949347,0.860609,1.538906,-0.318210,0.218317,1.480344,-0.818120,0.666367,1.446343,-0.031312,0.369359,1.446218,0.035314,0.653767,2.066288,0.139567,0.376204,2.078234,0.301554,0.656261,2.620637,0.882950,0.393913,2.625239,0.929865,0.661525,2.713690,0.928046,0.391882,2.716757,0.980265,0.626024,2.800662,0.419550,0.443376,2.810232,0.400661
94.000000,6.497063,0.515279,0.325684,-0.830578,0.538597,0.255621,-0.779106,0.556403,0.254670,-0.778991,0.570816,0.254479,-0.779271,0.479832,0.264718,-0.792681,0.459165,0.270493,-0.792344,0.442625,0.276515,-0.792726,0.593374,0.285374,-0.440539,0.422651,0.310400,-0.471098,0.550844,0.388943,-0.698350,0.480154,0.399934,-0.709000,0.742701,0.653091,-0.209729,0.308292,0.644771,-0.414434,0.809827,1.002289,-0.093526,0.228554,0.995109,-0.397640,0.888706,1.450660,-0.285407,0.186839,1.405373,-0.772325,0.933025,1.566942,-0.345962,0.152047,1.518279,-0.872462,0.889605,1.583083,-0.405593,0.201361,1.530435,-0.954611,0.863127,1.538512,-0.325036,0.221596,1.487426,-0.820225,0.666304,1.446377,-0.030955,0.369368,1.446504,0.034907,0.653428,2.066500,0.138712,0.375930,2.078737,0.288968,0.655493,2.621473,0.884359,0.393484,2.626593,0.903101,0.660675,2.714779,0.929589,0.391395,2.718449,0.951283,0.625025,2.801944,0.417353,0.442897,2.811343,0.365557
95.000000,6.566654,0.515262,0.325808,-0.831823,0.538604,0.255716,-0.780400,0.556412,0.254795,-0.780286,0.570810,0.254626,-0.780540,0.479837,0.264738,-0.793286,0.459171,0.270504,-0.792949,0.442634,0.276525,-0.793335,0.593345,0.285567,-0.441143,0.422655,0.310369,-0.471161,0.550754,0.389201,-0.700067,0.480070,0.400052,-0.709969,0.742664,0.653326,-0.210603,0.307851,0.644127,-0.414163,0.809839,1.005278,-0.096158,0.228466,0.995115,-0.387385,0.884866,1.456663,-0.288750,0.185694,1.406102,-0.737193,0.927034,1.574555,-0.349735,0.150030,1.518541,-0.836392,0.883190,1.590101,-0.410112,0.198574,1.530639,-0.924365,0.857616,1.544104,-0.328816,0.219453,1.487819,-0.787464,0.665498,1.446975,-0.030858,0.367474,1.446617,0.034815,0.650691,2.067212,0.143806,0.371263,2.078773,0.281795,0.649505,2.622168,0.912632,0.386836,2.626940,0.900570,0.654135,2.715674,0.960784,0.384739,2.719223,0.949516,0.618404,2.803243,0.449989,0.435597,2.811641,0.364101
96.000000,6.635084,0.515416,0.325856,-0.809114,0.538933,0.255738,-0.761272,0.556683,0.254822,-0.761117,0.571102,0.254643,-0.761349,0.480035,0.264741,-0.770778,0.459373,0.270467,-0.770481,0.442719,0.276473,-0.770832,0.593564,0.285572,-0.435784,0.422660,0.310156,-0.457407,0.550781,0.389247,-0.684297,0.480066,0.400061,-0.690330,0.742659,0.653341,-0.216705,0.307766,0.643626,-0.404189,0.809799,1.006352,-0.132905,0.226117,0.995156,-0.380396,0.884855,1.458462,-0.340801,0.179883,1.405924,-0.704891,0.927192,1.576538,-0.406698,0.143206,1.518471,-0.797978,0.882496,1.592813,-0.467581,0.192896,1.530120,-0.880888,0.857069,1.546221,-0.381168,0.213743,1.487460,-0.752664,0.664990,1.448982,-0.031492,0.367472,1.447436,0.035473,0.649070,2.071406,0.139975,0.371093,2.081418,0.259182,0.647265,2.626724,0.885650,0.386390,2.631123,0.821477,0.652518,2.721259,0.932913,0.384233,2.724168,0.865255,0.612968,2.808647,0.442658,0.434022,2.818192,0.305457
97.000000,6.701170,0.515902,0.328189,-0.850411,0.539036,0.258357,-0.797247,0.556691,0.257371,-0.797110,0.571056,0.257274,-0.797315,0.480636,0.266389,-0.808771,0.460081,0.271917,-0.808405,0.443228,0.277554,-0.808745,0.593240,0.287044,-0.442276,0.422963,0.310516,-0.472922,0.550853,0.390511,-0.714488,0.480537,0.401107,-0.723499,0.742118,0.653488,-0.216733,0.307713,0.643468,-0.404411,0.809276,1.006276,-0.126071,0.226885,0.994567,-0.410650,0.884908,1.451939,-0.344756,0.180140,1.395566,-0.848965,0.927276,1.568886,-0.413333,0.143312,1.505816,-0.964054,0.883414,1.584199,-0.482664,0.192914,1.515794,-1.050705,0.857663,1.538384,-0.388414,0.213763,1.473990,-0.901110,0.663272,1.448030,-0.033372,0.366642,1.445965,0.037386,0.644704,2.069297,0.138577,0.368754,2.078609,0.260512,0.640370,2.624393,0.887169,0.383422,2.626793,0.842790,0.644714,2.717380,0.933777,0.381411,2.716914,0.889225,0.607095,2.804255,0.421028,0.431079,2.812538,0.316286
98.000000,6.768939,0.515994,0.330387,-0.811138,0.539097,0.260333,-0.765101,0.556709,0.259290,-0.764854,0.571055,0.259226,-0.765088,0.480689,0.268000,-0.774142,0.460128,0.273513,-0.773731,0.443259,0.278916,-0.774037,0.593143,0.288198,-0.440407,0.422967,0.311633,-0.464457,0.550914,0.392429,-0.689431,0.480573,0.402902,-0.694767,0.742096,0.653348,-0.223450,0.307708,0.644107,-0.403414,0.809652,1.005775,-0.126132,0.225680,0.994642,-0.380377,0.887023,1.451944,-0.306944,0.179964,1.397993,-0.674896,0.931449,1.568520,-0.367563,0.143221,1.507964,-0.761402,0.887410,1.584198,-0.427948,0.192392,1.518206,-0.845684,0.860722,1.538572,-0.346684,0.213348,1.476918,-0.722773,0.663278,1.448338,-0.033303,0.366615,1.446375,0.037327,0.644798,2.069704,0.138696,0.368390,2.079175,0.262366,0.641345,2.624882,0.883164,0.382889,2.628168,0.853074,0.645981,2.717922,0.929487,0.380737,2.719072,0.900160,0.608306,2.805474,0.422647,0.430432,2.814273,0.326489
99.000000,6.835280,0.515757,0.330700,-0.799146,0.539027,0.260525,-0.752638,0.556682,0.259500,-0.752425,0.571014,0.259451,-0.752617,0.480424,0.268180,-0.762065,0.459847,0.273673,-0.761630,0.443097,0.279050,-0.761957,0.593064,0.288340,-0.431368,0.422791,0.311711,-0.454086,0.550729,0.392914,-0.677208,0.479971,0.403340,-0.682935,0.741866,0.653162,-0.214330,0.307703,0.643479,-0.400391,0.809079,1.005864,-0.106075,0.225579,0.994612,-0.382638,0.884943,1.455860,-0.265741,0.179951,1.399538,-0.704056,0.927497,1.573684,-0.321194,0.143206,1.510628,-0.796850,0.883907,1.589642,-0.380822,0.192389,1.521121,-0.878858,0.857931,1.543657,-0.304338,0.213365,1.479330,-0.751696,0.663335,1.447303,-0.033201,0.366614,1.446081,0.037225,0.645152,2.067580,0.122877,0.368606,2.078170,0.262776,0.642070,2.622732,0.848021,0.383282,2.626572,0.857278,0.646570,2.714950,0.891212,0.381253,2.717358,0.904602,0.609551,2.804301,0.384415,0.430747,2.811771,0.327385
100.000000,6.900980,0.515738,0.331769,-0.823454,0.539008,0.261472,-0.774600,0.556664,0.260381,-0.774444,0.570977,0.260312,-0.774692,0.480361,0.269070,-0.785814,0.459772,0.274528,-0.785465,0.443068,0.279775,-0.785829,0.592992,0.288797,-0.438155,0.422758,0.312007,-0.467499,0.550682,0.393530,-0.695158,0.479884,0.404166,-0.703122,0.741775,0.652910,-0.214391,0.307661,0.643437,-0.406143,0.808418,1.005472,-0.106109,0.225581,0.994437,-0.387004,0.885014,1.453019,-0.267366,0.180211,1.398240,-0.706164,0.927583,1.569552,-0.323238,0.143606,1.508777,-0.798560,0.884120,1.584826,-0.387880,0.192479,1.518295,-0.882374,0.858139,1.539900,-0.305966,0.213496,1.477110,-0.754845,0.663110,1.446288,-0.032618,0.366693,1.445572,0.036506,0.645140,2.065686,0.133329,0.369278,2.075160,0.237515,0.642090,2.620392,0.855569,0.384504,2.621731,0.815282,0.646596,2.710898,0.896579,0.382307,2.709885,0.860348,0.609804,2.801371,0.385665,0.432897,2.806096,0.275128
101.000000,6.969770,0.515709,0.331966,-0.810792,0.539004,0.261813,-0.764234,0.556666,0.260783,-0.764099,0.570976,0.260761,-0.764376,0.480276,0.269278,-0.773111,0.459649,0.274727,-0.772766,0.442980,0.279941,-0.773165,0.592983,0.289023,-0.435240,0.422657,0.312065,-0.455560,0.550638,0.393791,-0.685399,0.479657,0.404530,-0.690541,0.742012,0.652951,-0.213785,0.307670,0.642761,-0.396552,0.808290,1.005631,-0.110280,0.226002,0.994031,-0.408985,0.885107,1.452973,-0.285495,0.179429,1.388746,-0.814274,0.927618,1.569514,-0.343339,0.142251,1.497102,-0.918660,0.884300,1.584696,-0.407137,0.190007,1.504174,-0.999966,0.858389,1.539593,-0.324703,0.211559,1.464022,-0.864215,0.662959,1.446040,-0.032234,0.366581,1.444901,0.036124,0.645365,2.065043,0.121008,0.369280,2.073995,0.239174,0.642850,2.619998,0.830237,0.384495,2.620816,0.814137,0.647684,2.710724,0.871049,0.382255,2.709419,0.858665,0.610111,2.801032,0.362807,0.432973,2.805454,0.280950
102.000000,7.044679,0.515811,0.331977,-0.814426,0.539214,0.261903,-0.765777,0.556816,0.260935,-0.765634,0.571112,0.260968,-0.765900,0.480386,0.269283,-0.777190,0.459720,0.274714,-0.776871,0.442998,0.279929,-0.777256,0.593024,0.289354,-0.433956,0.422622,0.312027,-0.462030,0.550703,0.393855,-0.686635,0.479625,0.404538,-0.695147,0.741746,0.653032,-0.208335,0.307454,0.642751,-0.409432,0.807678,1.008478,-0.101422,0.225937,0.994391,-0.415497,0.881702,1.455664,-0.288514,0.179529,1.391185,-0.811783,0.922747,1.572589,-0.347239,0.142424,1.498559,-0.917939,0.880491,1.587766,-0.409974,0.190038,1.505827,-0.998487,0.855162,1.542698,-0.327984,0.211595,1.466104,-0.863514,0.662752,1.445908,-0.027236,0.366774,1.444944,0.030953,0.645513,2.064928,0.138895,0.371221,2.073943,0.208640,0.642945,2.619806,0.875330,0.385940,2.620809,0.765584,0.647696,2.709977,0.920125,0.383154,2.709469,0.808484,0.610861,2.800999,0.424495,0.434526,2.804911,0.229061
103.000000,7.113763,0.515834,0.333776,-0.806991,0.539264,0.263091,-0.761496,0.556834,0.262021,-0.761278,0.571118,0.262043,-0.761461,0.480538,0.270217,-0.770736,0.459931,0.275476,-0.770405,0.443178,0.280453,-0.770743,0.593020,0.290006,-0.436850,0.422732,0.312099,-0.461664,0.550687,0.395994,-0.684137,0.479665,0.405972,-0.690145,0.742079,0.653070,-0.222844,0.307391,0.642741,-0.408516,0.807679,1.007655,-0.128763,0.225974,0.993914,-0.420680,0.884169,1.455379,-0.311605,0.178793,1.389736,-0.811432,0.927280,1.570336,-0.376578,0.140832,1.496901,-0.914585,0.885337,1.585823,-0.437432,0.188704,1.503544,-0.995191,0.858405,1.541847,-0.351498,0.211004,1.463926,-0.861653,0.662766,1.445906,-0.027599,0.366680,1.444977,0.031378,0.644766,2.064666,0.148537,0.367719,2.073958,0.254796,0.642733,2.619234,0.891866,0.383757,2.620778,0.870506,0.647375,2.709647,0.938353,0.382010,2.709585,0.920117,0.610742,2.800558,0.448068,0.429784,2.804784,0.355934
104.000000,7.182580,0.515632,0.333565,-0.821153,0.539106,0.263020,-0.772153,0.556752,0.262006,-0.772049,0.571052,0.262045,-0.772319,0.480258,0.270038,-0.786095,0.459680,0.275230,-0.785821,0.443051,0.280254,-0.786266,0.592912,0.290020,-0.436657,0.422682,0.312072,-0.470777,0.550669,0.395993,-0.689981,0.479398,0.405895,-0.700962,0.741724,0.653129,-0.192559,0.307380,0.642262,-0.416466,0.806399,1.008841,-0.063894,0.225255,0.994403,-0.404765,0.884395,1.454033,-0.260954,0.177164,1.392379,-0.727794,0.927306,1.569907,-0.318829,0.140176,1.501573,-0.819703,0.885483,1.585474,-0.387090,0.187913,1.511977,-0.908501,0.858988,1.540635,-0.303831,0.209509,1.470362,-0.776359,0.662227,1.448184,-0.020954,0.366156,1.447755,0.024642,0.646218,2.067415,0.140253,0.369004,2.077209,0.208929,0.644123,2.623040,0.879268,0.385094,2.626193,0.775266,0.648912,2.714356,0.924119,0.382916,2.717363,0.817773,0.611989,2.805443,0.423459,0.431749,2.808296,0.239123
105.000000,7.247839,0.515631,0.333801,-0.814934,0.539108,0.263458,-0.765731,0.556754,0.262513,-0.765619,0.571050,0.262614,-0.765851,0.480266,0.270236,-0.779784,0.459702,0.275384,-0.779490,0.443077,0.280358,-0.779905,0.592878,0.290404,-0.432707,0.422719,0.312102,-0.469484,0.550653,0.396329,-0.685820,0.479391,0.405967,-0.697015,0.741501,0.652297,-0.194002,0.307193,0.642726,-0.416499,0.807356,1.005072,-0.073078,0.225860,0.994781,-0.408226,0.892683,1.451598,-0.268644,0.180323,1.399485,-0.732518,0.938817,1.565624,-0.328423,0.143852,1.509523,-0.827455,0.898718,1.583247,-0.395434,0.191685,1.520952,-0.915902,0.870364,1.539233,-0.310918,0.213188,1.478749,-0.781991,0.662214,1.448165,-0.021200,0.366383,1.448028,0.024909,0.646216,2.067404,0.128914,0.369145,2.077906,0.219645,0.644822,2.623133,0.847172,0.386032,2.626847,0.785183,0.649620,2.714512,0.890366,0.383963,2.717884,0.828301,0.613557,2.805530,0.394145,0.433126,2.809139,0.265670
106.000000,7.316762,0.515621,0.333975,-0.823135,0.539123,0.263639,-0.774804,0.556767,0.262767,-0.774655,0.571070,0.262952,-0.774875,0.480252,0.270364,-0.784987,0.459682,0.275508,-0.784624,0.443062,0.280480,-0.784996,0.592902,0.290875,-0.441888,0.422702,0.312264,-0.468935,0.550643,0.396709,-0.695155,0.479325,0.406302,-0.701275,0.741551,0.653040,-0.223773,0.307084,0.642731,-0.407126,0.807387,1.005115,-0.119887,0.225407,0.995765,-0.381483,0.892590,1.454015,-0.327836,0.180276,1.408632,-0.705630,0.938526,1.568466,-0.397348,0.143839,1.518293,-0.801530,0.898353,1.586670,-0.461823,0.191459,1.528695,-0.891592,0.870179,1.542836,-0.369922,0.212957,1.487725,-0.756278,0.662219,1.448015,-0.030326,0.366377,1.447934,0.034248,0.646233,2.067793,0.128869,0.369255,2.078759,0.316246,0.645023,2.624374,0.859171,0.386041,2.629670,0.973658,0.650073,2.716048,0.904809,0.383944,2.720845,1.028094,0.613541,2.808138,0.396915,0.433239,2.815936,0.439928
107.000000,7.391256,0.515633,0.333978,-0.929558,0.539148,0.263638,-0.871809,0.556792,0.262772,-0.871730,0.571095,0.262955,-0.872036,0.480228,0.270369,-0.887388,0.459615,0.275514,-0.887086,0.443003,0.280504,-0.887496,0.592894,0.290898,-0.484511,0.422572,0.312292,-0.532365,0.550650,0.396716,-0.781453,0.479281,0.406412,-0.794569,0.741487,0.654875,-0.223051,0.306703,0.642880,-0.446806,0.807242,1.006944,-0.098755,0.224370,0.996057,-0.416130,0.891908,1.455689,-0.332875,0.176790,1.408733,-0.792709,0.937426,1.572508,-0.401710,0.141159,1.518805,-0.901362,0.896591,1.591694,-0.475829,0.188926,1.531826,-0.995204,0.869157,1.545372,-0.379118,0.209135,1.489706,-0.845005,0.657436,1.452798,-0.029971,0.360810,1.449408,0.033914,0.638227,2.076283,0.144114,0.358316,2.083845,0.305312,0.632853,2.634900,0.940882,0.371174,2.638173,0.935549,0.637818,2.728760,0.990655,0.368151,2.730762,0.986168,0.598790,2.817432,0.447154,0.419247,2.825178,0.413487
108.000000,7.460375,0.516039,0.333981,-0.863728,0.539679,0.263637,-0.807639,0.557227,0.262778,-0.807507,0.571683,0.262969,-0.807691,0.480631,0.270321,-0.821282,0.460007,0.275449,-0.820870,0.443219,0.280472,-0.821259,0.593341,0.291090,-0.453435,0.422629,0.312303,-0.494464,0.551119,0.396878,-0.730727,0.479570,0.406420,-0.742466,0.741606,0.656949,-0.221645,0.306314,0.642879,-0.437864,0.807248,1.009899,-0.102127,0.225355,0.996811,-0.408012,0.885408,1.466548,-0.329798,0.177082,1.409552,-0.772586,0.927360,1.586768,-0.396996,0.141125,1.519670,-0.881800,0.882971,1.602523,-0.474775,0.188911,1.531939,-0.970585,0.857284,1.555161,-0.376814,0.209340,1.489998,-0.823567,0.659990,1.452761,-0.030154,0.361398,1.449629,0.034123,0.641648,2.076090,0.148470,0.362689,2.083917,0.296281,0.638391,2.634531,0.932990,0.378857,2.637505,0.924756,0.643168,2.728232,0.981285,0.376192,2.729535,0.975775,0.606330,2.817052,0.457262,0.430058,2.824733,0.396169
109.000000,7.527472,0.515934,0.333899,-0.897484,0.539632,0.263512,-0.841577,0.557206,0.262671,-0.841507,0.571661,0.262846,-0.841781,0.480528,0.270275,-0.856093,0.459895,0.275420,-0.855837,0.443140,0.280465,-0.856261,0.593315,0.291098,-0.471300,0.422579,0.312313,-0.515748,0.551070,0.396928,-0.756651,0.479265,0.406466,-0.769303,0.741667,0.655788,-0.221173,0.306394,0.642880,-0.443347,0.807643,1.009872,-0.087401,0.225409,0.996752,-0.443043,0.891039,1.465620,-0.310798,0.176424,1.405081,-0.856186,0.934326,1.586248,-0.372900,0.140336,1.514869,-0.968139,0.891082,1.601957,-0.452895,0.188211,1.528214,-1.055092,0.864924,1.554950,-0.358419,0.208585,1.486169,-0.907072,0.664722,1.452525,-0.029129,0.366940,1.449792,0.033020,0.653219,2.075053,0.168418,0.373559,2.083896,0.294339,0.653737,2.633645,0.973053,0.393403,2.637249,0.952001,0.659021,2.727881,1.023033,0.391320,2.729440,1.004642,0.622133,2.816212,0.490372,0.447012,2.824529,0.404248
110.000000,7.600095,0.515691,0.333767,-0.857406,0.539496,0.263530,-0.806936,0.557108,0.262720,-0.806794,0.571495,0.262938,-0.807102,0.480467,0.270264,-0.818839,0.459873,0.275397,-0.818551,0.443128,0.280446,-0.818958,0.593223,0.291263,-0.459912,0.422614,0.312322,-0.495364,0.550817,0.396889,-0.725866,0.479022,0.406247,-0.735182,0.741125,0.655544,-0.217655,0.306385,0.641251,-0.432758,0.807629,1.009656,-0.083949,0.224659,0.996388,-0.401178,0.893165,1.462135,-0.281186,0.175953,1.401501,-0.716537,0.937458,1.579499,-0.338876,0.140099,1.509960,-0.810452,0.895194,1.596460,-0.410675,0.187827,1.522978,-0.895904,0.868615,1.550249,-0.325677,0.208097,1.481744,-0.764562,0.663005,1.452493,-0.028985,0.366204,1.449415,0.032866,0.650310,2.074919,0.150343,0.372520,2.083807,0.260624,0.649987,2.633451,0.900292,0.390402,2.637081,0.855939,0.655129,2.727515,0.945197,0.387955,2.729138,0.901484,0.617748,2.815948,0.431287,0.441657,2.824174,0.315344
111.000000,7.667434,0.515612,0.332462,-0.813388,0.539550,0.262728,-0.762040,0.557183,0.262110,-0.761921,0.571618,0.262429,-0.762134,0.480467,0.269417,-0.775399,0.459865,0.274428,-0.774968,0.443105,0.279578,-0.775377,0.593563,0.291263,-0.424973,0.422597,0.311627,-0.463640,0.550802,0.396514,-0.685653,0.478927,0.405274,-0.696484,0.741152,0.655539,-0.197443,0.305968,0.641140,-0.423279,0.807630,1.009636,-0.071140,0.226182,0.997334,-0.382229,0.887816,1.467851,-0.240778,0.182746,1.410802,-0.677930,0.929074,1.588161,-0.294383,0.147253,1.523550,-0.767619,0.885937,1.605195,-0.356118,0.195816,1.537847,-0.850965,0.860771,1.557577,-0.280611,0.216676,1.494357,-0.724223,0.663246,1.450477,-0.028278,0.366203,1.448568,0.032172,0.650850,2.072663,0.119580,0.373274,2.082586,0.248615,0.651024,2.631191,0.838198,0.391551,2.635382,0.827295,0.656304,2.724523,0.880096,0.389212,2.727528,0.872250,0.619063,2.814985,0.370949,0.442007,2.821006,0.293767
112.000000,7.735711,0.515624,0.332558,-0.794796,0.539582,0.262866,-0.744694,0.557198,0.262331,-0.744573,0.571633,0.262763,-0.744789,0.480589,0.269433,-0.759330,0.460055,0.274434,-0.758897,0.443218,0.279580,-0.759302,0.593597,0.291687,-0.412647,0.422657,0.311614,-0.456674,0.550803,0.396784,-0.668500,0.478923,0.405356,-0.680986,0.741187,0.655385,-0.191676,0.305122,0.641241,-0.420153,0.806078,1.009348,-0.072622,0.226938,0.998286,-0.381605,0.881729,1.467689,-0.252122,0.188446,1.413876,-0.678874,0.921274,1.587957,-0.309317,0.153435,1.527079,-0.768974,0.879636,1.604426,-0.372702,0.201432,1.540699,-0.852886,0.854982,1.556850,-0.292845,0.222784,1.496862,-0.725302,0.663130,1.446721,-0.025978,0.366203,1.446626,0.029828,0.650835,2.067487,0.105006,0.374861,2.078678,0.201177,0.651112,2.625682,0.798254,0.392343,2.630931,0.738379,0.656331,2.716481,0.837951,0.389850,2.722136,0.779165,0.619233,2.810265,0.337207,0.441833,2.813534,0.206696
113.000000,7.805231,0.515625,0.332542,-0.797664,0.539584,0.262872,-0.748031,0.557199,0.262338,-0.747865,0.571623,0.262772,-0.748066,0.480594,0.269454,-0.760528,0.460075,0.274489,-0.760125,0.443233,0.279669,-0.760510,0.593604,0.291808,-0.416361,0.422678,0.311917,-0.454025,0.550812,0.396826,-0.672228,0.478974,0.405408,-0.682310,0.741176,0.654576,-0.194410,0.305467,0.641548,-0.415187,0.805769,1.008462,-0.079909,0.229260,0.998289,-0.399582,0.879623,1.467015,-0.258461,0.189657,1.409270,-0.756633,0.919499,1.586476,-0.316971,0.153691,1.520889,-0.857785,0.878642,1.602812,-0.381101,0.201209,1.530374,-0.938776,0.853479,1.556098,-0.299603,0.223063,1.488008,-0.804543,0.663912,1.442522,-0.026001,0.367116,1.443380,0.029846,0.650780,2.061633,0.124755,0.374808,2.072284,0.202435,0.651023,2.618316,0.836440,0.392229,2.621883,0.740829,0.656239,2.707366,0.876487,0.389746,2.710485,0.782251,0.619493,2.800162,0.372144,0.441674,2.804323,0.210429
114.000000,7.879960,0.516002,0.332498,-0.799032,0.539825,0.262874,-0.749382,0.557283,0.262342,-0.749225,0.571662,0.262777,-0.749455,0.481484,0.269459,-0.761358,0.461114,0.274501,-0.760953,0.444003,0.279701,-0.761345,0.593614,0.291834,-0.417595,0.423136,0.312019,-0.452481,0.550848,0.396831,-0.673232,0.479810,0.405403,-0.682633,0.740334,0.654448,-0.194714,0.305460,0.641320,-0.408968,0.805954,1.009005,-0.088784,0.230012,0.997868,-0.403856,0.882768,1.466709,-0.275820,0.189545,1.406474,-0.772937,0.925491,1.586242,-0.336021,0.153362,1.518263,-0.875132,0.883873,1.602318,-0.401181,0.200862,1.528512,-0.958454,0.857443,1.555695,-0.317554,0.222710,1.486161,-0.822127,0.663828,1.442341,-0.026843,0.367098,1.442927,0.030728,0.650812,2.061381,0.122962,0.374891,2.072307,0.248882,0.651426,2.618307,0.841989,0.392161,2.621977,0.846614,0.656656,2.707586,0.883740,0.389659,2.710634,0.894341,0.619957,2.800233,0.374594,0.441540,2.804548,0.319578
115.000000,7.946045,0.516707,0.332954,-0.835106,0.540441,0.263262,-0.783398,0.557603,0.262773,-0.783253,0.571963,0.263313,-0.783483,0.482194,0.269695,-0.798072,0.461804,0.274741,-0.797734,0.444468,0.279975,-0.798143,0.593745,0.292190,-0.436585,0.423320,0.312150,-0.483340,0.551137,0.397427,-0.703334,0.480720,0.405957,-0.716220,0.740314,0.654432,-0.200248,0.304919,0.641343,-0.421976,0.805212,1.008987,-0.090544,0.229894,0.996521,-0.439999,0.885276,1.460175,-0.302494,0.187887,1.398741,-0.846694,0.928908,1.576150,-0.370390,0.151835,1.507285,-0.955350,0.888665,1.590428,-0.440179,0.198052,1.511860,-1.043608,0.861164,1.546129,-0.346981,0.220267,1.471514,-0.897930,0.661259,1.442243,-0.025488,0.364218,1.442519,0.029328,0.645302,2.061108,0.140694,0.369186,2.071156,0.242681,0.642672,2.618083,0.880903,0.383955,2.620258,0.845786,0.646444,2.707269,0.924229,0.380903,2.708186,0.893426,0.612117,2.799764,0.408788,0.433594,2.803213,0.308224
116.000000,8.011522,0.516842,0.333668,-0.842730,0.540556,0.263898,-0.789324,0.557652,0.263491,-0.789192,0.571984,0.264190,-0.789419,0.482372,0.269954,-0.803950,0.462076,0.274933,-0.803591,0.444660,0.280117,-0.803979,0.593774,0.293451,-0.436412,0.423489,0.312179,-0.482210,0.551206,0.398505,-0.707241,0.480821,0.406713,-0.720206,0.739974,0.655506,-0.200106,0.304739,0.640993,-0.420501,0.804474,1.009391,-0.094530,0.228333,0.994919,-0.451444,0.881166,1.459511,-0.336537,0.184478,1.392340,-0.894466,0.923410,1.576111,-0.409002,0.147761,1.499625,-1.009467,0.881713,1.590219,-0.479187,0.193496,1.504721,-1.096950,0.855545,1.545473,-0.381171,0.215558,1.464591,-0.946672,0.659615,1.442581,-0.025465,0.362929,1.442474,0.029314,0.640542,2.061992,0.140470,0.364660,2.071210,0.239306,0.632918,2.619271,0.881532,0.375366,2.620324,0.837539,0.636300,2.708604,0.924871,0.371777,2.708406,0.883748,0.600144,2.800542,0.406905,0.424630,2.803411,0.284417
117.000000,8.076509,0.516688,0.332435,-0.957957,0.540505,0.263494,-0.896447,0.557651,0.263174,-0.896435,0.571988,0.263912,-0.896702,0.482223,0.269547,-0.914058,0.461914,0.274589,-0.913655,0.444539,0.279856,-0.914093,0.593809,0.293423,-0.490495,0.423398,0.312093,-0.547738,0.551198,0.397775,-0.803126,0.480599,0.405738,-0.819279,0.739918,0.655522,-0.200054,0.304797,0.640647,-0.450638,0.804479,1.009546,-0.055028,0.228524,0.996243,-0.446258,0.881279,1.456762,-0.335277,0.185455,1.392565,-0.855427,0.923541,1.574775,-0.402629,0.150831,1.500160,-0.966461,0.881762,1.589637,-0.466825,0.197372,1.507611,-1.055884,0.855666,1.543621,-0.374002,0.217581,1.465561,-0.906430,0.658947,1.443601,-0.025255,0.361869,1.442582,0.029143,0.640375,2.063620,0.147840,0.364273,2.071923,0.239768,0.633182,2.620745,0.940083,0.375113,2.621964,0.873781,0.636766,2.711376,0.986765,0.371641,2.711633,0.921817,0.600248,2.801434,0.427005,0.424285,2.804196,0.287135
118.000000,8.148575,0.516698,0.332582,-0.927403,0.540538,0.263622,-0.860930,0.557678,0.263314,-0.861103,0.572023,0.264081,-0.861685,0.482253,0.269577,-0.892261,0.461959,0.274599,-0.892044,0.444567,0.279861,-0.892664,0.593843,0.293585,-0.461985,0.423401,0.312100,-0.538500,0.551186,0.398049,-0.770902,0.480602,0.405845,-0.802451,0.739965,0.656464,-0.181250,0.304601,0.642692,-0.447622,0.805527,1.009946,-0.044631,0.228427,0.999304,-0.439247,0.882635,1.461531,-0.293562,0.187133,1.417040,-0.767859,0.924016,1.582769,-0.360634,0.153904,1.529275,-0.865874,0.881829,1.599337,-0.426803,0.200111,1.541948,-0.960780,0.856094,1.551605,-0.335205,0.219933,1.498095,-0.817507,0.658975,1.445138,-0.015891,0.362443,1.445079,0.019577,0.644673,2.067670,0.139503,0.369989,2.077555,0.197134,0.639685,2.627658,0.913423,0.382607,2.631870,0.769448,0.643655,2.719733,0.958975,0.377699,2.724359,0.811902,0.609895,2.810026,0.421660,0.433434,2.813828,0.211879
119.000000,8.225490,0.516700,0.333390,-0.859307,0.540599,0.264405,-0.807712,0.557720,0.264124,-0.807746,0.572080,0.265027,-0.808185,0.482275,0.270096,-0.827050,0.461972,0.275081,-0.826731,0.444573,0.280267,-0.827251,0.594024,0.294360,-0.445782,0.423407,0.312330,-0.496957,0.551183,0.398911,-0.718848,0.480485,0.406799,-0.735863,0.739965,0.655883,-0.183235,0.304596,0.641971,-0.425603,0.805535,1.009551,-0.072311,0.230234,0.999364,-0.440995,0.881328,1.458690,-0.319995,0.189442,1.410908,-0.835234,0.922763,1.579999,-0.390100,0.155798,1.521311,-0.943209,0.880302,1.595849,-0.455898,0.201883,1.530158,-1.026807,0.854770,1.548060,-0.362384,0.221945,1.487214,-0.883594,0.658983,1.445147,-0.016398,0.362681,1.445078,0.020126,0.644584,2.067481,0.131367,0.369639,2.077476,0.225505,0.639714,2.626747,0.856449,0.382549,2.631275,0.795248,0.643774,2.718638,0.898501,0.377782,2.723499,0.838212,0.609059,2.809559,0.381305,0.433284,2.813739,0.266580
120.000000,8.295424,0.516693,0.333389,-0.941308,0.540610,0.264409,-0.879826,0.557733,0.264131,-0.879851,0.572099,0.265037,-0.880167,0.482331,0.270011,-0.902531,0.462052,0.274913,-0.902242,0.444634,0.280017,-0.902720,0.594105,0.294389,-0.476372,0.423451,0.311576,-0.553324,0.551095,0.398909,-0.786864,0.480420,0.406698,-0.809358,0.739934,0.655893,-0.182405,0.304182,0.642102,-0.468603,0.808009,1.009599,-0.025892,0.230225,1.000833,-0.439021,0.884548,1.457281,-0.288742,0.192792,1.417734,-0.821884,0.925986,1.577793,-0.356717,0.161669,1.531199,-0.933258,0.886144,1.594564,-0.437435,0.208788,1.545298,-1.026334,0.860546,1.546705,-0.337980,0.227292,1.499939,-0.870679,0.659142,1.445634,-0.015059,0.362851,1.446349,0.018787,0.646802,2.068067,0.135030,0.372459,2.079482,0.223214,0.643234,2.627924,0.908593,0.386427,2.634158,0.820219,0.647207,2.720101,0.954938,0.382126,2.726890,0.866425,0.613365,2.811199,0.408967,0.436711,2.815658,0.270024
121.000000,8.364116,0.516595,0.333198,-0.892990,0.540590,0.264324,-0.836132,0.557732,0.264103,-0.836049,0.572104,0.265034,-0.836223,0.482307,0.269746,-0.855602,0.462031,0.274587,-0.855270,0.444612,0.279681,-0.855701,0.594180,0.294404,-0.463369,0.423461,0.311168,-0.531825,0.551054,0.398875,-0.753201,0.480208,0.406514,-0.771838,0.740053,0.658362,-0.183604,0.304175,0.641799,-0.464770,0.807942,1.012046,-0.049663,0.230202,1.000693,-0.421658,0.881672,1.462976,-0.289499,0.190426,1.416922,-0.747859,0.921688,1.584556,-0.357030,0.157245,1.530066,-0.845664,0.879101,1.599744,-0.436651,0.204642,1.543696,-0.937073,0.854507,1.551443,-0.338042,0.224438,1.498790,-0.796874,0.657967,1.446344,-0.015033,0.361630,1.446597,0.018792,0.644614,2.068931,0.128580,0.370124,2.079522,0.196268,0.638448,2.628575,0.863819,0.381340,2.634018,0.749948,0.642443,2.720336,0.906768,0.377311,2.726644,0.791407,0.605483,2.812391,0.388868,0.428141,2.815624,0.205308
122.000000,8.433723,0.516843,0.334115,-0.889138,0.540842,0.265098,-0.835228,0.557839,0.264852,-0.835057,0.572193,0.265831,-0.835169,0.482864,0.270165,-0.849635,0.462630,0.274888,-0.849252,0.445085,0.279899,-0.849568,0.594205,0.294838,-0.461585,0.423629,0.311203,-0.523221,0.551065,0.399738,-0.751715,0.480313,0.407279,-0.767158,0.739977,0.659137,-0.209457,0.303168,0.641856,-0.447459,0.808345,1.011941,-0.109000,0.230203,1.000214,-0.450100,0.882032,1.462299,-0.347591,0.190266,1.405265,-0.887847,0.922814,1.582568,-0.422221,0.156499,1.512908,-1.003769,0.879918,1.597528,-0.494489,0.203759,1.521435,-1.089348,0.854887,1.549978,-0.393273,0.223931,1.479669,-0.939753,0.657474,1.447173,-0.020064,0.361285,1.447066,0.024054,0.643001,2.068980,0.129120,0.367937,2.079536,0.242058,0.637643,2.628541,0.865060,0.379492,2.633888,0.850293,0.641582,2.720309,0.908360,0.376011,2.726567,0.898052,0.604417,2.812343,0.390272,0.425422,2.815513,0.312975
123.000000,8.510915,0.516861,0.334401,-0.954128,0.540848,0.265262,-0.895967,0.557844,0.264973,-0.895891,0.572197,0.265936,-0.896129,0.482874,0.270483,-0.909483,0.462633,0.275313,-0.909074,0.445096,0.280335,-0.909464,0.594214,0.294943,-0.503336,0.423642,0.311709,-0.547496,0.551076,0.400029,-0.805708,0.480495,0.407611,-0.817505,0.740120,0.657656,-0.222738,0.303184,0.642090,-0.447658,0.808405,1.003775,-0.104918,0.230481,0.999748,-0.449462,0.890080,1.457345,-0.340393,0.190194,1.398445,-0.896991,0.934480,1.577220,-0.414879,0.156366,1.506153,-1.016099,0.892829,1.595023,-0.481694,0.203596,1.515113,-1.107299,0.865678,1.547198,-0.384131,0.223886,1.472902,-0.950363,0.660883,1.446582,-0.027929,0.363774,1.446536,0.032058,0.646701,2.066977,0.137723,0.370995,2.076415,0.273657,0.641674,2.623674,0.915671,0.381840,2.628214,0.942508,0.645799,2.715140,0.961330,0.378255,2.720218,0.994509,0.607107,2.807417,0.404414,0.430003,2.811358,0.366980
124.000000,8.579439,0.516888,0.334331,-0.866728,0.540934,0.265193,-0.815538,0.557887,0.264919,-0.815393,0.572233,0.265898,-0.815736,0.482926,0.270407,-0.825851,0.462649,0.275244,-0.825497,0.445100,0.280285,-0.825865,0.594298,0.294957,-0.462075,0.423645,0.311669,-0.489470,0.551042,0.399920,-0.733597,0.480461,0.407595,-0.740622,0.739483,0.657542,-0.220920,0.303185,0.641373,-0.422287,0.807028,1.004022,-0.103452,0.230622,0.999474,-0.449419,0.886092,1.457254,-0.287022,0.190295,1.396773,-0.882903,0.928847,1.577178,-0.345991,0.156326,1.505014,-0.995740,0.887825,1.594961,-0.411640,0.203454,1.513793,-1.081559,0.861559,1.547147,-0.327467,0.223786,1.471982,-0.933560,0.660167,1.446543,-0.028827,0.363677,1.446321,0.032812,0.646502,2.066979,0.138849,0.371019,2.076421,0.298581,0.641808,2.623755,0.912471,0.382803,2.628181,0.950856,0.645937,2.715152,0.957793,0.379240,2.719730,1.002937,0.608263,2.807414,0.406849,0.431976,2.811676,0.403780
125.000000,8.647531,0.516863,0.334329,-0.840064,0.540946,0.265155,-0.790261,0.557908,0.264873,-0.790137,0.572269,0.265831,-0.790417,0.482895,0.270365,-0.802042,0.462583,0.275187,-0.801689,0.445025,0.280202,-0.802079,0.594356,0.294879,-0.449207,0.423612,0.311386,-0.479922,0.551019,0.399924,-0.710139,0.480263,0.407587,-0.718859,0.739517,0.656596,-0.212593,0.303184,0.641215,-0.420649,0.807809,1.002712,-0.100010,0.230637,0.999341,-0.454251,0.893498,1.453063,-0.289334,0.190804,1.397530,-0.883812,0.938040,1.571121,-0.350950,0.156541,1.506732,-0.995641,0.896691,1.588173,-0.414093,0.203673,1.514637,-1.081899,0.869483,1.542006,-0.329537,0.224263,1.472655,-0.935071,0.660482,1.446546,-0.027390,0.363696,1.446348,0.031439,0.646946,2.066982,0.136110,0.370913,2.076706,0.288609,0.642207,2.624111,0.889740,0.382645,2.628564,0.925616,0.646307,2.715955,0.933382,0.379096,2.720505,0.975699,0.608846,2.807917,0.399710,0.431889,2.812407,0.381492
126.000000,8.718103,0.517104,0.336221,-0.801084,0.541214,0.265796,-0.752031,0.558127,0.265332,-0.751903,0.572612,0.266159,-0.752192,0.483009,0.271064,-0.764685,0.462636,0.275751,-0.764294,0.445055,0.280587,-0.764690,0.594529,0.294887,-0.422475,0.423609,0.311433,-0.457079,0.551204,0.401758,-0.674794,0.480415,0.408928,-0.684793,0.739556,0.656249,-0.204924,0.303176,0.642455,-0.411184,0.807861,1.002868,-0.098143,0.230707,0.999526,-0.451929,0.889359,1.462720,-0.287560,0.189880,1.399059,-0.854576,0.931969,1.584130,-0.348707,0.154786,1.508269,-0.958339,0.889112,1.601209,-0.409872,0.201329,1.515851,-1.037679,0.862741,1.553987,-0.327181,0.222710,1.474151,-0.902297,0.666441,1.446667,-0.027332,0.369098,1.447092,0.031367,0.653355,2.067109,0.131289,0.376282,2.077535,0.283656,0.652162,2.624372,0.863651,0.391534,2.628883,0.878049,0.657385,2.716335,0.906017,0.388100,2.720714,0.924989,0.620131,2.808681,0.390299,0.443338,2.813992,0.358039
127.000000,8.787404,0.517323,0.336020,-0.814016,0.541311,0.265714,-0.763120,0.558137,0.265232,-0.763000,0.572616,0.266023,-0.763278,0.483489,0.271029,-0.776943,0.463071,0.275721,-0.776563,0.445313,0.280572,-0.776960,0.594326,0.294746,-0.423178,0.423641,0.311367,-0.457423,0.551234,0.401300,-0.683957,0.480631,0.408803,-0.695225,0.739434,0.656552,-0.198489,0.302318,0.642466,-0.417223,0.807247,1.002963,-0.096572,0.230701,0.999523,-0.437039,0.886896,1.457952,-0.299688,0.191597,1.399983,-0.787172,0.929645,1.576944,-0.367657,0.156819,1.508941,-0.887427,0.886831,1.593525,-0.433071,0.202939,1.517569,-0.975432,0.860770,1.546355,-0.342051,0.223977,1.475244,-0.836609,0.663013,1.446783,-0.022297,0.366683,1.447093,0.026303,0.648965,2.067131,0.130496,0.373380,2.077455,0.217052,0.645136,2.624621,0.852158,0.386096,2.628911,0.771506,0.649489,2.716647,0.894206,0.382212,2.720873,0.812623,0.612884,2.808785,0.386054,0.434574,2.813626,0.235527
128.000000,8.836740,0.517585,0.335721,-0.830040,0.541676,0.265612,-0.774300,0.558320,0.265172,-0.774279,0.572798,0.265979,-0.774593,0.483982,0.270806,-0.794931,0.463614,0.275417,-0.794581,0.445710,0.280258,-0.795042,0.594469,0.294757,-0.425067,0.423897,0.310936,-0.471934,0.551341,0.401047,-0.689305,0.480752,0.408498,-0.708774,0.739187,0.654618,-0.175141,0.302315,0.642325,-0.427073,0.807311,1.002252,-0.047644,0.231084,0.999890,-0.432148,0.888512,1.455002,-0.274748,0.194944,1.403526,-0.773144,0.931068,1.574806,-0.339704,0.161339,1.515169,-0.874928,0.889637,1.592292,-0.411487,0.207435,1.526779,-0.964402,0.863623,1.545059,-0.320040,0.227644,1.483009,-0.821868,0.663860,1.445450,-0.019609,0.368338,1.446889,0.023473,0.653899,2.066082,0.129213,0.379388,2.077455,0.222832,0.654782,2.624129,0.855084,0.397462,2.628914,0.789660,0.659510,2.715930,0.897550,0.393985,2.720817,0.832499,0.625721,2.808410,0.383087,0.448155,2.813524,0.258049
129.000000,8.886371,0.517550,0.334590,-0.817146,0.541632,0.265133,-0.764565,0.558286,0.264684,-0.764435,0.572750,0.265440,-0.764726,0.483993,0.270506,-0.780325,0.463621,0.275212,-0.779924,0.445717,0.280150,-0.780317,0.594449,0.294496,-0.421941,0.423900,0.310933,-0.463536,0.551246,0.400026,-0.683870,0.480740,0.407693,-0.697871,0.739034,0.654631,-0.176859,0.302208,0.642201,-0.419462,0.807083,1.003029,-0.051717,0.230414,0.999494,-0.423654,0.888615,1.454948,-0.268278,0.196383,1.404081,-0.769343,0.931527,1.574438,-0.331107,0.163245,1.516062,-0.870842,0.890297,1.592176,-0.400653,0.209823,1.527476,-0.955506,0.864122,1.545025,-0.312074,0.229764,1.483842,-0.817273,0.662822,1.445398,-0.019928,0.367101,1.446761,0.023820,0.652722,2.066084,0.124755,0.377282,2.077459,0.232932,0.654389,2.624161,0.844831,0.394434,2.629048,0.810879,0.659154,2.715941,0.886843,0.390862,2.720931,0.855577,0.625561,2.808453,0.371740,0.444819,2.813619,0.282783
130.000000,8.934510,0.517549,0.334592,-0.812403,0.541637,0.265129,-0.762656,0.558293,0.264666,-0.762538,0.572757,0.265391,-0.762845,0.483994,0.270519,-0.776027,0.463616,0.275245,-0.775649,0.445719,0.280183,-0.776055,0.594502,0.294412,-0.423416,0.423905,0.310932,-0.461726,0.551241,0.400020,-0.682659,0.480738,0.407758,-0.693623,0.739155,0.653021,-0.191307,0.302205,0.642438,-0.411940,0.807089,1.001803,-0.088551,0.230608,0.999232,-0.436754,0.888063,1.454029,-0.286968,0.197093,1.400595,-0.847206,0.931106,1.573301,-0.349589,0.163341,1.512013,-0.955872,0.889680,1.591002,-0.414871,0.209914,1.520822,-1.035038,0.863416,1.543978,-0.328575,0.230204,1.477764,-0.895348,0.663259,1.445127,-0.023378,0.367549,1.446350,0.027287,0.652600,2.065568,0.124358,0.377197,2.076907,0.251539,0.654075,2.623404,0.843098,0.394063,2.627884,0.833283,0.658931,2.715273,0.885221,0.390480,2.719400,0.878957,0.624912,2.807781,0.372284,0.444311,2.813480,0.314319
131.000000,9.003526,0.517475,0.334730,-0.810473,0.541620,0.265176,-0.761605,0.558267,0.264692,-0.761462,0.572688,0.265409,-0.761726,0.483977,0.270599,-0.774452,0.463590,0.275323,-0.774074,0.445691,0.280244,-0.774449,0.594478,0.294413,-0.424411,0.423917,0.310930,-0.463031,0.551107,0.400045,-0.682590,0.480651,0.407777,-0.692891,0.739103,0.653856,-0.198785,0.301931,0.642436,-0.412317,0.807143,1.004535,-0.091856,0.230601,0.998074,-0.403395,0.887903,1.456542,-0.281005,0.194511,1.400955,-0.731798,0.930803,1.574426,-0.341905,0.158755,1.512032,-0.827608,0.889261,1.591521,-0.406285,0.205570,1.520884,-0.910565,0.862907,1.545119,-0.322146,0.227287,1.477880,-0.778939,0.662478,1.445201,-0.024629,0.366816,1.446379,0.028480,0.649566,2.065729,0.126439,0.375698,2.076911,0.242836,0.650274,2.623523,0.844330,0.393017,2.627787,0.812657,0.654822,2.715281,0.885952,0.389878,2.718943,0.857943,0.620679,2.807913,0.389424,0.442041,2.813343,0.292315
132.000000,9.070563,0.517455,0.334031,-0.849440,0.541625,0.264543,-0.795409,0.558271,0.264075,-0.795339,0.572686,0.264775,-0.795650,0.483989,0.270112,-0.812589,0.463591,0.274927,-0.812289,0.445684,0.279927,-0.812763,0.594496,0.294142,-0.436124,0.423872,0.310714,-0.489201,0.551049,0.399458,-0.712356,0.480637,0.407209,-0.727446,0.739054,0.653007,-0.190536,0.302209,0.642267,-0.436772,0.812002,0.998067,-0.057866,0.230088,0.998605,-0.441485,0.904974,1.449181,-0.270862,0.194377,1.400844,-0.810384,0.951377,1.565304,-0.330362,0.158744,1.512056,-0.913567,0.912647,1.584757,-0.401458,0.205558,1.521009,-0.999794,0.884459,1.539250,-0.315377,0.227220,1.477913,-0.858219,0.664893,1.444807,-0.022495,0.368500,1.446012,0.026301,0.652145,2.065696,0.123157,0.375882,2.077003,0.247936,0.652501,2.623800,0.845073,0.392745,2.628146,0.864012,0.657244,2.715615,0.887064,0.389633,2.719193,0.912384,0.622582,2.808170,0.378238,0.441992,2.814049,0.313679
133.000000,9.135968,0.517025,0.332971,-0.812861,0.541555,0.263478,-0.765184,0.558268,0.262926,-0.765014,0.572694,0.263498,-0.765207,0.483605,0.269767,-0.775440,0.463072,0.274733,-0.775023,0.445283,0.279802,-0.775392,0.594809,0.293444,-0.434023,0.423871,0.310643,-0.464429,0.550989,0.398092,-0.688629,0.480249,0.406400,-0.695506,0.739593,0.653015,-0.202818,0.302270,0.642389,-0.414195,0.811607,0.999995,-0.086944,0.230024,0.998589,-0.375558,0.900302,1.449253,-0.271679,0.194970,1.401732,-0.678364,0.945198,1.565257,-0.331230,0.159738,1.513103,-0.771202,0.904724,1.583717,-0.403217,0.206854,1.521862,-0.856092,0.877370,1.538481,-0.316744,0.228381,1.478764,-0.726557,0.663877,1.444919,-0.024823,0.366603,1.445973,0.028782,0.648811,2.065959,0.119782,0.372274,2.077027,0.247749,0.648018,2.624506,0.833167,0.387358,2.628385,0.843977,0.652398,2.716579,0.875134,0.384967,2.719682,0.890273,0.616387,2.808949,0.370889,0.433511,2.814084,0.308684
134.000000,9.207426,0.516901,0.332972,-0.806722,0.541473,0.263493,-0.759062,0.558212,0.262929,-0.758895,0.572627,0.263500,-0.759061,0.483562,0.269855,-0.769541,0.463034,0.274869,-0.769123,0.445264,0.279951,-0.769499,0.594817,0.293496,-0.430814,0.423912,0.310912,-0.458524,0.550794,0.398024,-0.682078,0.480193,0.406376,-0.689131,0.739616,0.652994,-0.202610,0.302278,0.642338,-0.412820,0.811212,1.001228,-0.087745,0.230589,0.998587,-0.385550,0.895183,1.449508,-0.272998,0.197169,1.400780,-0.712805,0.938736,1.565354,-0.333323,0.162192,1.512631,-0.807935,0.898069,1.583750,-0.403811,0.210362,1.521270,-0.899450,0.871370,1.538494,-0.317606,0.231588,1.477984,-0.763037,0.663492,1.445104,-0.026213,0.365840,1.445932,0.030247,0.646115,2.066015,0.125323,0.369381,2.077043,0.265321,0.643963,2.624578,0.854540,0.384178,2.628446,0.874310,0.647874,2.716750,0.899372,0.382378,2.719854,0.922985,0.612138,2.809084,0.396694,0.430010,2.814153,0.346002
135.000000,9.272672,0.516812,0.332931,-0.858420,0.541448,0.263431,-0.805413,0.558210,0.262854,-0.805307,0.572635,0.263430,-0.805458,0.483549,0.269848,-0.818148,0.463025,0.274869,-0.817720,0.445263,0.279960,-0.818118,0.595099,0.293552,-0.454792,0.424019,0.311127,-0.489889,0.550812,0.398018,-0.724869,0.480203,0.406311,-0.734894,0.739640,0.652995,-0.205068,0.302286,0.642392,-0.422911,0.812225,0.998935,-0.080264,0.230512,0.998491,-0.390975,0.895285,1.445769,-0.273290,0.196925,1.400794,-0.715399,0.938662,1.559956,-0.334669,0.162124,1.512735,-0.821033,0.898555,1.577105,-0.404419,0.210298,1.521390,-0.919265,0.871756,1.532229,-0.318113,0.231551,1.478021,-0.766828,0.663467,1.442386,-0.026205,0.365587,1.443246,0.030239,0.646799,2.061054,0.126467,0.369632,2.073412,0.277535,0.645321,2.619857,0.871909,0.385057,2.624783,0.932379,0.649035,2.712210,0.916867,0.383504,2.716806,0.984438,0.614036,2.804390,0.396127,0.430927,2.808044,0.381529
136.000000,9.344266,0.516791,0.332992,-0.829530,0.541508,0.263416,-0.778518,0.558296,0.262840,-0.778369,0.572806,0.263423,-0.778608,0.483535,0.269854,-0.791654,0.463001,0.274895,-0.791244,0.445239,0.280003,-0.791674,0.595686,0.293624,-0.436936,0.424054,0.311274,-0.473531,0.550862,0.398197,-0.699504,0.480137,0.406430,-0.709695,0.740645,0.655730,-0.196252,0.302294,0.642497,-0.421697,0.811354,1.002601,-0.077271,0.231701,0.999913,-0.389633,0.887005,1.454695,-0.273912,0.199884,1.405653,-0.712073,0.927986,1.571713,-0.335539,0.165917,1.518782,-0.813086,0.886294,1.586548,-0.405005,0.213393,1.526685,-0.899698,0.861063,1.540056,-0.318442,0.234349,1.483149,-0.759628,0.662940,1.444505,-0.024520,0.364365,1.444039,0.028548,0.646101,2.065265,0.123361,0.367922,2.075229,0.252766,0.643934,2.624447,0.853529,0.382179,2.627127,0.851079,0.647925,2.716419,0.896776,0.379736,2.718753,0.897336,0.611876,2.809785,0.382020,0.429249,2.811961,0.307131
137.000000,9.413976,0.516811,0.333038,-0.921722,0.541525,0.263424,-0.861202,0.558321,0.262841,-0.861149,0.572842,0.263425,-0.861357,0.483510,0.269935,-0.881057,0.462950,0.275050,-0.880721,0.445193,0.280216,-0.881171,0.595707,0.293679,-0.470435,0.424058,0.311743,-0.535523,0.551052,0.398254,-0.773345,0.480170,0.406528,-0.791905,0.740714,0.655804,-0.195678,0.302474,0.644318,-0.462386,0.811388,1.003100,-0.053252,0.231652,1.002271,-0.418538,0.887832,1.454843,-0.283105,0.199292,1.413016,-0.767863,0.929002,1.572064,-0.347920,0.165740,1.527630,-0.876778,0.888707,1.588225,-0.426497,0.213345,1.539709,-0.967433,0.863134,1.541545,-0.331833,0.233927,1.494940,-0.816367,0.663926,1.444816,-0.023113,0.365517,1.445157,0.027105,0.648044,2.066323,0.134974,0.370442,2.077949,0.255755,0.646932,2.625357,0.921995,0.387354,2.629610,0.908377,0.651273,2.717078,0.969357,0.384783,2.720541,0.959362,0.615913,2.810179,0.421091,0.437585,2.814071,0.330545
138.000000,9.490485,0.516811,0.333083,-0.807145,0.541522,0.263428,-0.756449,0.558325,0.262841,-0.756239,0.572871,0.263425,-0.756408,0.483513,0.269968,-0.770903,0.462960,0.275107,-0.770478,0.445214,0.280291,-0.770859,0.595914,0.293767,-0.426724,0.424229,0.312121,-0.472194,0.551091,0.398400,-0.683898,0.480255,0.406621,-0.696023,0.740769,0.655541,-0.188798,0.303305,0.644587,-0.440603,0.812475,1.002915,-0.042474,0.232859,1.002339,-0.401764,0.889164,1.455374,-0.181058,0.200048,1.412822,-0.694653,0.930469,1.572215,-0.228281,0.166072,1.527405,-0.783342,0.890727,1.588627,-0.291260,0.213328,1.539452,-0.866565,0.864792,1.542643,-0.220549,0.234215,1.494710,-0.740473,0.664335,1.441751,-0.021329,0.366277,1.443683,0.025226,0.650420,2.061969,0.119588,0.375204,2.073973,0.229210,0.649673,2.621455,0.833745,0.390009,2.625045,0.813407,0.653588,2.711000,0.873957,0.386909,2.715150,0.858768,0.620186,2.805806,0.365679,0.439220,2.805719,0.276403
139.000000,9.583439,0.516809,0.333469,-0.810591,0.541577,0.263474,-0.760284,0.558417,0.262881,-0.760109,0.573062,0.263495,-0.760302,0.483492,0.270053,-0.773767,0.462899,0.275213,-0.773363,0.445147,0.280396,-0.773747,0.596516,0.293969,-0.427524,0.424188,0.312176,-0.468270,0.551105,0.398888,-0.684987,0.480159,0.407191,-0.695857,0.740870,0.655992,-0.192960,0.303217,0.644504,-0.422898,0.810099,1.003190,-0.081440,0.232917,1.000429,-0.418049,0.888022,1.454032,-0.275814,0.198956,1.405671,-0.820784,0.929782,1.570168,-0.341091,0.164000,1.516449,-0.929385,0.889620,1.585078,-0.405875,0.210712,1.523687,-1.013159,0.863584,1.539236,-0.317907,0.232192,1.480920,-0.871305,0.662628,1.442045,-0.021362,0.364358,1.443776,0.025277,0.650031,2.062001,0.119245,0.374537,2.074015,0.231952,0.649307,2.621502,0.830664,0.389194,2.625074,0.819442,0.653325,2.711150,0.871410,0.386054,2.715228,0.864922,0.618873,2.805855,0.362786,0.438192,2.805946,0.282825
140.000000,9.656358,0.517343,0.333996,-0.945337,0.542176,0.263474,-0.885238,0.558872,0.262861,-0.885192,0.573658,0.263428,-0.885416,0.483853,0.270151,-0.904106,0.463197,0.275313,-0.903705,0.445310,0.280501,-0.904108,0.596774,0.293726,-0.488395,0.424197,0.312198,-0.549672,0.551381,0.399300,-0.794214,0.480399,0.407659,-0.811573,0.740735,0.654580,-0.203965,0.303053,0.644649,-0.460605,0.809917,1.003942,-0.065805,0.232717,1.002746,-0.420329,0.888206,1.453966,-0.287938,0.201554,1.420637,-0.808590,0.929995,1.570172,-0.356803,0.169418,1.537146,-0.914663,0.890440,1.585466,-0.434043,0.217356,1.549123,-0.999987,0.864359,1.539482,-0.335428,0.236767,1.503413,-0.858215,0.663916,1.442904,-0.023828,0.365188,1.445966,0.027794,0.652953,2.064676,0.132288,0.377470,2.080181,0.302950,0.654132,2.625268,0.927885,0.394995,2.633450,1.015972,0.658331,2.715924,0.976303,0.392135,2.724454,1.073350,0.624558,2.811249,0.417908,0.446151,2.817011,0.437099
141.000000,9.726044,0.517537,0.334208,-0.815296,0.542452,0.263556,-0.764725,0.559096,0.262938,-0.764546,0.573990,0.263530,-0.764695,0.484122,0.270194,-0.780561,0.463421,0.275340,-0.780144,0.445443,0.280535,-0.780497,0.597376,0.293940,-0.431747,0.424306,0.312271,-0.486067,0.551510,0.399609,-0.689259,0.480566,0.407871,-0.704062,0.740784,0.656300,-0.188616,0.303079,0.644260,-0.441265,0.809959,1.004078,-0.074185,0.232225,1.001206,-0.433410,0.895337,1.451635,-0.298132,0.200678,1.410446,-0.817956,0.941445,1.564760,-0.366062,0.168285,1.523549,-0.921289,0.901512,1.580128,-0.436778,0.216607,1.531131,-1.000753,0.873295,1.535634,-0.343772,0.236241,1.487102,-0.865150,0.662400,1.442950,-0.019204,0.363834,1.445934,0.023340,0.648494,2.064652,0.108233,0.371460,2.079829,0.216780,0.647856,2.625273,0.792988,0.385773,2.632506,0.767649,0.651784,2.716021,0.831264,0.382561,2.723980,0.808044,0.616918,2.810920,0.329940,0.433521,2.814243,0.236346
142.000000,9.802335,0.517762,0.334232,-0.931586,0.542582,0.263564,-0.869387,0.559221,0.262939,-0.869349,0.574158,0.263529,-0.869609,0.484266,0.270300,-0.891770,0.463531,0.275502,-0.891407,0.445535,0.280753,-0.891867,0.597504,0.294048,-0.470240,0.424364,0.312732,-0.549376,0.551754,0.399653,-0.779229,0.480894,0.408019,-0.801753,0.740787,0.655944,-0.183969,0.303078,0.644244,-0.468894,0.809747,1.004370,-0.025971,0.231594,0.999767,-0.439523,0.895275,1.451649,-0.285088,0.200157,1.410403,-0.826041,0.941127,1.565872,-0.354912,0.167905,1.523476,-0.937848,0.901360,1.582763,-0.435598,0.216088,1.532477,-1.029734,0.873158,1.536944,-0.336159,0.235468,1.487910,-0.876593,0.662054,1.442277,-0.015944,0.363649,1.443614,0.020053,0.648175,2.063991,0.121936,0.371208,2.076616,0.216912,0.646006,2.624440,0.888261,0.384445,2.629937,0.773044,0.649678,2.715396,0.932305,0.380701,2.721700,0.814740,0.614878,2.809269,0.375147,0.432727,2.811313,0.256480
143.000000,9.871268,0.517770,0.334568,-0.894430,0.542589,0.263687,-0.836921,0.559233,0.263042,-0.836891,0.574170,0.263638,-0.837237,0.484261,0.270454,-0.858056,0.463524,0.275683,-0.857820,0.445536,0.280956,-0.858331,0.597506,0.294149,-0.463194,0.424328,0.313084,-0.540179,0.551796,0.400214,-0.753728,0.480945,0.408481,-0.774489,0.740760,0.655912,-0.183911,0.302898,0.644491,-0.463953,0.810458,1.002204,-0.031301,0.230629,0.999842,-0.438571,0.898866,1.449038,-0.246717,0.200101,1.412223,-0.808115,0.945436,1.561901,-0.305097,0.167758,1.525610,-0.909823,0.907449,1.580274,-0.379134,0.215908,1.535053,-0.997273,0.878774,1.535186,-0.293269,0.235365,1.490473,-0.855922,0.662608,1.442729,-0.016010,0.364752,1.444435,0.020098,0.648913,2.064144,0.122018,0.371401,2.077203,0.240253,0.648032,2.624849,0.886187,0.385723,2.630351,0.847395,0.651778,2.715934,0.930455,0.382163,2.721956,0.895516,0.618712,2.809518,0.377296,0.435281,2.812329,0.321462
144.000000,9.938993,0.517730,0.334918,-0.886412,0.542582,0.263694,-0.836011,0.559242,0.263019,-0.835992,0.574180,0.263537,-0.836356,0.484078,0.270586,-0.849059,0.463276,0.275851,-0.848849,0.445353,0.281095,-0.849342,0.597516,0.293777,-0.463856,0.424176,0.313097,-0.517853,0.551804,0.400329,-0.752474,0.480918,0.408764,-0.760537,0.742645,0.654529,-0.207911,0.303176,0.644435,-0.441632,0.810532,1.001893,-0.072089,0.230289,0.999923,-0.428618,0.897559,1.451774,-0.268559,0.197877,1.412302,-0.805086,0.942677,1.565859,-0.329594,0.164469,1.525933,-0.907769,0.903927,1.583279,-0.400325,0.212540,1.535015,-0.994079,0.875936,1.538353,-0.312672,0.232777,1.490565,-0.853309,0.662996,1.444541,-0.024593,0.364876,1.445245,0.028569,0.648639,2.067951,0.131411,0.370567,2.080597,0.310831,0.647116,2.629963,0.903318,0.384233,2.635650,0.979044,0.650927,2.721562,0.950082,0.381259,2.727063,1.034033,0.616588,2.816463,0.414771,0.432618,2.823184,0.439521
145.000000,10.005894,0.517730,0.335224,-0.848355,0.542554,0.263981,-0.797658,0.559223,0.263254,-0.797596,0.574146,0.263756,-0.797891,0.484055,0.270837,-0.813807,0.463255,0.276064,-0.813467,0.445349,0.281254,-0.813928,0.597459,0.293893,-0.442606,0.424185,0.313210,-0.501238,0.551804,0.400493,-0.716426,0.480921,0.408867,-0.729862,0.742605,0.654548,-0.195334,0.303177,0.644203,-0.438118,0.810064,1.002437,-0.065738,0.229475,0.999685,-0.416756,0.894341,1.452456,-0.256642,0.195866,1.410559,-0.748126,0.937627,1.567426,-0.316625,0.162392,1.523527,-0.844192,0.898375,1.584299,-0.384540,0.210156,1.532021,-0.928980,0.871336,1.539136,-0.299918,0.230683,1.488086,-0.794812,0.662500,1.444484,-0.023271,0.364412,1.445160,0.027169,0.647318,2.067582,0.119011,0.369834,2.079792,0.219481,0.643748,2.629693,0.837646,0.382294,2.634628,0.777599,0.647130,2.721013,0.878422,0.379231,2.725841,0.819778,0.613167,2.816183,0.363455,0.429895,2.820352,0.231913
146.000000,10.071925,0.517954,0.335656,-0.828895,0.542752,0.264225,-0.780494,0.559404,0.263441,-0.780323,0.574419,0.263918,-0.780534,0.484185,0.271104,-0.792685,0.463352,0.276279,-0.792275,0.445439,0.281416,-0.792673,0.597776,0.293964,-0.441966,0.424228,0.313286,-0.484886,0.552058,0.400821,-0.703199,0.481143,0.409096,-0.712450,0.742824,0.654597,-0.203561,0.303131,0.644196,-0.427064,0.810060,1.001797,-0.075136,0.229530,0.997153,-0.416667,0.890785,1.453985,-0.251001,0.197714,1.408825,-0.752355,0.932797,1.568727,-0.310488,0.164480,1.521720,-0.850088,0.893715,1.585108,-0.375430,0.211769,1.527996,-0.936944,0.866691,1.540337,-0.292650,0.232773,1.484823,-0.799783,0.662657,1.442159,-0.024760,0.364513,1.443074,0.028668,0.647438,2.061968,0.120219,0.369923,2.073896,0.254220,0.644220,2.622354,0.841521,0.382461,2.625980,0.870848,0.647474,2.711815,0.883102,0.379527,2.715629,0.920955,0.613883,2.808619,0.365000,0.429954,2.810590,0.338996
147.000000,10.137387,0.517952,0.335808,-0.829378,0.542678,0.264466,-0.781584,0.559339,0.263598,-0.781437,0.574317,0.264050,-0.781726,0.484186,0.271524,-0.793687,0.463356,0.276727,-0.793287,0.445464,0.281817,-0.793681,0.597771,0.294119,-0.442676,0.424276,0.313557,-0.482056,0.552065,0.400846,-0.703475,0.481167,0.409141,-0.713776,0.742722,0.653998,-0.205059,0.303590,0.643980,-0.412322,0.811458,0.996659,-0.074282,0.229496,0.996397,-0.399404,0.899671,1.443916,-0.251156,0.198456,1.406804,-0.747300,0.945116,1.558630,-0.310317,0.165311,1.519667,-0.847093,0.906783,1.576567,-0.377965,0.212205,1.526557,-0.935515,0.878693,1.532212,-0.293671,0.233032,1.483668,-0.796371,0.663887,1.441808,-0.030075,0.366646,1.442954,0.033923,0.651807,2.061609,0.112213,0.373970,2.073775,0.265554,0.650373,2.622094,0.830553,0.386696,2.626022,0.883122,0.654308,2.711741,0.871670,0.383505,2.715710,0.932637,0.619953,2.808196,0.345715,0.435759,2.810615,0.343673
148.000000,10.213353,0.517980,0.335745,-0.830509,0.542685,0.264333,-0.781323,0.559344,0.263430,-0.781179,0.574322,0.263863,-0.781424,0.484194,0.271502,-0.794425,0.463357,0.276739,-0.794027,0.445463,0.281843,-0.794421,0.597732,0.294064,-0.439623,0.424231,0.313578,-0.481386,0.552093,0.400852,-0.702576,0.481223,0.409165,-0.713701,0.742406,0.651841,-0.204754,0.303610,0.644111,-0.413306,0.810247,0.996765,-0.070837,0.229816,0.997137,-0.400927,0.885462,1.445039,-0.240626,0.201995,1.409275,-0.733745,0.926472,1.559803,-0.297184,0.168936,1.523322,-0.830474,0.890014,1.577348,-0.364350,0.216359,1.531395,-0.911137,0.864003,1.533030,-0.282720,0.237203,1.487898,-0.779058,0.666354,1.440067,-0.030332,0.369670,1.442739,0.034147,0.655112,2.060077,0.112349,0.380344,2.073702,0.267718,0.656158,2.620493,0.834520,0.396485,2.625822,0.887772,0.660003,2.709364,0.876229,0.394208,2.715229,0.937899,0.627412,2.807332,0.350647,0.444676,2.810307,0.348201
149.000000,10.279803,0.518214,0.336575,-0.831718,0.542735,0.264813,-0.781977,0.559373,0.263764,-0.781837,0.574354,0.264110,-0.782080,0.484333,0.272327,-0.795520,0.463478,0.277584,-0.795126,0.445573,0.282721,-0.795525,0.597706,0.294154,-0.438381,0.424273,0.314641,-0.481548,0.552294,0.401466,-0.702492,0.481514,0.409866,-0.714167,0.741994,0.651137,-0.201168,0.303629,0.644138,-0.414946,0.808017,0.993863,-0.071208,0.229797,0.997036,-0.430992,0.882618,1.443004,-0.271106,0.202471,1.409879,-0.799972,0.924558,1.556937,-0.333981,0.169458,1.524535,-0.903202,0.889185,1.574851,-0.404689,0.216542,1.532435,-0.983032,0.862721,1.531001,-0.315596,0.237335,1.488709,-0.845392,0.666337,1.438262,-0.028690,0.369653,1.441507,0.032429,0.655044,2.057401,0.114536,0.380003,2.071382,0.271560,0.656039,2.616955,0.836997,0.396225,2.622465,0.901167,0.659984,2.705235,0.879012,0.394058,2.711051,0.951368,0.627265,2.803503,0.353760,0.444360,2.807111,0.356241
150.000000,10.347566,0.518142,0.336594,-0.791182,0.542602,0.264821,-0.742219,0.559273,0.263763,-0.742031,0.574238,0.264097,-0.742284,0.484289,0.272342,-0.754990,0.463446,0.277608,-0.754531,0.445554,0.282763,-0.754910,0.597679,0.294181,-0.419663,0.424253,0.314890,-0.457168,0.552229,0.401619,-0.669312,0.481481,0.410017,-0.679726,0.741849,0.650740,-0.194649,0.303629,0.644831,-0.408433,0.807878,0.995478,-0.036651,0.229810,0.997016,-0.380143,0.882862,1.446254,-0.134102,0.202421,1.410230,-0.664073,0.924892,1.560891,-0.175480,0.169211,1.524719,-0.750045,0.888992,1.580072,-0.236166,0.215949,1.533522,-0.833750,0.862491,1.535381,-0.171859,0.237093,1.489709,-0.710475,0.667533,1.438283,-0.028436,0.370238,1.441503,0.032203,0.656311,2.057455,0.107031,0.380422,2.071298,0.240896,0.656905,2.617035,0.817095,0.395959,2.622516,0.812655,0.660931,2.705370,0.857483,0.393625,2.711373,0.856560,0.628099,2.803538,0.346014,0.444349,2.807117,0.281106
151.000000,10.415720,0.518150,0.336977,-0.799402,0.542590,0.265048,-0.749571,0.559270,0.263955,-0.749411,0.574239,0.264293,-0.749679,0.484292,0.272506,-0.762916,0.463448,0.277750,-0.762489,0.445563,0.282865,-0.762900,0.597686,0.294352,-0.420398,0.424255,0.314964,-0.459121,0.552289,0.402183,-0.674130,0.481533,0.410384,-0.685096,0.741196,0.650561,-0.198755,0.303488,0.645010,-0.409884,0.808216,0.993128,-0.053209,0.229387,0.997019,-0.384536,0.886836,1.446338,-0.167311,0.201004,1.410289,-0.690426,0.930183,1.560810,-0.213958,0.166976,1.524488,-0.782727,0.893535,1.579789,-0.268546,0.213132,1.533171,-0.866668,0.866330,1.535346,-0.203734,0.234763,1.489631,-0.737389,0.667540,1.438306,-0.028409,0.370224,1.441948,0.032185,0.656396,2.057500,0.111432,0.380661,2.071672,0.245534,0.658140,2.617102,0.824522,0.396987,2.622664,0.824636,0.662205,2.705547,0.865813,0.394643,2.711527,0.870780,0.629887,2.803569,0.359665,0.445806,2.807159,0.302832
152.000000,10.487547,0.518153,0.337049,-0.783685,0.542637,0.264904,-0.736981,0.559335,0.263664,-0.736774,0.574347,0.263811,-0.736967,0.484288,0.272524,-0.748497,0.463433,0.277770,-0.748096,0.445542,0.282889,-0.748460,0.597845,0.293927,-0.419817,0.424251,0.314973,-0.452053,0.552296,0.402203,-0.663880,0.481540,0.410526,-0.672301,0.741603,0.650660,-0.202841,0.303691,0.645530,-0.404468,0.808171,0.996275,-0.054256,0.229737,0.996388,-0.380857,0.883228,1.453299,-0.168709,0.199564,1.410491,-0.691727,0.925171,1.566796,-0.215916,0.163145,1.524466,-0.781846,0.887659,1.584174,-0.274785,0.208947,1.533030,-0.864397,0.860877,1.540200,-0.206093,0.232336,1.489602,-0.738871,0.667574,1.438320,-0.028495,0.370210,1.441935,0.032270,0.656335,2.057539,0.109209,0.380547,2.071695,0.246842,0.657849,2.617138,0.821697,0.396845,2.622720,0.835163,0.661745,2.705675,0.863459,0.394372,2.711654,0.881962,0.629425,2.803592,0.360239,0.444155,2.807046,0.314970
153.000000,10.555697,0.518172,0.337321,-0.806232,0.542648,0.265002,-0.753285,0.559340,0.263724,-0.753180,0.574352,0.263858,-0.753419,0.484342,0.272720,-0.772606,0.463501,0.277965,-0.772286,0.445593,0.283102,-0.772737,0.597845,0.293937,-0.421021,0.424251,0.315147,-0.469966,0.552303,0.402361,-0.674307,0.481702,0.410656,-0.692092,0.741403,0.651110,-0.184265,0.303511,0.645520,-0.426910,0.808069,0.998559,-0.052941,0.229620,0.996388,-0.446608,0.879364,1.454627,-0.243501,0.200871,1.410327,-0.817814,0.920156,1.569566,-0.306729,0.167472,1.524403,-0.922149,0.883289,1.587088,-0.376407,0.214579,1.532875,-0.997518,0.857359,1.542178,-0.287844,0.235420,1.489272,-0.860931,0.667411,1.438450,-0.021744,0.370234,1.442351,0.025413,0.656300,2.057697,0.110424,0.380570,2.072423,0.242895,0.658223,2.617320,0.822035,0.397452,2.623120,0.839384,0.662344,2.705910,0.864218,0.394668,2.712030,0.886363,0.629730,2.803808,0.360363,0.446084,2.807341,0.304900
154.000000,10.627638,0.518276,0.337344,-0.833528,0.542721,0.265010,-0.779855,0.559395,0.263730,-0.779730,0.574405,0.263862,-0.780033,0.484419,0.272759,-0.797075,0.463584,0.278012,-0.796714,0.445664,0.283153,-0.797131,0.597846,0.293944,-0.432305,0.424284,0.315207,-0.481932,0.552414,0.402350,-0.698552,0.481920,0.410689,-0.714203,0.741192,0.651107,-0.189696,0.303604,0.645411,-0.426838,0.807883,0.993614,-0.054525,0.229621,0.996421,-0.426623,0.883479,1.449254,-0.247455,0.201915,1.409942,-0.767281,0.926239,1.563340,-0.310470,0.169769,1.523985,-0.869432,0.888539,1.581825,-0.381920,0.216640,1.532616,-0.953066,0.861992,1.537207,-0.292306,0.236623,1.489006,-0.812965,0.666960,1.438147,-0.022758,0.370101,1.441504,0.026467,0.655578,2.057374,0.108936,0.378509,2.071289,0.244344,0.657214,2.617245,0.821490,0.394130,2.622877,0.845744,0.661305,2.705985,0.863155,0.391046,2.711967,0.892351,0.628402,2.803572,0.346076,0.443132,2.806981,0.307388
155.000000,10.696407,0.518369,0.337346,-0.791582,0.542770,0.265001,-0.744730,0.559427,0.263725,-0.744512,0.574447,0.263863,-0.744862,0.484649,0.272736,-0.756757,0.463895,0.277969,-0.756412,0.445906,0.283135,-0.756774,0.597866,0.293955,-0.423525,0.424446,0.315213,-0.458840,0.552492,0.402367,-0.669072,0.482245,0.410668,-0.678590,0.741307,0.651084,-0.198930,0.304393,0.645342,-0.402984,0.808490,0.993563,-0.084762,0.229669,0.995321,-0.412027,0.887360,1.447875,-0.259975,0.199125,1.402558,-0.758414,0.932292,1.561668,-0.320934,0.165196,1.512514,-0.855750,0.891979,1.579451,-0.386582,0.210713,1.519305,-0.938464,0.864813,1.535145,-0.301202,0.231848,1.478105,-0.805218,0.666920,1.438130,-0.023525,0.370115,1.441092,0.027222,0.655545,2.057379,0.109238,0.378453,2.070782,0.243494,0.656862,2.617306,0.815048,0.392702,2.622584,0.826984,0.661037,2.706194,0.856257,0.389290,2.711752,0.872278,0.627534,2.803188,0.347743,0.441573,2.806586,0.301766
156.000000,10.764583,0.518375,0.337371,-0.793792,0.542773,0.264990,-0.746265,0.559433,0.263686,-0.746049,0.574461,0.263783,-0.746337,0.484597,0.272751,-0.758156,0.463851,0.277986,-0.757795,0.445869,0.283154,-0.758151,0.597933,0.293869,-0.423542,0.424408,0.315226,-0.457107,0.552500,0.402379,-0.670725,0.482237,0.410808,-0.679893,0.741581,0.651080,-0.204225,0.304586,0.645545,-0.404124,0.807626,0.997783,-0.082644,0.229829,0.996853,-0.396382,0.878574,1.456177,-0.237615,0.199205,1.406454,-0.703930,0.918984,1.571062,-0.293716,0.165237,1.517177,-0.795566,0.879424,1.587103,-0.355881,0.210793,1.523626,-0.875758,0.853807,1.542929,-0.276466,0.232045,1.482537,-0.749026,0.667260,1.438325,-0.024490,0.370550,1.441238,0.028138,0.655354,2.058050,0.123689,0.378421,2.070886,0.247897,0.655832,2.617607,0.854772,0.392698,2.622597,0.835003,0.659818,2.706255,0.899509,0.389326,2.711637,0.882572,0.626630,2.803357,0.399389,0.441544,2.806603,0.315663
157.000000,10.832609,0.518446,0.337384,-0.791323,0.542785,0.264988,-0.742942,0.559449,0.263682,-0.742739,0.574495,0.263775,-0.742989,0.484654,0.272736,-0.756061,0.463965,0.277949,-0.755650,0.445998,0.283120,-0.756004,0.597943,0.293867,-0.418166,0.424442,0.315219,-0.455863,0.552588,0.402407,-0.667228,0.482325,0.410830,-0.677782,0.741588,0.651056,-0.195453,0.304479,0.645474,-0.404803,0.807083,0.998352,-0.057897,0.229742,0.997323,-0.394002,0.879350,1.457606,-0.203364,0.200025,1.413391,-0.699911,0.920419,1.572068,-0.255593,0.166113,1.526037,-0.791875,0.881498,1.588477,-0.319330,0.212655,1.533818,-0.870759,0.855279,1.544478,-0.243535,0.234115,1.491435,-0.744371,0.666953,1.438794,-0.024881,0.369768,1.441663,0.028576,0.654007,2.059333,0.112970,0.377653,2.072369,0.248062,0.654432,2.619226,0.832489,0.392077,2.624004,0.838034,0.658124,2.708016,0.875227,0.388755,2.713167,0.885443,0.625802,2.805043,0.373960,0.440759,2.808086,0.315820
158.000000,10.901235,0.518453,0.337318,-0.827475,0.542787,0.264869,-0.774578,0.559452,0.263539,-0.774481,0.574498,0.263602,-0.774814,0.484657,0.272708,-0.791463,0.463965,0.277948,-0.791102,0.446000,0.283130,-0.791512,0.597894,0.293795,-0.424637,0.424454,0.315230,-0.475807,0.552597,0.402353,-0.692533,0.482336,0.410821,-0.707733,0.741499,0.651131,-0.188578,0.304793,0.645474,-0.417841,0.807186,0.998045,-0.038683,0.230133,0.997277,-0.421368,0.884546,1.451542,-0.201499,0.200393,1.411552,-0.784145,0.927086,1.565951,-0.254092,0.166668,1.523909,-0.886311,0.890376,1.583417,-0.322657,0.213210,1.532433,-0.969496,0.863676,1.539213,-0.243710,0.234371,1.489824,-0.830975,0.667061,1.438840,-0.024718,0.370409,1.442228,0.028382,0.657874,2.059342,0.115420,0.382317,2.072798,0.248215,0.663202,2.619255,0.842604,0.402835,2.624322,0.848629,0.667515,2.708056,0.885109,0.399901,2.713520,0.896753,0.636896,2.805045,0.373776,0.454756,2.808141,0.316412
159.000000,10.968297,0.518913,0.337619,-0.827252,0.543066,0.264909,-0.775470,0.559577,0.263581,-0.775361,0.574629,0.263635,-0.775691,0.485232,0.272744,-0.791272,0.464673,0.277956,-0.790902,0.446626,0.283139,-0.791306,0.597898,0.293827,-0.426842,0.424759,0.315195,-0.475636,0.552717,0.402628,-0.693079,0.482935,0.410937,-0.707369,0.741245,0.651135,-0.194872,0.304795,0.645334,-0.415470,0.807176,0.999727,-0.076817,0.230503,0.996309,-0.440151,0.884596,1.451382,-0.288485,0.200537,1.408730,-0.859582,0.927155,1.565956,-0.354386,0.166702,1.520497,-0.971340,0.890325,1.583394,-0.424567,0.213223,1.527436,-1.051486,0.863614,1.539120,-0.332269,0.234387,1.485195,-0.907528,0.666775,1.439696,-0.026564,0.370209,1.442803,0.030292,0.657570,2.059980,0.126272,0.381563,2.073774,0.282122,0.662823,2.619535,0.865334,0.402698,2.625092,0.914490,0.667049,2.708607,0.909681,0.399787,2.714441,0.965669,0.636611,2.805585,0.394919,0.454260,2.810406,0.380816
160.000000,11.048555,0.519279,0.338013,-0.826680,0.543282,0.264999,-0.775397,0.559674,0.263668,-0.775281,0.574729,0.263708,-0.775605,0.485695,0.272834,-0.790712,0.465235,0.277986,-0.790339,0.447140,0.283152,-0.790740,0.597901,0.293890,-0.427874,0.425004,0.315189,-0.475531,0.552816,0.402981,-0.693047,0.483443,0.411115,-0.707023,0.741049,0.651134,-0.198512,0.304798,0.645292,-0.413316,0.807120,0.999741,-0.090229,0.230759,0.995577,-0.446920,0.884637,1.451210,-0.305977,0.200642,1.406775,-0.873801,0.927212,1.565957,-0.372824,0.166710,1.518181,-0.986181,0.890296,1.583346,-0.442719,0.213228,1.524181,-1.065923,0.863572,1.539018,-0.349719,0.234392,1.482170,-0.921855,0.666698,1.440186,-0.027932,0.370172,1.443153,0.031700,0.657519,2.060302,0.131344,0.381282,2.074323,0.293954,0.662453,2.619620,0.873101,0.402351,2.625444,0.931244,0.666689,2.708795,0.917778,0.399391,2.714832,0.982745,0.636065,2.805792,0.402166,0.453584,2.811582,0.397204
