Frame,Time,NOSE,NOSE,NOSE,LEFT_EYE_INNER,LEFT_EYE_INNER,LEFT_EYE_INNER,LEFT_EYE,LEFT_EYE,LEFT_EYE,LEFT_EYE_OUTER,LEFT_EYE_OUTER,LEFT_EYE_OUTER,RIGHT_EYE_INNER,RIGHT_EYE_INNER,RIGHT_EYE_INNER,RIGHT_EYE,RIGHT_EYE,RIGHT_EYE,RIGHT_EYE_OUTER,RIGHT_EYE_OUTER,RIGHT_EYE_OUTER,LEFT_EAR,LEFT_EAR,LEFT_EAR,RIGHT_EAR,RIGHT_EAR,RIGHT_EAR,MOUTH_LEFT,MOUTH_LEFT,MOUTH_LEFT,MOUTH_RIGHT,MOUTH_RIGHT,MOUTH_RIGHT,LEFT_SHOULDER,LEFT_SHOULDER,LEFT_SHOULDER,RIGHT_SHOULDER,RIGHT_SHOULDER,RIGHT_SHOULDER,LEFT_ELBOW,LEFT_ELBOW,LEFT_ELBOW,RIGHT_ELBOW,RIGHT_ELBOW,RIGHT_ELBOW,LEFT_WRIST,LEFT_WRIST,LEFT_WRIST,RIGHT_WRIST,RIGHT_WRIST,RIGHT_WRIST,LEFT_PINKY,LEFT_PINKY,LEFT_PINKY,RIGHT_PINKY,RIGHT_PINKY,RIGHT_PINKY,LEFT_INDEX,LEFT_INDEX,LEFT_INDEX,RIGHT_INDEX,RIGHT_INDEX,RIGHT_INDEX,LEFT_THUMB,LEFT_THUMB,LEFT_THUMB,RIGHT_THUMB,RIGHT_THUMB,RIGHT_THUMB,LEFT_HIP,LEFT_HIP,LEFT_HIP,RIGHT_HIP,RIGHT_HIP,RIGHT_HIP,LEFT_KNEE,LEFT_KNEE,LEFT_KNEE,RIGHT_KNEE,RIGHT_KNEE,RIGHT_KNEE,LEFT_ANKLE,LEFT_ANKLE,LEFT_ANKLE,RIGHT_ANKLE,RIGHT_ANKLE,RIGHT_ANKLE,LEFT_HEEL,LEFT_HEEL,LEFT_HEEL,RIGHT_HEEL,RIGHT_HEEL,RIGHT_HEEL,LEFT_FOOT_INDEX,LEFT_FOOT_INDEX,LEFT_FOOT_INDEX,RIGHT_FOOT_INDEX,RIGHT_FOOT_INDEX,RIGHT_FOOT_INDEX
,,X,Y,Z,X,Y,Z,X,Y,Z,X,Y,Z,X,Y,Z,X,Y,Z,X,Y,Z,X,Y,Z,X,Y,Z,X,Y,Z,X,Y,Z,X,Y,Z,X,Y,Z,X,Y,Z,X,Y,Z,X,Y,Z,X,Y,Z,X,Y,Z,X,Y,Z,X,Y,Z,X,Y,Z,X,Y,Z,X,Y,Z,X,Y,Z,X,Y,Z,X,Y,Z,X,Y,Z,X,Y,Z,X,Y,Z,X,Y,Z,X,Y,Z,X,Y,Z,X,Y,Z
0.000000,0.000000,0.510963,0.193042,-0.824992,0.541417,0.097418,-0.814842,0.562611,0.090773,-0.814922,0.578533,0.085509,-0.815108,0.477822,0.115017,-0.805763,0.461019,0.117817,-0.805723,0.444467,0.120084,-0.805996,0.603940,0.089246,-0.550726,0.422887,0.122850,-0.497371,0.550590,0.264898,-0.709341,0.483647,0.275612,-0.693249,0.706210,0.401830,-0.302908,0.357922,0.399332,-0.243167,0.768291,0.844155,-0.151642,0.281460,0.749000,-0.047464,0.800984,1.056404,-0.411438,0.176753,0.975116,-0.333325,0.844417,1.163951,-0.473810,0.123988,1.012100,-0.398510,0.829074,1.138486,-0.556939,0.138458,0.998162,-0.488249,0.804480,1.103654,-0.456520,0.164716,0.990288,-0.382456,0.655966,1.226991,-0.042816,0.419047,1.225091,0.045740,0.647610,1.839191,0.137975,0.428188,1.832619,0.350152,0.643333,2.364012,0.719654,0.425809,2.370626,0.929853,0.644475,2.450010,0.757552,0.426421,2.457148,0.975421,0.614028,2.560829,0.314183,0.455394,2.564405,0.527021
1.000000,0.082746,0.511085,0.189533,-0.852047,0.540965,0.095754,-0.844752,0.561704,0.089117,-0.844847,0.577507,0.083823,-0.845028,0.478387,0.113113,-0.835298,0.461532,0.116009,-0.835258,0.445129,0.118804,-0.835525,0.602924,0.088526,-0.578771,0.423657,0.122663,-0.522595,0.549579,0.261574,-0.735285,0.483567,0.273098,-0.718601,0.705433,0.401897,-0.310869,0.357277,0.400493,-0.242295,0.767823,0.844129,-0.159228,0.281201,0.752859,0.023972,0.800488,1.049436,-0.418883,0.177299,0.992435,-0.161331,0.844265,1.141228,-0.475424,0.124403,1.027238,-0.206825,0.829606,1.114903,-0.552679,0.138957,1.015453,-0.298824,0.804773,1.083923,-0.460319,0.165072,1.002772,-0.206782,0.655475,1.227500,-0.045165,0.419000,1.223687,0.048123,0.643240,1.837094,0.120020,0.422479,1.832106,0.334093,0.634933,2.369877,0.683955,0.420190,2.375425,0.894120,0.635657,2.457383,0.720020,0.421266,2.460780,0.936921,0.604578,2.566555,0.304016,0.449900,2.573504,0.490007
2.000000,0.163008,0.511286,0.179721,-0.924666,0.540740,0.088341,-0.908214,0.561067,0.082595,-0.908466,0.576695,0.078288,-0.908619,0.478811,0.106317,-0.902279,0.461951,0.110436,-0.902425,0.445613,0.114663,-0.902772,0.602296,0.088169,-0.619932,0.424205,0.122667,-0.583197,0.549646,0.254432,-0.800946,0.483760,0.267164,-0.790206,0.704865,0.403932,-0.335231,0.356357,0.403551,-0.274575,0.767343,0.846021,-0.170440,0.279804,0.767295,0.022696,0.814034,1.055870,-0.427499,0.176985,1.000974,-0.158505,0.848689,1.142595,-0.483429,0.124472,1.029139,-0.205986,0.836969,1.116849,-0.570944,0.138036,1.017199,-0.301664,0.811064,1.086546,-0.472610,0.163551,1.003874,-0.205894,0.654190,1.229219,-0.045767,0.419147,1.224758,0.048593,0.639611,1.835021,0.123604,0.421934,1.831010,0.318784,0.634787,2.367635,0.686390,0.420724,2.374545,0.851098,0.635533,2.455445,0.722509,0.422987,2.460756,0.890233,0.603966,2.563529,0.323205,0.449620,2.571032,0.453807
3.000000,0.257001,0.511511,0.173773,-0.948526,0.540829,0.081878,-0.934999,0.560909,0.076394,-0.935158,0.576480,0.072244,-0.935353,0.479136,0.099106,-0.927425,0.462249,0.103377,-0.927498,0.445966,0.107774,-0.927802,0.601915,0.084773,-0.650267,0.424380,0.121698,-0.602514,0.549657,0.249168,-0.825417,0.483836,0.263201,-0.811223,0.704837,0.405819,-0.367812,0.355917,0.403774,-0.291857,0.767012,0.849136,-0.181914,0.280074,0.764669,0.063028,0.816418,1.067240,-0.413725,0.177272,1.005959,-0.040152,0.850178,1.153395,-0.467020,0.124841,1.056431,-0.078228,0.836030,1.134160,-0.553543,0.138301,1.037185,-0.181691,0.810503,1.099934,-0.457851,0.163811,1.015302,-0.088757,0.654120,1.230699,-0.053600,0.419643,1.225421,0.056290,0.639559,1.840815,0.144694,0.421969,1.840821,0.352056,0.634559,2.381238,0.769286,0.420908,2.393449,0.942784,0.635430,2.473609,0.811228,0.423738,2.481680,0.988170,0.603473,2.578161,0.392308,0.449285,2.594291,0.530120
4.000000,0.339936,0.509686,0.171361,-1.003119,0.537818,0.078420,-0.988839,0.558103,0.072482,-0.989040,0.573813,0.068038,-0.989188,0.476658,0.095884,-0.981739,0.460210,0.100325,-0.981923,0.444539,0.104948,-0.982131,0.600023,0.080294,-0.702146,0.423340,0.120729,-0.660713,0.548248,0.246289,-0.878471,0.482737,0.261280,-0.865944,0.704696,0.406721,-0.393237,0.355487,0.403801,-0.329691,0.765393,0.848517,-0.152145,0.280273,0.763536,0.060196,0.814821,1.066977,-0.362576,0.177495,1.004050,-0.003525,0.848868,1.153941,-0.390786,0.124954,1.048140,-0.038055,0.836724,1.134763,-0.534072,0.138570,1.031792,-0.143278,0.810358,1.101130,-0.423116,0.164032,1.013423,-0.052095,0.653862,1.230132,-0.053205,0.421705,1.225200,0.055778,0.636665,1.819112,0.152955,0.424643,1.818508,0.342792,0.634915,2.346409,0.771537,0.429045,2.371946,0.887669,0.636504,2.437311,0.813469,0.435017,2.458411,0.928538,0.604302,2.540101,0.431035,0.449872,2.576568,0.496335
5.000000,0.419843,0.507962,0.170371,-1.010745,0.535880,0.077430,-0.996437,0.556560,0.071358,-0.996623,0.572493,0.066812,-0.996724,0.474884,0.094234,-0.990979,0.458676,0.098477,-0.991183,0.443352,0.103006,-0.991328,0.599140,0.078994,-0.708402,0.422702,0.120075,-0.674973,0.546931,0.245163,-0.885229,0.481713,0.259840,-0.874875,0.704519,0.407078,-0.399174,0.355277,0.404633,-0.345892,0.761684,0.840615,-0.138901,0.280402,0.762682,0.067105,0.806923,1.066025,-0.342011,0.177636,1.006250,0.047944,0.846299,1.154053,-0.362131,0.125258,1.062904,0.017863,0.836374,1.134887,-0.527078,0.138716,1.034157,-0.086191,0.809494,1.101564,-0.411289,0.164171,1.014850,0.000955,0.651986,1.229917,-0.053081,0.422446,1.224807,0.055529,0.628635,1.780670,0.227178,0.425099,1.773901,0.355594,0.634629,2.288663,0.882490,0.433996,2.316904,0.907055,0.636063,2.374221,0.931162,0.442379,2.400817,0.948619,0.604236,2.482421,0.590104,0.450145,2.518079,0.552013
6.000000,0.499490,0.507741,0.172693,-1.023240,0.534778,0.079843,-1.010062,0.555297,0.072994,-1.010314,0.571035,0.067665,-1.010474,0.474727,0.096532,-1.003317,0.458607,0.100342,-1.003490,0.443413,0.104831,-1.003633,0.597157,0.079137,-0.717655,0.422887,0.120626,-0.678394,0.545939,0.245606,-0.894965,0.481783,0.260655,-0.882920,0.704168,0.407369,-0.409209,0.354669,0.405611,-0.336225,0.760902,0.837815,-0.166818,0.280399,0.764240,0.064517,0.804604,1.066131,-0.375661,0.179025,1.008009,-0.005951,0.844210,1.154489,-0.424134,0.127398,1.068767,-0.044565,0.835998,1.134932,-0.529887,0.141011,1.037557,-0.151354,0.808540,1.101912,-0.425366,0.166016,1.015718,-0.055836,0.647721,1.229207,-0.050682,0.422471,1.224445,0.052948,0.626249,1.766069,0.212273,0.424659,1.762040,0.350885,0.633746,2.276903,0.840346,0.434387,2.306350,0.869402,0.635141,2.361073,0.885849,0.441961,2.388845,0.905897,0.604154,2.471133,0.536800,0.451470,2.508116,0.530475
7.000000,0.579753,0.506338,0.173326,-1.037729,0.532990,0.080267,-1.025531,0.553786,0.073383,-1.025709,0.569752,0.067977,-1.025800,0.473219,0.096810,-1.017400,0.457273,0.100506,-1.017564,0.442179,0.104872,-1.017642,0.596453,0.078582,-0.745363,0.422491,0.120575,-0.701269,0.544774,0.245805,-0.914492,0.481196,0.260753,-0.900930,0.704100,0.407398,-0.433752,0.354753,0.405646,-0.358065,0.760247,0.834716,-0.157250,0.281280,0.762183,0.060756,0.804331,1.066198,-0.335163,0.184735,1.006334,0.003560,0.843938,1.158917,-0.370962,0.137003,1.066773,-0.031424,0.834725,1.139796,-0.485278,0.149314,1.035582,-0.139479,0.807970,1.106917,-0.384792,0.173029,1.014629,-0.046640,0.647642,1.221464,-0.043372,0.425391,1.218503,0.045497,0.626426,1.738930,0.218083,0.428951,1.737700,0.342296,0.633463,2.243534,0.830781,0.438606,2.281720,0.840067,0.634955,2.329052,0.875341,0.444879,2.367490,0.873120,0.606766,2.436810,0.550900,0.457138,2.480100,0.503976
8.000000,0.661260,0.504485,0.172825,-1.005697,0.530922,0.080571,-0.992499,0.551788,0.073742,-0.992675,0.568041,0.068365,-0.992776,0.471699,0.096702,-0.984363,0.455958,0.100339,-0.984494,0.440980,0.104666,-0.984598,0.595286,0.078673,-0.712457,0.421929,0.120543,-0.667922,0.542953,0.245548,-0.883313,0.480228,0.259981,-0.869639,0.703422,0.407520,-0.413638,0.354698,0.405847,-0.338075,0.759277,0.825517,-0.156820,0.281338,0.762062,0.059110,0.803273,1.062235,-0.337405,0.184807,1.007733,-0.027048,0.841736,1.155315,-0.378855,0.136879,1.069773,-0.065684,0.819983,1.121016,-0.478540,0.149232,1.038118,-0.169273,0.805670,1.102989,-0.383222,0.172984,1.016518,-0.076387,0.646530,1.220377,-0.042376,0.425402,1.218054,0.044503,0.626644,1.745275,0.191714,0.429304,1.745105,0.291786,0.634180,2.257080,0.758321,0.439916,2.290800,0.721687,0.635555,2.343294,0.798059,0.446041,2.376621,0.748868,0.608614,2.450492,0.475805,0.458527,2.488192,0.364340
9.000000,0.742336,0.504187,0.172836,-1.013636,0.530492,0.080826,-1.000090,0.551146,0.073998,-1.000292,0.567162,0.068623,-1.000389,0.471556,0.096736,-0.991357,0.455756,0.100277,-0.991512,0.440837,0.104532,-0.991625,0.593927,0.078752,-0.717036,0.422000,0.120517,-0.670165,0.542359,0.245325,-0.890119,0.479996,0.259490,-0.875880,0.703283,0.409194,-0.418773,0.354570,0.406036,-0.335036,0.759125,0.828716,-0.161851,0.281387,0.761872,0.090417,0.800777,1.062207,-0.340024,0.185265,1.007897,0.076201,0.841608,1.155348,-0.384910,0.137230,1.069678,0.047248,0.821817,1.121575,-0.481194,0.150015,1.040350,-0.058694,0.805205,1.102921,-0.385375,0.173513,1.017826,0.028003,0.646244,1.220480,-0.043643,0.425963,1.218152,0.045758,0.626246,1.740485,0.214932,0.429967,1.739718,0.349360,0.634070,2.248428,0.853694,0.442758,2.281206,0.888426,0.635558,2.333016,0.901922,0.450543,2.364900,0.929171,0.608416,2.443431,0.569056,0.458281,2.481645,0.549573
10.000000,0.824398,0.504195,0.172951,-1.025936,0.530221,0.081449,-1.012540,0.550730,0.074392,-1.012771,0.566652,0.068836,-1.012883,0.471513,0.097801,-1.004435,0.455668,0.101321,-1.004621,0.440743,0.105619,-1.004761,0.593266,0.078786,-0.727809,0.421962,0.121010,-0.683059,0.542141,0.245528,-0.901040,0.479982,0.259718,-0.887568,0.703040,0.409267,-0.423425,0.354456,0.406150,-0.339017,0.758967,0.829951,-0.160214,0.281433,0.761464,0.088647,0.798070,1.063470,-0.333444,0.185950,1.009839,0.057166,0.841435,1.158791,-0.378027,0.140086,1.076155,0.027919,0.823254,1.130317,-0.471772,0.152978,1.051345,-0.078518,0.804844,1.105872,-0.378037,0.175712,1.023841,0.008924,0.646426,1.220437,-0.043920,0.427822,1.218556,0.046017,0.627720,1.741764,0.213289,0.433182,1.743407,0.345056,0.636489,2.252240,0.831285,0.449779,2.285823,0.871403,0.637923,2.337293,0.875890,0.458020,2.369732,0.907821,0.612539,2.447153,0.531408,0.464976,2.485766,0.523387
11.000000,0.906564,0.504233,0.173133,-1.007360,0.529928,0.081575,-0.994784,0.550266,0.074551,-0.994937,0.566002,0.069034,-0.995050,0.471402,0.097892,-0.986782,0.455489,0.101385,-0.986898,0.440565,0.105644,-0.987008,0.592122,0.078785,-0.716963,0.421619,0.120966,-0.674168,0.541946,0.245637,-0.885492,0.479914,0.259746,-0.872133,0.702921,0.409219,-0.417024,0.354284,0.406043,-0.323676,0.759177,0.833923,-0.165192,0.282372,0.756825,0.109654,0.796403,1.066623,-0.370710,0.187804,1.005040,0.077191,0.839481,1.163542,-0.420441,0.142538,1.051953,0.048328,0.823144,1.137134,-0.515318,0.155420,1.045123,-0.057402,0.803624,1.108113,-0.416394,0.177491,1.022581,0.029481,0.646802,1.221394,-0.045135,0.429873,1.220506,0.047161,0.631168,1.742531,0.193103,0.437488,1.749115,0.340550,0.638687,2.252757,0.801257,0.452477,2.293855,0.869341,0.640302,2.339387,0.845920,0.460267,2.376977,0.907065,0.613738,2.450423,0.486196,0.467001,2.492484,0.515832
12.000000,0.991007,0.502352,0.172889,-0.998423,0.527930,0.081089,-0.985769,0.548415,0.074121,-0.985919,0.564564,0.068708,-0.986060,0.469177,0.097559,-0.979408,0.453630,0.101167,-0.979476,0.438673,0.105387,-0.979568,0.591375,0.078169,-0.706953,0.420251,0.120490,-0.669124,0.540648,0.245486,-0.875991,0.478470,0.259507,-0.864984,0.702912,0.409191,-0.410333,0.353921,0.406045,-0.318144,0.758997,0.840837,-0.168540,0.282524,0.756715,0.121127,0.795255,1.067104,-0.373437,0.188664,1.002832,0.101890,0.838623,1.164947,-0.422519,0.143637,1.047171,0.075045,0.823141,1.139167,-0.514934,0.156427,1.040377,-0.029569,0.802803,1.108677,-0.418526,0.178545,1.021383,0.054674,0.647049,1.224924,-0.048969,0.430077,1.224177,0.051078,0.631472,1.745999,0.189411,0.437720,1.752110,0.363547,0.638739,2.256142,0.800539,0.451324,2.296642,0.908442,0.640519,2.343101,0.845565,0.458823,2.380824,0.949656,0.613426,2.456163,0.488314,0.466636,2.496216,0.558370
13.000000,1.070781,0.502328,0.173022,-0.994639,0.527800,0.081388,-0.982861,0.548171,0.074589,-0.982948,0.564249,0.069223,-0.983047,0.469202,0.097616,-0.977414,0.453613,0.101195,-0.977551,0.438669,0.105362,-0.977695,0.591189,0.078252,-0.705303,0.420187,0.120351,-0.642825,0.540452,0.245772,-0.873427,0.478304,0.259573,-0.860504,0.702938,0.409582,-0.406618,0.353916,0.406043,-0.288622,0.759246,0.847599,-0.196948,0.281586,0.758379,0.128386,0.794685,1.070059,-0.429595,0.188891,1.005327,0.064900,0.839880,1.165609,-0.486094,0.144105,1.058959,0.033382,0.825378,1.139855,-0.576158,0.158456,1.046178,-0.070520,0.803500,1.108642,-0.474179,0.180188,1.023615,0.017056,0.647689,1.230895,-0.053988,0.430137,1.229540,0.056289,0.635204,1.772544,0.128146,0.437904,1.779756,0.356523,0.640407,2.301246,0.717375,0.450569,2.333628,0.896597,0.642945,2.393134,0.758761,0.457747,2.420989,0.934138,0.613493,2.499563,0.382787,0.466066,2.535715,0.520847
14.000000,1.153273,0.501972,0.173069,-1.030499,0.527589,0.081458,-1.016457,0.548084,0.074648,-1.016636,0.564257,0.069242,-1.016698,0.468688,0.097632,-1.008124,0.453109,0.101189,-1.008275,0.438092,0.105319,-1.008412,0.591333,0.078084,-0.726603,0.419451,0.120209,-0.674445,0.540333,0.246459,-0.903918,0.478078,0.259944,-0.889806,0.702878,0.410340,-0.423898,0.353904,0.405812,-0.315246,0.758915,0.850947,-0.189273,0.281612,0.758524,0.123182,0.793770,1.073768,-0.407440,0.188699,1.003638,0.053698,0.836580,1.167163,-0.463770,0.141542,1.058674,0.020967,0.823338,1.141828,-0.551746,0.157234,1.041111,-0.072661,0.800316,1.109182,-0.452107,0.179584,1.021744,0.009798,0.647553,1.232588,-0.056187,0.429796,1.230883,0.058550,0.632916,1.772564,0.129942,0.436248,1.779660,0.353558,0.640015,2.301049,0.729836,0.450462,2.332919,0.867798,0.642817,2.392480,0.771791,0.457027,2.419989,0.901485,0.612513,2.498949,0.407734,0.463363,2.534900,0.496770
15.000000,1.233166,0.501901,0.173218,-1.016652,0.527595,0.081545,-1.002990,0.548071,0.074714,-1.003178,0.564242,0.069262,-1.003267,0.468668,0.097653,-0.994350,0.453017,0.101225,-0.994502,0.437986,0.105361,-0.994655,0.591391,0.077882,-0.717726,0.419193,0.120173,-0.666944,0.540040,0.246626,-0.893127,0.477986,0.260065,-0.879085,0.702409,0.409555,-0.418809,0.353896,0.405280,-0.305278,0.758808,0.837107,-0.184971,0.281893,0.758587,0.122833,0.792929,1.074187,-0.401060,0.188411,1.002307,0.046042,0.830478,1.165531,-0.457593,0.139436,1.056699,0.012304,0.816995,1.141138,-0.545618,0.143291,1.037875,-0.087819,0.793296,1.106791,-0.449232,0.178394,1.020391,-0.001199,0.646855,1.234105,-0.059407,0.428947,1.231822,0.061722,0.631241,1.794972,0.131371,0.435653,1.803009,0.341024,0.639680,2.324631,0.723627,0.450323,2.360422,0.827498,0.642702,2.414785,0.764714,0.456695,2.447078,0.860386,0.612132,2.521982,0.394822,0.462161,2.561173,0.445687
16.000000,1.315997,0.501801,0.173694,-1.011358,0.527132,0.081663,-0.997654,0.547458,0.074831,-0.997841,0.563678,0.069367,-0.997968,0.468619,0.097846,-0.989980,0.452945,0.101533,-0.990158,0.437929,0.105857,-0.990331,0.590980,0.078088,-0.712763,0.419204,0.120826,-0.666045,0.539960,0.247037,-0.887847,0.477966,0.260522,-0.875431,0.702179,0.409561,-0.416634,0.354001,0.405128,-0.295508,0.758526,0.832019,-0.181505,0.282013,0.758901,0.130226,0.792536,1.072647,-0.387539,0.186792,1.002149,0.059440,0.827903,1.160485,-0.440325,0.136572,1.052631,0.027429,0.815028,1.137253,-0.529270,0.135997,1.037580,-0.080720,0.790998,1.101958,-0.434280,0.174713,1.020282,0.009210,0.646957,1.234067,-0.062869,0.429515,1.232069,0.065247,0.632295,1.791128,0.099063,0.438311,1.801283,0.342957,0.641576,2.319691,0.668134,0.452465,2.357559,0.827083,0.644652,2.409779,0.707630,0.459709,2.445643,0.860365,0.613622,2.516051,0.348892,0.462893,2.553631,0.449320
17.000000,1.398136,0.501806,0.173808,-1.025383,0.527170,0.081724,-1.011567,0.547485,0.074909,-1.011751,0.563692,0.069444,-1.011826,0.468651,0.097767,-1.003786,0.452929,0.101457,-1.003912,0.437916,0.105768,-1.004034,0.591016,0.077855,-0.718840,0.419088,0.120722,-0.676180,0.539909,0.247063,-0.897471,0.477801,0.260558,-0.884916,0.701894,0.409521,-0.420069,0.353328,0.405810,-0.310044,0.758349,0.823958,-0.192214,0.280978,0.770236,0.036900,0.792435,1.066168,-0.409453,0.184356,1.006139,-0.147888,0.825320,1.150911,-0.465053,0.134540,1.062379,-0.202364,0.812940,1.126768,-0.557922,0.133307,1.041813,-0.310840,0.782251,1.072764,-0.454513,0.172476,1.020304,-0.201670,0.646740,1.234202,-0.058763,0.429202,1.233132,0.061310,0.632293,1.790464,0.098503,0.436489,1.799831,0.300684,0.640814,2.317946,0.649388,0.449578,2.354120,0.740930,0.642953,2.407535,0.686194,0.455746,2.441662,0.769782,0.613560,2.514109,0.327446,0.462529,2.550840,0.367471
18.000000,1.481378,0.502041,0.173318,-1.018181,0.527328,0.081013,-1.004669,0.547540,0.074208,-1.004861,0.563708,0.068751,-1.004950,0.468903,0.097258,-0.996367,0.453048,0.101095,-0.996494,0.438050,0.105474,-0.996629,0.591039,0.077382,-0.717094,0.419112,0.120684,-0.671332,0.540148,0.246496,-0.891213,0.477815,0.260394,-0.877706,0.701778,0.408641,-0.419419,0.353217,0.406401,-0.309798,0.758358,0.823759,-0.195337,0.280861,0.777668,0.026743,0.793170,1.066825,-0.412620,0.182762,1.012167,-0.166646,0.825867,1.151909,-0.467121,0.133452,1.079305,-0.221474,0.813581,1.128765,-0.559757,0.132306,1.056165,-0.329190,0.783829,1.079983,-0.456904,0.171316,1.022847,-0.220084,0.646742,1.234451,-0.058294,0.429046,1.233613,0.060858,0.632458,1.790959,0.093208,0.434414,1.798955,0.298250,0.640214,2.321720,0.649228,0.446653,2.354361,0.754918,0.642412,2.411717,0.686527,0.452039,2.441687,0.786276,0.612212,2.517676,0.317282,0.461440,2.552321,0.379779
19.000000,1.563385,0.502496,0.172606,-1.015143,0.527897,0.079494,-1.002788,0.547847,0.073121,-1.002954,0.563844,0.068084,-1.003031,0.469427,0.095851,-0.993390,0.453320,0.099987,-0.993493,0.438287,0.104484,-0.993602,0.591184,0.077392,-0.714714,0.419121,0.120273,-0.667365,0.540418,0.246152,-0.888995,0.477831,0.260059,-0.874243,0.701630,0.408689,-0.417842,0.353121,0.407475,-0.310039,0.757720,0.823982,-0.192100,0.280935,0.776906,0.035175,0.790209,1.069785,-0.402639,0.182930,1.011438,-0.154121,0.827047,1.155765,-0.454851,0.132389,1.077157,-0.200997,0.814642,1.135141,-0.547310,0.140910,1.048535,-0.316505,0.785962,1.089891,-0.446930,0.173411,1.021670,-0.210634,0.647655,1.234798,-0.057428,0.430064,1.234217,0.059960,0.637656,1.797503,0.100165,0.440632,1.803914,0.296681,0.646399,2.328964,0.662210,0.453955,2.358452,0.766297,0.648239,2.419361,0.700284,0.459106,2.446471,0.798645,0.620603,2.523814,0.327823,0.469490,2.554122,0.389908
20.000000,1.640614,0.503335,0.174489,-1.024548,0.529020,0.080642,-1.012596,0.548667,0.074107,-1.012826,0.564393,0.068880,-1.012972,0.469997,0.097472,-1.003822,0.453607,0.101418,-1.003968,0.438437,0.105677,-1.004153,0.591621,0.077397,-0.721256,0.419104,0.120265,-0.674840,0.541167,0.246906,-0.896226,0.478067,0.260999,-0.882213,0.701640,0.408493,-0.425351,0.353050,0.407503,-0.314257,0.757740,0.828453,-0.219128,0.280968,0.777854,0.012437,0.789588,1.072370,-0.436535,0.182981,1.010960,-0.173504,0.826833,1.156767,-0.491467,0.131131,1.077081,-0.223130,0.814770,1.135569,-0.585136,0.142432,1.046320,-0.334252,0.786255,1.092075,-0.481525,0.173599,1.021526,-0.228090,0.648036,1.234769,-0.057324,0.431344,1.234444,0.059830,0.639867,1.793131,0.056442,0.440756,1.801250,0.282482,0.648703,2.327806,0.574953,0.454424,2.358127,0.710788,0.651780,2.417918,0.608102,0.459882,2.446083,0.738606,0.621280,2.523169,0.239858,0.469028,2.552490,0.338811
21.000000,1.718007,0.504420,0.175039,-0.964631,0.529528,0.081998,-0.953409,0.548858,0.075949,-0.953701,0.564444,0.070934,-0.953920,0.470694,0.097761,-0.945524,0.453992,0.101566,-0.945594,0.438689,0.105775,-0.945914,0.591645,0.079333,-0.672093,0.419104,0.120314,-0.625397,0.541691,0.247568,-0.840666,0.478495,0.261369,-0.826896,0.701446,0.408451,-0.390527,0.353032,0.407594,-0.287825,0.757133,0.828686,-0.198656,0.280968,0.777775,0.035066,0.788845,1.072390,-0.405364,0.182847,1.011071,-0.134325,0.827908,1.157323,-0.448602,0.130979,1.081127,-0.158671,0.815750,1.138472,-0.536766,0.137259,1.059427,-0.263763,0.788419,1.095725,-0.448053,0.173217,1.021329,-0.183973,0.651512,1.234690,-0.058208,0.433878,1.235526,0.060730,0.652321,1.817900,-0.017488,0.449836,1.834389,0.260683,0.660731,2.365204,0.449408,0.464081,2.394279,0.668720,0.664320,2.456662,0.476608,0.468317,2.484386,0.694942,0.632449,2.560562,0.076727,0.483038,2.582267,0.274654
22.000000,1.798674,0.504560,0.175814,-0.952962,0.529636,0.083301,-0.942287,0.548921,0.077336,-0.942540,0.564485,0.072119,-0.942724,0.470733,0.098101,-0.933736,0.454014,0.101711,-0.933783,0.438711,0.105827,-0.934120,0.591879,0.079584,-0.660921,0.419115,0.120260,-0.608721,0.541779,0.248357,-0.829509,0.478519,0.261648,-0.814268,0.701425,0.408902,-0.386538,0.353312,0.407011,-0.282027,0.757127,0.831546,-0.198069,0.282460,0.775076,0.086768,0.787003,1.076045,-0.416137,0.186373,1.010432,-0.001061,0.827931,1.167107,-0.463476,0.137331,1.073465,-0.026497,0.815574,1.151145,-0.550794,0.149082,1.057618,-0.134738,0.788691,1.109234,-0.459214,0.176926,1.021345,-0.050963,0.652940,1.234813,-0.060823,0.433819,1.237023,0.063361,0.653870,1.832786,0.026952,0.448896,1.848690,0.266358,0.661502,2.381410,0.542006,0.462983,2.406929,0.750077,0.664837,2.471804,0.576268,0.467520,2.496136,0.786010,0.634625,2.578939,0.200018,0.483588,2.596238,0.276283
23.000000,1.880432,0.504554,0.176286,-0.975489,0.529602,0.083552,-0.968025,0.548897,0.077487,-0.968322,0.564459,0.072193,-0.968533,0.470714,0.098708,-0.954734,0.453990,0.102320,-0.954832,0.438672,0.106412,-0.955228,0.591897,0.079569,-0.687030,0.419071,0.120269,-0.611363,0.541797,0.248646,-0.851009,0.478505,0.262183,-0.829324,0.701463,0.409410,-0.414407,0.353339,0.406935,-0.284430,0.757202,0.843020,-0.233396,0.283040,0.773585,0.095153,0.787426,1.093231,-0.450785,0.187929,1.009601,0.009344,0.822221,1.186229,-0.502944,0.141349,1.065109,-0.019928,0.809883,1.168085,-0.591481,0.154556,1.053682,-0.129251,0.784950,1.125986,-0.493289,0.178637,1.021210,-0.041103,0.652895,1.238423,-0.064879,0.434065,1.239161,0.067222,0.653524,1.834130,0.049495,0.448242,1.845995,0.315262,0.660072,2.377596,0.611374,0.462485,2.403040,0.827537,0.663433,2.467201,0.650478,0.467674,2.490560,0.865236,0.633246,2.574199,0.235454,0.481978,2.595590,0.419914
24.000000,1.959872,0.504747,0.176319,-0.965285,0.529820,0.083548,-0.956283,0.549021,0.077495,-0.956533,0.564567,0.072199,-0.956710,0.470847,0.098634,-0.944539,0.454064,0.102211,-0.944593,0.438683,0.106254,-0.944950,0.592213,0.079574,-0.675201,0.418958,0.120075,-0.608422,0.542031,0.248894,-0.841633,0.478512,0.262355,-0.822424,0.701401,0.410078,-0.403624,0.353569,0.406310,-0.283403,0.757247,0.847229,-0.223772,0.283116,0.770438,0.078309,0.782643,1.093274,-0.424649,0.188232,1.005736,-0.058181,0.822590,1.187911,-0.472180,0.141689,1.049544,-0.096796,0.810001,1.170896,-0.561160,0.156660,1.047343,-0.203770,0.785291,1.128842,-0.467915,0.179694,1.020564,-0.109647,0.654199,1.238897,-0.064663,0.434196,1.240101,0.067033,0.654122,1.839243,0.058112,0.447837,1.851890,0.311515,0.661280,2.381215,0.603442,0.462790,2.406224,0.819633,0.664648,2.470741,0.638432,0.468068,2.494001,0.856416,0.634270,2.578057,0.226170,0.483850,2.597457,0.392039
25.000000,2.043404,0.505032,0.180852,-0.994147,0.530022,0.085737,-0.985534,0.549106,0.079495,-0.985783,0.564622,0.074064,-0.985968,0.471076,0.101045,-0.974174,0.454224,0.104395,-0.974302,0.438759,0.108090,-0.974617,0.592277,0.080337,-0.698979,0.418959,0.120247,-0.635159,0.542266,0.251907,-0.867501,0.478713,0.264960,-0.848926,0.701392,0.412326,-0.414854,0.353673,0.406042,-0.292247,0.757231,0.852358,-0.221181,0.283827,0.768989,0.088942,0.778853,1.092890,-0.428090,0.188657,1.004627,0.003976,0.820384,1.189400,-0.479078,0.143810,1.048782,-0.028325,0.808389,1.170365,-0.570573,0.157770,1.046684,-0.139662,0.783913,1.129389,-0.472058,0.180033,1.020504,-0.047402,0.652262,1.241606,-0.064441,0.433158,1.241256,0.066827,0.648152,1.836078,0.100357,0.444895,1.848496,0.314825,0.659089,2.376341,0.677934,0.460941,2.402046,0.821227,0.662985,2.465692,0.717189,0.466670,2.490252,0.857606,0.632679,2.572856,0.321136,0.478691,2.593730,0.419318
26.000000,2.123781,0.505896,0.180826,-0.934191,0.530882,0.085620,-0.923150,0.549664,0.079362,-0.923381,0.564967,0.073950,-0.923611,0.471822,0.100990,-0.914330,0.454766,0.104348,-0.914423,0.439265,0.108037,-0.914762,0.592388,0.080333,-0.638450,0.419059,0.120187,-0.586184,0.542819,0.251822,-0.809784,0.478885,0.264964,-0.794492,0.701232,0.412694,-0.363779,0.353637,0.406016,-0.270002,0.757385,0.852056,-0.177049,0.283857,0.768944,0.088228,0.780375,1.091419,-0.386624,0.188382,1.004820,-0.002152,0.827671,1.184827,-0.435422,0.143759,1.048889,-0.034091,0.816454,1.165775,-0.529001,0.157571,1.046253,-0.147850,0.791322,1.126935,-0.431815,0.179491,1.020842,-0.054352,0.652249,1.243517,-0.060419,0.432763,1.242769,0.062766,0.647922,1.846223,0.140260,0.444241,1.855356,0.314729,0.658682,2.383409,0.708052,0.460551,2.405199,0.829023,0.662606,2.471010,0.746442,0.465992,2.490530,0.867374,0.632045,2.578021,0.349307,0.478299,2.597080,0.428567
27.000000,2.204188,0.506711,0.181641,-0.944015,0.531852,0.085997,-0.931962,0.550239,0.079703,-0.932190,0.565228,0.074309,-0.932361,0.472777,0.101333,-0.922903,0.455517,0.104501,-0.923038,0.439901,0.108053,-0.923333,0.592400,0.080623,-0.648300,0.419376,0.120128,-0.596693,0.543108,0.252278,-0.819933,0.479232,0.265271,-0.804728,0.701226,0.412686,-0.366732,0.353361,0.406562,-0.273539,0.758054,0.851987,-0.177367,0.283089,0.771095,0.087467,0.780531,1.103631,-0.383903,0.187153,1.011788,-0.004658,0.829944,1.195692,-0.432355,0.139463,1.062511,-0.039310,0.817418,1.178699,-0.522320,0.143569,1.051493,-0.151652,0.792657,1.138359,-0.427157,0.177972,1.024345,-0.057112,0.652594,1.244168,-0.061842,0.432751,1.244493,0.064124,0.649343,1.852190,0.131866,0.444735,1.864570,0.335125,0.658578,2.393348,0.707572,0.460592,2.417809,0.881564,0.662247,2.481343,0.746324,0.466013,2.503034,0.923117,0.632244,2.591859,0.341351,0.479505,2.612195,0.475594
28.000000,2.283778,0.507365,0.181581,-0.888838,0.532657,0.085633,-0.874420,0.550679,0.079457,-0.874586,0.565447,0.074192,-0.874853,0.473476,0.101011,-0.866659,0.456095,0.104097,-0.866607,0.440507,0.107488,-0.866924,0.592417,0.080753,-0.583130,0.419734,0.119940,-0.532833,0.543310,0.252224,-0.763401,0.479381,0.265248,-0.748774,0.701093,0.412951,-0.321880,0.352796,0.407600,-0.240991,0.758351,0.852249,-0.165341,0.280574,0.777420,0.054575,0.783401,1.112293,-0.385561,0.185847,1.029570,-0.158591,0.838812,1.201192,-0.433167,0.138394,1.096022,-0.208942,0.823060,1.188550,-0.524376,0.142776,1.082134,-0.309170,0.798864,1.147411,-0.428887,0.177476,1.048979,-0.208727,0.652476,1.250957,-0.061723,0.431209,1.251293,0.064063,0.649886,1.870999,0.092379,0.442710,1.884581,0.295737,0.657789,2.433178,0.638857,0.456735,2.450364,0.815087,0.661757,2.524165,0.672199,0.460250,2.536755,0.853961,0.630144,2.632947,0.242037,0.479290,2.650072,0.374002
29.000000,2.365054,0.507821,0.181497,-0.925067,0.533539,0.084905,-0.910252,0.551364,0.078576,-0.910251,0.566054,0.073343,-0.910521,0.474057,0.100913,-0.897157,0.456530,0.104045,-0.896728,0.440939,0.107430,-0.896905,0.592749,0.080587,-0.596184,0.419867,0.119917,-0.554989,0.543490,0.252046,-0.794346,0.479456,0.265270,-0.770697,0.701049,0.413520,-0.357101,0.352700,0.407963,-0.250603,0.758368,0.853082,-0.212942,0.279760,0.778040,0.057611,0.783631,1.116700,-0.446501,0.184887,1.030196,-0.136604,0.838814,1.205263,-0.503363,0.137683,1.102447,-0.181758,0.822893,1.194597,-0.587311,0.141479,1.088037,-0.289807,0.798654,1.152628,-0.489034,0.176606,1.049095,-0.189399,0.652430,1.252268,-0.073374,0.430302,1.252095,0.076232,0.649766,1.877220,0.011455,0.440750,1.889494,0.280706,0.654953,2.441691,0.545784,0.452641,2.459092,0.752647,0.659057,2.532959,0.576189,0.455622,2.546341,0.784281,0.624756,2.641992,0.128411,0.475625,2.659914,0.298271
30.000000,2.447965,0.507761,0.181495,-0.888457,0.533491,0.085153,-0.876524,0.551352,0.078838,-0.876615,0.566049,0.073603,-0.876876,0.474063,0.101104,-0.865859,0.456543,0.104205,-0.865688,0.440964,0.107535,-0.865964,0.592621,0.080943,-0.589412,0.419987,0.119952,-0.532546,0.543410,0.252033,-0.764945,0.479418,0.265277,-0.745940,0.700839,0.413533,-0.337161,0.352718,0.407675,-0.230926,0.758369,0.852112,-0.181368,0.279509,0.777338,0.062400,0.784319,1.114138,-0.410709,0.183977,1.029001,-0.112977,0.842038,1.200768,-0.462135,0.132785,1.098773,-0.155424,0.825695,1.193796,-0.542672,0.136925,1.084215,-0.262105,0.801307,1.151164,-0.452115,0.175615,1.047445,-0.164466,0.652293,1.252906,-0.072442,0.429667,1.252363,0.075246,0.649812,1.873195,0.022989,0.440252,1.885092,0.291254,0.654895,2.434138,0.541604,0.451437,2.451755,0.777475,0.658900,2.525375,0.572535,0.453889,2.539419,0.811681,0.624463,2.633204,0.147282,0.475528,2.650663,0.326138
31.000000,2.531303,0.507693,0.181294,-0.841585,0.533334,0.085139,-0.827093,0.551258,0.078816,-0.827204,0.565936,0.073575,-0.827548,0.473969,0.101117,-0.815237,0.456463,0.104237,-0.814991,0.440928,0.107574,-0.815218,0.592040,0.080977,-0.539502,0.419970,0.120108,-0.466940,0.543418,0.251913,-0.719248,0.479386,0.265231,-0.697989,0.700790,0.413614,-0.305536,0.352402,0.408721,-0.187792,0.758402,0.852290,-0.174508,0.278420,0.778880,0.051901,0.803147,1.113842,-0.410160,0.183577,1.032160,-0.251387,0.845715,1.204361,-0.465067,0.131278,1.102861,-0.310173,0.826611,1.197124,-0.542671,0.137314,1.088432,-0.408691,0.802622,1.154218,-0.451852,0.175608,1.048917,-0.303388,0.652626,1.255332,-0.076889,0.428796,1.256078,0.079922,0.651273,1.887814,0.017187,0.439180,1.901095,0.295409,0.654821,2.466620,0.557698,0.450423,2.477671,0.804817,0.659263,2.560020,0.589617,0.452071,2.566338,0.842886,0.624020,2.666012,0.147423,0.475833,2.680303,0.345729
32.000000,2.612442,0.506639,0.181272,-0.870207,0.532192,0.085280,-0.850506,0.550462,0.079008,-0.850791,0.565243,0.073818,-0.851266,0.473212,0.101096,-0.831756,0.455836,0.104133,-0.831388,0.440350,0.107334,-0.831752,0.591391,0.081280,-0.554022,0.419502,0.119649,-0.504510,0.542445,0.251914,-0.739529,0.478822,0.265135,-0.709329,0.700574,0.413723,-0.306283,0.351711,0.409753,-0.209529,0.758438,0.852467,-0.179691,0.278159,0.785263,0.038682,0.802431,1.120564,-0.410026,0.183735,1.030133,-0.231900,0.847167,1.206589,-0.464952,0.130557,1.102211,-0.286047,0.829821,1.198263,-0.544620,0.141840,1.067579,-0.390391,0.805167,1.156279,-0.451853,0.176101,1.044213,-0.285335,0.652679,1.256562,-0.078106,0.428863,1.257303,0.080992,0.651329,1.884728,0.029120,0.439187,1.898150,0.312871,0.655036,2.454638,0.577705,0.451184,2.469033,0.844762,0.659599,2.546777,0.611487,0.453261,2.556681,0.884270,0.624721,2.653179,0.175391,0.476128,2.669765,0.397893
33.000000,2.698160,0.506790,0.181302,-0.891710,0.532478,0.085244,-0.871383,0.550737,0.078922,-0.871550,0.565518,0.073666,-0.871968,0.473237,0.101097,-0.854502,0.455825,0.104137,-0.854134,0.440330,0.107338,-0.854346,0.591794,0.081140,-0.569982,0.419275,0.119641,-0.517994,0.542625,0.252009,-0.751862,0.478864,0.265472,-0.723558,0.700589,0.413715,-0.313380,0.351418,0.410840,-0.210008,0.759038,0.852405,-0.183192,0.277994,0.788902,-0.099369,0.801254,1.119551,-0.410027,0.183613,1.026712,-0.532098,0.846913,1.206472,-0.466624,0.126387,1.091538,-0.616787,0.829710,1.197384,-0.547195,0.141904,1.052725,-0.718462,0.804965,1.155882,-0.451928,0.175526,1.036653,-0.590329,0.653208,1.256528,-0.077818,0.428724,1.257654,0.080702,0.651877,1.882693,0.061925,0.438837,1.895798,0.358257,0.656107,2.449025,0.640768,0.451196,2.463998,0.915035,0.660617,2.541587,0.676191,0.453397,2.551944,0.956906,0.625726,2.647702,0.232025,0.476768,2.663902,0.481530
34.000000,2.783861,0.506817,0.181032,-0.923482,0.532481,0.084738,-0.904047,0.550730,0.078434,-0.904257,0.565481,0.073227,-0.904621,0.473250,0.100608,-0.889466,0.455827,0.103595,-0.889181,0.440324,0.106740,-0.889416,0.591715,0.081067,-0.576037,0.418986,0.119244,-0.520361,0.542634,0.251847,-0.782296,0.478866,0.265419,-0.757585,0.700549,0.413730,-0.320621,0.351204,0.411248,-0.219335,0.759314,0.852402,-0.193675,0.278008,0.789937,-0.057812,0.800863,1.122975,-0.429750,0.184023,1.024122,-0.426803,0.846541,1.208566,-0.491375,0.126489,1.085612,-0.497743,0.829558,1.197758,-0.574623,0.143800,1.045606,-0.603068,0.804813,1.156300,-0.472297,0.175630,1.032911,-0.483672,0.653225,1.258550,-0.080432,0.428594,1.259719,0.083339,0.652056,1.884072,0.034992,0.438684,1.898164,0.348110,0.656627,2.450154,0.598097,0.451503,2.465393,0.883533,0.661485,2.542339,0.630824,0.453867,2.552688,0.923112,0.626039,2.648555,0.174371,0.476796,2.664886,0.461428
35.000000,2.869484,0.506770,0.180988,-0.943521,0.532484,0.084709,-0.927735,0.550736,0.078353,-0.927944,0.565487,0.073085,-0.928220,0.473221,0.100598,-0.914868,0.455784,0.103512,-0.914676,0.440219,0.106499,-0.914929,0.591789,0.080859,-0.610477,0.418703,0.118168,-0.546278,0.542630,0.251812,-0.807327,0.478775,0.265306,-0.785182,0.700677,0.413533,-0.333507,0.351240,0.410956,-0.227565,0.759478,0.852426,-0.183879,0.278131,0.789908,-0.029770,0.800313,1.123701,-0.392968,0.184212,1.021828,-0.327470,0.846264,1.208418,-0.447409,0.126640,1.085523,-0.387952,0.829452,1.197208,-0.531676,0.140211,1.045901,-0.493118,0.804718,1.155749,-0.435089,0.175690,1.031373,-0.382229,0.655196,1.258262,-0.080145,0.429437,1.259666,0.083020,0.655079,1.882594,0.038461,0.441849,1.896832,0.345376,0.660684,2.447143,0.607356,0.457837,2.463526,0.884827,0.665243,2.539243,0.640568,0.461654,2.550830,0.924617,0.631844,2.645529,0.182984,0.483709,2.663207,0.451805
36.000000,2.965681,0.506246,0.181990,-0.942300,0.531829,0.086306,-0.927032,0.550295,0.079816,-0.927211,0.565076,0.074324,-0.927497,0.472613,0.101752,-0.914371,0.455211,0.104429,-0.914170,0.439614,0.107294,-0.914411,0.591151,0.081027,-0.613491,0.418054,0.118183,-0.549239,0.542298,0.252455,-0.806798,0.478420,0.265748,-0.785450,0.700672,0.413464,-0.339647,0.351214,0.410679,-0.228833,0.759769,0.852657,-0.162351,0.278200,0.789759,-0.050782,0.799615,1.125579,-0.345967,0.184209,1.012075,-0.401447,0.847565,1.208530,-0.396162,0.126804,1.048654,-0.469655,0.830932,1.196977,-0.478642,0.140306,1.026908,-0.571847,0.806359,1.155701,-0.387483,0.174357,1.015298,-0.457286,0.659777,1.258175,-0.080034,0.430631,1.260692,0.082851,0.661671,1.883838,0.059013,0.444169,1.901270,0.349203,0.667802,2.452310,0.659924,0.461226,2.469783,0.925557,0.672643,2.543995,0.695817,0.464964,2.555756,0.969772,0.640045,2.651673,0.229568,0.490013,2.671041,0.471186
37.000000,3.052413,0.506143,0.183026,-0.892258,0.531734,0.087978,-0.877541,0.550234,0.081233,-0.877759,0.564998,0.075466,-0.878060,0.472469,0.102878,-0.862257,0.455110,0.105230,-0.862024,0.439531,0.107844,-0.862249,0.590941,0.081169,-0.565163,0.418058,0.118207,-0.482238,0.542236,0.252848,-0.759296,0.478314,0.266224,-0.735190,0.700892,0.414004,-0.321153,0.351205,0.410690,-0.186060,0.760064,0.859968,-0.215023,0.279516,0.789645,-0.106311,0.797912,1.127643,-0.504191,0.187193,0.999594,-0.643869,0.846429,1.210224,-0.581189,0.131940,1.030200,-0.738813,0.829203,1.196604,-0.656770,0.146754,1.013028,-0.837735,0.805355,1.155372,-0.545735,0.176360,1.006375,-0.703738,0.659647,1.266794,-0.081180,0.430089,1.270232,0.084108,0.661509,1.896589,0.063518,0.444070,1.913676,0.347213,0.667496,2.468694,0.663093,0.461158,2.484827,0.914091,0.672603,2.559532,0.699158,0.464805,2.570793,0.957449,0.639262,2.668348,0.232804,0.489315,2.683999,0.459005
38.000000,3.132570,0.506124,0.187007,-0.898891,0.531781,0.091552,-0.883863,0.550332,0.084330,-0.884101,0.565230,0.078176,-0.884387,0.472357,0.105985,-0.870427,0.455024,0.107785,-0.870280,0.439418,0.109882,-0.870529,0.591413,0.081780,-0.577686,0.418031,0.118536,-0.504277,0.542257,0.255562,-0.767797,0.478304,0.269303,-0.746130,0.701354,0.416331,-0.323880,0.351127,0.410765,-0.199751,0.760614,0.871892,-0.225345,0.279062,0.791970,-0.082387,0.802203,1.132213,-0.492519,0.187256,1.004001,-0.464340,0.844204,1.223210,-0.560919,0.131132,1.045062,-0.536168,0.826039,1.206799,-0.639337,0.147873,1.015362,-0.640127,0.803083,1.164616,-0.534476,0.176477,1.009675,-0.521010,0.659208,1.271760,-0.081061,0.428991,1.273492,0.083922,0.661068,1.905148,0.035990,0.442055,1.920712,0.313801,0.664267,2.481874,0.597021,0.457805,2.496065,0.827606,0.669910,2.573333,0.629246,0.460590,2.582029,0.864412,0.632865,2.683314,0.163252,0.486390,2.699454,0.358158
39.000000,3.214479,0.505508,0.187046,-0.912945,0.531479,0.091591,-0.901680,0.550117,0.084412,-0.901814,0.565011,0.078311,-0.901997,0.471880,0.106122,-0.883525,0.454558,0.107918,-0.883329,0.438996,0.110020,-0.883586,0.591410,0.082011,-0.608112,0.418006,0.118548,-0.506389,0.541628,0.255635,-0.786920,0.477832,0.269304,-0.758565,0.701408,0.416523,-0.352287,0.351692,0.409089,-0.209747,0.760643,0.876226,-0.220535,0.279565,0.786421,-0.017029,0.797620,1.131566,-0.474399,0.187343,1.004241,-0.308362,0.843797,1.223933,-0.540161,0.130881,1.045596,-0.369087,0.825896,1.207315,-0.618247,0.148067,1.015713,-0.475936,0.802809,1.165490,-0.515334,0.176362,1.010182,-0.364494,0.659113,1.271620,-0.080859,0.428858,1.271726,0.083745,0.659464,1.902844,0.054232,0.439725,1.918986,0.315159,0.659560,2.476887,0.651872,0.453637,2.491996,0.851342,0.664425,2.568359,0.687894,0.456794,2.578688,0.891938,0.628035,2.677730,0.222396,0.481367,2.694359,0.363034
40.000000,3.294272,0.505283,0.186952,-0.876613,0.531204,0.091776,-0.863841,0.549978,0.084748,-0.863928,0.564931,0.078703,-0.864088,0.471399,0.106113,-0.850132,0.454115,0.107888,-0.849923,0.438647,0.109983,-0.850133,0.591414,0.082388,-0.569356,0.417911,0.118542,-0.489257,0.541473,0.255621,-0.751029,0.477533,0.269293,-0.728299,0.701331,0.416653,-0.318642,0.352329,0.407973,-0.206793,0.760484,0.875349,-0.170762,0.280622,0.780647,-0.008196,0.795337,1.131455,-0.403179,0.187333,0.999871,-0.313637,0.843736,1.222872,-0.461898,0.131042,1.031888,-0.375314,0.825788,1.205420,-0.540629,0.147922,1.017274,-0.481274,0.802705,1.164099,-0.445775,0.175779,1.009978,-0.369417,0.659428,1.271226,-0.080750,0.428828,1.271935,0.083700,0.659305,1.903710,0.063039,0.439864,1.919020,0.313589,0.659524,2.478838,0.665144,0.453702,2.494025,0.853029,0.664286,2.569631,0.701434,0.456898,2.580290,0.894386,0.628057,2.678589,0.242742,0.481404,2.695252,0.378140
41.000000,3.384637,0.504360,0.186975,-0.846298,0.530015,0.092106,-0.834023,0.549049,0.085197,-0.834089,0.564119,0.079251,-0.834283,0.470489,0.106317,-0.819993,0.453270,0.108074,-0.819755,0.437712,0.110198,-0.819942,0.590807,0.082977,-0.544778,0.417167,0.118628,-0.464746,0.540784,0.255718,-0.723067,0.476897,0.269298,-0.699997,0.701180,0.416635,-0.305223,0.352326,0.407679,-0.194875,0.760290,0.874845,-0.189559,0.280647,0.780244,-0.026272,0.792024,1.120331,-0.470758,0.187237,0.999953,-0.425245,0.842419,1.216684,-0.540124,0.128900,1.036135,-0.501849,0.823641,1.196959,-0.613827,0.147953,1.019986,-0.600267,0.800869,1.157207,-0.512702,0.175677,1.011067,-0.481464,0.659106,1.271052,-0.079056,0.428161,1.271826,0.082197,0.659193,1.904497,0.048143,0.439539,1.918473,0.277809,0.658878,2.482164,0.609807,0.452950,2.496427,0.777329,0.663765,2.572317,0.642209,0.455832,2.582528,0.813396,0.626855,2.681951,0.190888,0.480424,2.697074,0.308165
42.000000,3.464849,0.503894,0.187648,-0.864828,0.529792,0.092540,-0.851566,0.548878,0.085727,-0.851687,0.563992,0.079949,-0.851885,0.470203,0.106747,-0.838824,0.452886,0.108494,-0.838648,0.437215,0.110597,-0.838877,0.590861,0.084253,-0.545842,0.416612,0.118713,-0.481708,0.540392,0.256584,-0.738392,0.476555,0.269657,-0.717496,0.701159,0.417249,-0.315071,0.352353,0.407257,-0.200501,0.760152,0.874511,-0.182131,0.280665,0.778356,0.055104,0.792028,1.121036,-0.400544,0.187167,0.999632,-0.206096,0.845437,1.216534,-0.459000,0.128324,1.038770,-0.258371,0.826001,1.196890,-0.535904,0.147936,1.020584,-0.364873,0.802208,1.157163,-0.442337,0.175407,1.011477,-0.261963,0.658036,1.270788,-0.081398,0.425689,1.271622,0.084674,0.657830,1.907476,0.032017,0.438983,1.918925,0.278600,0.658095,2.483944,0.600266,0.451000,2.498917,0.793952,0.663018,2.574077,0.633459,0.453804,2.586613,0.832188,0.625204,2.685678,0.180524,0.476091,2.698802,0.338227
43.000000,3.547137,0.503446,0.187658,-0.837857,0.529537,0.092538,-0.825101,0.548787,0.085723,-0.825159,0.563977,0.079947,-0.825449,0.469588,0.106843,-0.812344,0.452328,0.108661,-0.812180,0.436661,0.110834,-0.812357,0.590992,0.084260,-0.538365,0.416124,0.118781,-0.467021,0.540320,0.256652,-0.716054,0.476193,0.269733,-0.694662,0.701155,0.417301,-0.294493,0.352412,0.407421,-0.196245,0.760232,0.871863,-0.117861,0.280699,0.777979,0.040351,0.807989,1.125272,-0.287090,0.187232,0.999824,-0.244734,0.848251,1.219975,-0.334340,0.128478,1.046598,-0.304053,0.829287,1.203714,-0.413323,0.148884,1.027010,-0.405915,0.804569,1.164603,-0.328182,0.175799,1.015299,-0.299264,0.656757,1.272920,-0.079925,0.425344,1.271618,0.083087,0.652612,1.912607,0.070650,0.436947,1.919573,0.276970,0.654168,2.484662,0.652263,0.447851,2.497741,0.775084,0.659156,2.574631,0.688295,0.451122,2.585026,0.810944,0.621504,2.684204,0.259350,0.470078,2.697462,0.327621
44.000000,3.631255,0.503061,0.189224,-0.853230,0.529248,0.093309,-0.840782,0.548618,0.086423,-0.840869,0.563872,0.080675,-0.841135,0.469213,0.107988,-0.827684,0.452049,0.109928,-0.827519,0.436456,0.112221,-0.827711,0.591017,0.084746,-0.551740,0.416125,0.119607,-0.478561,0.540215,0.257708,-0.730010,0.476155,0.270673,-0.708347,0.701162,0.417382,-0.302898,0.352446,0.407788,-0.197380,0.760309,0.870920,-0.136612,0.280877,0.777125,0.033096,0.800523,1.125529,-0.335196,0.187461,0.999462,-0.262037,0.846504,1.220404,-0.388920,0.128490,1.047356,-0.321739,0.828236,1.203574,-0.468624,0.149279,1.027830,-0.422586,0.803725,1.164307,-0.376791,0.176066,1.015319,-0.316305,0.656430,1.273445,-0.079850,0.425217,1.271544,0.082997,0.650941,1.911659,0.047880,0.435062,1.919126,0.277306,0.652464,2.483824,0.600726,0.445928,2.497055,0.791976,0.657568,2.573994,0.633862,0.449360,2.584262,0.828855,0.619612,2.683738,0.198725,0.467335,2.697262,0.341143
45.000000,3.711067,0.502737,0.189075,-0.879039,0.528942,0.093218,-0.864770,0.548325,0.086393,-0.864901,0.563584,0.080677,-0.865066,0.469037,0.107999,-0.851622,0.451921,0.110069,-0.851460,0.436337,0.112550,-0.851711,0.590968,0.085178,-0.570347,0.416120,0.120323,-0.494209,0.540076,0.257709,-0.753886,0.476046,0.270654,-0.732099,0.701151,0.417762,-0.310035,0.352613,0.407723,-0.206922,0.760313,0.870796,-0.136390,0.281476,0.775172,0.068827,0.797507,1.125418,-0.326304,0.189109,0.997255,-0.134206,0.846409,1.222440,-0.376513,0.131872,1.044502,-0.181246,0.828261,1.205540,-0.456424,0.150673,1.028532,-0.287829,0.803752,1.166071,-0.367824,0.176970,1.014923,-0.187863,0.658789,1.273343,-0.082020,0.426583,1.272009,0.085074,0.652596,1.911257,0.106442,0.437070,1.918681,0.343484,0.655385,2.481905,0.758839,0.451790,2.496160,0.944619,0.660263,2.572093,0.801150,0.457044,2.582431,0.991515,0.624901,2.680712,0.351238,0.474725,2.696813,0.491266
46.000000,3.791858,0.502748,0.190143,-0.879492,0.528917,0.093953,-0.866045,0.548320,0.087194,-0.866167,0.563582,0.081468,-0.866337,0.468958,0.108293,-0.852874,0.451819,0.110365,-0.852711,0.436241,0.112874,-0.852963,0.591197,0.085422,-0.574752,0.416064,0.120649,-0.506779,0.540153,0.259080,-0.754888,0.476079,0.271659,-0.732870,0.701130,0.417765,-0.313318,0.352677,0.407763,-0.221951,0.760100,0.865920,-0.108622,0.281890,0.774643,0.068101,0.796659,1.112222,-0.261066,0.189081,0.997231,-0.130174,0.846364,1.212602,-0.303427,0.130907,1.044787,-0.179356,0.828124,1.195988,-0.382356,0.150658,1.029012,-0.283914,0.803447,1.157597,-0.301657,0.176946,1.014933,-0.183842,0.658727,1.272463,-0.081350,0.425995,1.271012,0.084460,0.651047,1.911112,0.098935,0.435769,1.917286,0.343554,0.653681,2.476977,0.713907,0.449257,2.492680,0.907131,0.657686,2.566731,0.752538,0.454867,2.579853,0.949558,0.623493,2.676843,0.314034,0.472982,2.693206,0.460753
47.000000,3.874502,0.502722,0.189282,-0.874983,0.528912,0.093423,-0.860894,0.548315,0.086869,-0.860987,0.563576,0.081268,-0.861183,0.468953,0.107792,-0.848410,0.451812,0.110072,-0.848237,0.436234,0.112713,-0.848442,0.591258,0.085543,-0.571540,0.416230,0.120839,-0.502674,0.540145,0.258616,-0.751280,0.476014,0.271179,-0.729939,0.701158,0.418789,-0.313448,0.352718,0.407838,-0.220325,0.760001,0.866300,-0.122322,0.281706,0.774235,0.090934,0.796238,1.113989,-0.297124,0.188525,0.998764,-0.109765,0.847134,1.214260,-0.344743,0.129820,1.053043,-0.159211,0.828088,1.197771,-0.426332,0.150435,1.033262,-0.263227,0.803425,1.158551,-0.338190,0.176708,1.017691,-0.163334,0.658321,1.272615,-0.081297,0.423794,1.270998,0.084379,0.649920,1.913733,0.103141,0.432778,1.918136,0.340771,0.651873,2.480392,0.730900,0.444691,2.495066,0.892788,0.655745,2.571617,0.771566,0.449715,2.583878,0.933712,0.621140,2.681591,0.333660,0.469555,2.696138,0.448895
48.000000,3.954588,0.502748,0.189273,-0.821077,0.529093,0.093033,-0.806473,0.548392,0.086556,-0.806526,0.563626,0.081068,-0.806776,0.468990,0.107815,-0.796257,0.451813,0.110258,-0.796083,0.436228,0.113074,-0.796216,0.591493,0.085566,-0.523276,0.416253,0.121526,-0.462195,0.540191,0.258617,-0.700086,0.475987,0.271301,-0.681905,0.701126,0.418820,-0.271460,0.352769,0.407844,-0.202178,0.759481,0.865134,-0.074070,0.281716,0.773676,0.079496,0.810680,1.114196,-0.234754,0.188512,0.998695,-0.127167,0.849714,1.213967,-0.277740,0.127337,1.052965,-0.185677,0.829839,1.197528,-0.353619,0.150296,1.033222,-0.277703,0.804810,1.158344,-0.274417,0.176599,1.017331,-0.180718,0.657342,1.272556,-0.078372,0.422316,1.270812,0.081481,0.647104,1.915959,0.102526,0.431069,1.918613,0.308400,0.647743,2.483743,0.713121,0.440959,2.496774,0.822639,0.651270,2.575071,0.751865,0.445332,2.585845,0.860027,0.616928,2.684152,0.319928,0.465633,2.697619,0.377501
49.000000,4.035199,0.502624,0.189244,-0.887589,0.528946,0.092736,-0.875478,0.548293,0.086344,-0.875594,0.563566,0.080934,-0.875871,0.468764,0.107350,-0.860737,0.451576,0.109821,-0.860612,0.436010,0.112650,-0.860833,0.591500,0.085579,-0.589048,0.416216,0.121403,-0.505990,0.540161,0.258519,-0.763587,0.475837,0.271232,-0.739583,0.701616,0.418937,-0.325390,0.352977,0.407411,-0.208535,0.759501,0.866328,-0.115568,0.282914,0.772914,0.118804,0.813528,1.141961,-0.242003,0.188638,0.996900,-0.035026,0.849615,1.242612,-0.304446,0.128471,1.037442,-0.073295,0.829793,1.229172,-0.376534,0.149147,1.028496,-0.181152,0.804784,1.186470,-0.283781,0.175647,1.014455,-0.088386,0.657275,1.272953,-0.084866,0.422711,1.270781,0.087826,0.645861,1.915434,0.101802,0.431031,1.918533,0.354826,0.646259,2.483363,0.730857,0.441153,2.496490,0.926615,0.650167,2.574516,0.772031,0.445565,2.585384,0.970148,0.614437,2.683975,0.327959,0.464288,2.697192,0.482131
50.000000,4.116639,0.502567,0.189802,-0.923139,0.528844,0.094040,-0.912802,0.548235,0.087522,-0.913017,0.563540,0.082032,-0.913187,0.468702,0.108245,-0.896917,0.451537,0.110551,-0.896824,0.435973,0.113314,-0.897060,0.591496,0.086350,-0.624319,0.416200,0.121867,-0.538793,0.540122,0.259003,-0.797703,0.475828,0.271683,-0.773180,0.701649,0.418930,-0.355049,0.352970,0.407606,-0.212353,0.759517,0.863748,-0.162236,0.283327,0.769914,0.104338,0.806240,1.118784,-0.350333,0.189972,0.995327,-0.093161,0.849210,1.232768,-0.407149,0.133799,1.032162,-0.138103,0.829894,1.212298,-0.492839,0.150541,1.025672,-0.244180,0.804891,1.171278,-0.393581,0.176688,1.013833,-0.146694,0.657248,1.272697,-0.084633,0.423612,1.270654,0.087599,0.646016,1.905437,0.077047,0.432194,1.912415,0.360025,0.646961,2.460326,0.660227,0.443426,2.479905,0.911780,0.650948,2.549609,0.697907,0.448482,2.566777,0.953370,0.615279,2.659276,0.263641,0.464740,2.676158,0.478829
51.000000,4.199259,0.502198,0.189844,-0.783002,0.528395,0.094343,-0.773250,0.547952,0.087732,-0.773322,0.563327,0.082151,-0.773703,0.468320,0.108493,-0.756495,0.451276,0.110686,-0.756308,0.435756,0.113380,-0.756425,0.591316,0.086351,-0.508810,0.416151,0.121876,-0.414342,0.539927,0.259008,-0.668453,0.475459,0.271689,-0.640950,0.701803,0.418935,-0.283833,0.352957,0.407920,-0.150549,0.759920,0.862362,-0.143646,0.283720,0.769926,0.116338,0.804002,1.120688,-0.348571,0.190027,0.995071,-0.122426,0.853271,1.231601,-0.406252,0.135056,1.028386,-0.169036,0.831439,1.209249,-0.484395,0.150492,1.024772,-0.277844,0.806883,1.167573,-0.389528,0.176618,1.013260,-0.176655,0.656338,1.274176,-0.084422,0.422293,1.270739,0.087385,0.645729,1.921100,0.078621,0.431144,1.922140,0.309296,0.645926,2.493175,0.677550,0.441147,2.504303,0.813719,0.650124,2.583816,0.717642,0.445511,2.591614,0.850645,0.614399,2.691833,0.289896,0.461908,2.705837,0.363193
52.000000,4.280309,0.502136,0.190390,-0.783163,0.528389,0.094835,-0.773934,0.547946,0.088013,-0.773994,0.563322,0.082325,-0.774333,0.468284,0.109444,-0.758280,0.451212,0.111431,-0.758096,0.435677,0.113907,-0.758258,0.591252,0.086328,-0.505919,0.416095,0.121912,-0.416373,0.539855,0.259194,-0.666708,0.475265,0.271930,-0.640827,0.702121,0.418788,-0.272094,0.352972,0.407927,-0.152753,0.760286,0.863580,-0.123306,0.284504,0.768433,0.113684,0.800344,1.114707,-0.325363,0.190467,0.994908,-0.128493,0.853055,1.228675,-0.378254,0.136477,1.026936,-0.177426,0.831399,1.203554,-0.451284,0.150615,1.024354,-0.276960,0.806988,1.161839,-0.364222,0.176704,1.012635,-0.180603,0.656485,1.274200,-0.081947,0.422141,1.270499,0.084881,0.645781,1.921661,0.110424,0.430822,1.922375,0.309457,0.645573,2.496106,0.742266,0.439730,2.506008,0.824927,0.649739,2.586869,0.784791,0.443668,2.593000,0.861973,0.614199,2.695561,0.351438,0.461420,2.709952,0.377839
53.000000,4.369547,0.502047,0.190403,-0.802963,0.528247,0.095004,-0.791602,0.547914,0.088176,-0.791674,0.563317,0.082469,-0.791968,0.468034,0.109495,-0.777546,0.451035,0.111459,-0.777358,0.435562,0.113938,-0.777535,0.591253,0.086336,-0.513129,0.416045,0.121944,-0.432803,0.539820,0.259239,-0.683166,0.475177,0.272025,-0.659835,0.702082,0.417351,-0.264475,0.353035,0.407942,-0.161228,0.760288,0.859221,-0.080699,0.287028,0.760770,0.127529,0.796046,1.103074,-0.268663,0.192497,0.987694,-0.076932,0.845308,1.202465,-0.315180,0.139831,1.016670,-0.121439,0.824814,1.176445,-0.391843,0.152832,1.019059,-0.222256,0.802107,1.134689,-0.308285,0.177480,1.009809,-0.128386,0.656483,1.272161,-0.079149,0.422697,1.267978,0.082128,0.646423,1.917989,0.109521,0.431773,1.918045,0.287068,0.645666,2.495468,0.737978,0.440120,2.504051,0.804263,0.649790,2.585988,0.778920,0.443748,2.590872,0.841847,0.614479,2.693454,0.338030,0.462156,2.706666,0.348000
54.000000,4.451438,0.501205,0.190517,-0.810100,0.527341,0.095004,-0.799166,0.547326,0.088146,-0.799238,0.562961,0.082390,-0.799497,0.467580,0.109513,-0.784624,0.450841,0.111474,-0.784446,0.435491,0.113964,-0.784629,0.591253,0.086224,-0.521329,0.416213,0.122006,-0.439483,0.539121,0.259245,-0.690202,0.475007,0.272110,-0.666292,0.702192,0.417131,-0.272433,0.353154,0.407313,-0.165558,0.760465,0.851873,-0.093223,0.288148,0.752763,0.133091,0.794473,1.102346,-0.305453,0.193842,0.986242,-0.064102,0.838598,1.196512,-0.358430,0.142214,1.018049,-0.113127,0.818554,1.171455,-0.440654,0.155290,1.019353,-0.212314,0.797031,1.128946,-0.347249,0.178868,1.009965,-0.115188,0.655836,1.267033,-0.075306,0.422708,1.260115,0.078248,0.645891,1.902967,0.114676,0.431649,1.898912,0.287538,0.645206,2.468137,0.726086,0.440000,2.474231,0.802212,0.649194,2.557850,0.766121,0.443721,2.561226,0.839849,0.614205,2.663639,0.335689,0.461875,2.671277,0.359971
55.000000,4.533103,0.501001,0.191031,-0.769391,0.526792,0.095661,-0.760016,0.546838,0.088699,-0.760038,0.562480,0.082885,-0.760360,0.467450,0.110262,-0.745929,0.450798,0.112219,-0.745797,0.435470,0.114763,-0.745992,0.590636,0.086470,-0.491581,0.416247,0.122545,-0.411374,0.538985,0.259379,-0.652772,0.474923,0.272364,-0.629584,0.702194,0.415504,-0.241688,0.353215,0.407293,-0.162050,0.760500,0.850634,-0.057306,0.288380,0.752189,0.094197,0.794467,1.101023,-0.232982,0.194275,0.984822,-0.164359,0.840881,1.193692,-0.274933,0.142346,1.017598,-0.220918,0.821739,1.169284,-0.353846,0.156219,1.018617,-0.308228,0.800512,1.127558,-0.272898,0.179476,1.009750,-0.212084,0.656048,1.267030,-0.066809,0.423209,1.259976,0.069580,0.646842,1.903452,0.115328,0.432859,1.899031,0.260309,0.645841,2.471823,0.720199,0.441789,2.477088,0.754940,0.649861,2.561428,0.759877,0.445229,2.563160,0.791082,0.615524,2.665620,0.332043,0.463748,2.674571,0.310503
56.000000,4.613000,0.500472,0.191814,-0.814611,0.525407,0.096481,-0.805962,0.545628,0.089201,-0.806104,0.561361,0.083159,-0.806500,0.466646,0.111050,-0.790118,0.450131,0.112881,-0.790026,0.434888,0.115441,-0.790283,0.589109,0.086356,-0.520118,0.415998,0.122870,-0.431505,0.538663,0.259875,-0.689432,0.474776,0.273146,-0.663904,0.702191,0.415465,-0.249471,0.353224,0.407467,-0.163989,0.760462,0.850697,-0.072236,0.288564,0.752220,0.095758,0.794165,1.099548,-0.251848,0.194389,0.983018,-0.163171,0.842694,1.192804,-0.297957,0.142417,1.015870,-0.219229,0.826126,1.168618,-0.394016,0.156140,1.017548,-0.306583,0.803746,1.128003,-0.299109,0.179517,1.009151,-0.210677,0.655628,1.267880,-0.067146,0.423276,1.260893,0.069939,0.646820,1.906161,0.114721,0.432850,1.902154,0.250599,0.645889,2.476679,0.717013,0.442124,2.483310,0.753570,0.649883,2.565168,0.756445,0.445638,2.567296,0.790111,0.615555,2.670325,0.331708,0.463806,2.681652,0.294850
57.000000,4.689122,0.500326,0.192048,-0.822829,0.525115,0.096983,-0.812410,0.545400,0.089581,-0.812601,0.561130,0.083432,-0.812969,0.466517,0.111279,-0.797111,0.450070,0.112984,-0.797085,0.434867,0.115472,-0.797398,0.588731,0.086279,-0.521351,0.416065,0.122888,-0.432133,0.538610,0.259970,-0.695403,0.474708,0.273249,-0.670807,0.702193,0.415264,-0.258530,0.353243,0.407427,-0.165711,0.760614,0.850853,-0.080601,0.288646,0.753287,0.066426,0.794945,1.099964,-0.288631,0.196013,0.983576,-0.211967,0.842791,1.192157,-0.340320,0.145672,1.016414,-0.272515,0.827401,1.168573,-0.436513,0.158784,1.017928,-0.366389,0.804755,1.128525,-0.336855,0.181327,1.009537,-0.262442,0.655909,1.267729,-0.065234,0.424315,1.260906,0.067921,0.646883,1.904416,0.126046,0.432828,1.901214,0.261161,0.645935,2.474005,0.741151,0.443023,2.479412,0.757479,0.649909,2.562412,0.782636,0.446677,2.562019,0.792774,0.616313,2.666168,0.351625,0.466103,2.677485,0.303512
58.000000,5.122585,0.500156,0.194199,-0.823374,0.524598,0.098409,-0.813777,0.545087,0.090612,-0.813958,0.560917,0.084172,-0.814306,0.466040,0.112766,-0.797956,0.449743,0.114297,-0.797939,0.434601,0.116665,-0.798269,0.588680,0.086280,-0.524413,0.415995,0.123195,-0.435634,0.538590,0.261422,-0.695872,0.474686,0.275007,-0.671929,0.702411,0.415262,-0.263092,0.353251,0.407429,-0.167527,0.760847,0.850930,-0.066526,0.288637,0.753278,0.099671,0.795150,1.100283,-0.248303,0.196086,0.984078,-0.094968,0.844260,1.191884,-0.289926,0.145740,1.018259,-0.141136,0.829864,1.168871,-0.376604,0.159179,1.019703,-0.237529,0.806875,1.129147,-0.291134,0.181652,1.010787,-0.143981,0.656118,1.268293,-0.065548,0.424534,1.261096,0.068251,0.646501,1.904419,0.136245,0.432257,1.901383,0.283156,0.645415,2.473186,0.762187,0.442710,2.478663,0.823829,0.649285,2.561492,0.804697,0.446536,2.561224,0.864896,0.616104,2.665475,0.375328,0.465828,2.677613,0.378490
59.000000,5.187838,0.500062,0.194209,-0.830480,0.524413,0.098465,-0.820772,0.544871,0.090692,-0.820981,0.560676,0.084273,-0.821271,0.465912,0.112775,-0.805589,0.449636,0.114305,-0.805601,0.434538,0.116658,-0.805992,0.588423,0.086330,-0.531137,0.415996,0.123190,-0.445565,0.538429,0.261436,-0.703511,0.474654,0.275012,-0.680238,0.702533,0.415319,-0.264923,0.353205,0.407365,-0.172210,0.760881,0.856357,-0.071489,0.288570,0.753426,0.095711,0.794525,1.100025,-0.291548,0.196192,0.984026,-0.108961,0.844340,1.194148,-0.338663,0.146421,1.018558,-0.157699,0.830139,1.170121,-0.428471,0.159889,1.019813,-0.254441,0.807192,1.130461,-0.336016,0.182056,1.010793,-0.158980,0.657002,1.268895,-0.064216,0.425261,1.262118,0.066870,0.647119,1.901648,0.137614,0.432242,1.900441,0.303960,0.646264,2.466424,0.754448,0.443100,2.473307,0.870251,0.650153,2.554394,0.796101,0.447025,2.555132,0.914153,0.617437,2.659867,0.366013,0.467610,2.673153,0.435290
60.000000,5.253821,0.499943,0.194429,-0.852136,0.524223,0.098635,-0.842285,0.544687,0.090815,-0.842414,0.560519,0.084361,-0.842617,0.465862,0.112987,-0.827943,0.449622,0.114519,-0.827951,0.434521,0.116851,-0.828308,0.588369,0.086344,-0.556058,0.416149,0.123351,-0.475382,0.538275,0.261512,-0.727222,0.474638,0.275037,-0.704523,0.702638,0.415760,-0.271289,0.353398,0.407278,-0.202736,0.760890,0.860023,-0.072932,0.288522,0.751279,0.094465,0.794541,1.100159,-0.277103,0.196197,0.983327,-0.077584,0.845672,1.195919,-0.320199,0.146296,1.018895,-0.123359,0.832407,1.172616,-0.410255,0.160075,1.019892,-0.218290,0.808990,1.133759,-0.321670,0.182314,1.010861,-0.125241,0.657786,1.268877,-0.063033,0.426015,1.262160,0.065612,0.647195,1.899692,0.175094,0.432765,1.899765,0.328064,0.646866,2.460247,0.822102,0.444127,2.470559,0.917718,0.650546,2.548108,0.867376,0.448768,2.552677,0.963904,0.618477,2.654042,0.441377,0.468611,2.670191,0.484451
61.000000,5.321487,0.499931,0.194411,-0.835318,0.524619,0.098709,-0.821972,0.545055,0.090905,-0.822054,0.560927,0.084505,-0.822211,0.465983,0.112999,-0.809694,0.449725,0.114514,-0.809584,0.434621,0.116769,-0.809858,0.589278,0.086578,-0.533699,0.416291,0.123362,-0.463682,0.538260,0.261528,-0.711524,0.474623,0.274992,-0.691547,0.702541,0.415763,-0.260355,0.353456,0.407117,-0.200259,0.760693,0.858838,-0.060120,0.288442,0.751373,0.082311,0.794897,1.098823,-0.257180,0.196515,0.984178,-0.131228,0.845523,1.193366,-0.302185,0.147216,1.022808,-0.186385,0.831847,1.170790,-0.387327,0.161000,1.023129,-0.280369,0.808387,1.132071,-0.300322,0.184060,1.012152,-0.180319,0.657760,1.267907,-0.062422,0.425925,1.261781,0.065142,0.647219,1.899070,0.157845,0.432765,1.899667,0.310219,0.647185,2.460433,0.765325,0.444251,2.470864,0.860704,0.650873,2.548588,0.804311,0.448835,2.553310,0.901631,0.618755,2.654430,0.375534,0.469267,2.670418,0.416132
62.000000,5.390314,0.499931,0.194458,-0.825479,0.524657,0.098806,-0.811893,0.545063,0.091029,-0.812001,0.560932,0.084639,-0.812234,0.466108,0.113002,-0.798072,0.449878,0.114501,-0.797964,0.434782,0.116703,-0.798240,0.589286,0.086594,-0.519286,0.416545,0.123339,-0.440897,0.538232,0.261671,-0.700281,0.474609,0.274988,-0.678002,0.702537,0.415792,-0.255453,0.353438,0.406759,-0.175381,0.760645,0.857952,-0.090059,0.288411,0.752664,0.021538,0.794872,1.098794,-0.345124,0.196514,0.984223,-0.337431,0.845004,1.189422,-0.402949,0.147038,1.022861,-0.410888,0.831234,1.166523,-0.486704,0.160955,1.022482,-0.504964,0.807931,1.128024,-0.388449,0.184024,1.011841,-0.390277,0.656295,1.268785,-0.062334,0.425766,1.262060,0.065075,0.646834,1.899528,0.130461,0.432379,1.899716,0.289665,0.646460,2.462919,0.709445,0.443570,2.471641,0.809414,0.650301,2.550908,0.746170,0.447386,2.554059,0.847332,0.617649,2.656069,0.311062,0.468436,2.670897,0.359237
63.000000,5.464291,0.499777,0.194508,-0.804259,0.524221,0.098819,-0.793606,0.544686,0.091042,-0.793665,0.560593,0.084640,-0.793955,0.465870,0.113017,-0.779979,0.449676,0.114532,-0.779894,0.434601,0.116753,-0.780160,0.588943,0.086300,-0.514394,0.416448,0.123356,-0.435794,0.538144,0.261684,-0.683886,0.474580,0.275032,-0.661268,0.702631,0.415610,-0.248087,0.353422,0.406766,-0.175929,0.760749,0.858112,-0.039638,0.288357,0.753450,0.048206,0.795017,1.099085,-0.209563,0.196388,0.984860,-0.166082,0.846274,1.190099,-0.247897,0.146959,1.022910,-0.215358,0.833012,1.167844,-0.332610,0.160786,1.022506,-0.308872,0.809303,1.130163,-0.251477,0.183767,1.011986,-0.214410,0.656430,1.269904,-0.060047,0.425804,1.262989,0.062712,0.646839,1.902005,0.143389,0.432233,1.902321,0.287616,0.646468,2.465265,0.756331,0.442930,2.475417,0.812496,0.650318,2.552478,0.798438,0.446649,2.557743,0.851664,0.617658,2.658490,0.379286,0.466797,2.675229,0.365474
64.000000,5.535693,0.499763,0.196398,-0.819511,0.524199,0.099546,-0.809074,0.544634,0.091539,-0.809150,0.560511,0.085030,-0.809420,0.465870,0.114023,-0.795038,0.449725,0.115465,-0.794980,0.434644,0.117544,-0.795242,0.588806,0.086364,-0.524279,0.416718,0.123664,-0.446100,0.538131,0.262588,-0.696526,0.474578,0.275812,-0.673782,0.702713,0.415855,-0.249647,0.353414,0.406896,-0.179500,0.760752,0.858507,-0.043740,0.288264,0.755671,0.037719,0.794746,1.095883,-0.257758,0.196713,0.983936,-0.241676,0.845829,1.181758,-0.307927,0.147163,1.022072,-0.305856,0.832779,1.156930,-0.400593,0.161109,1.019401,-0.399207,0.809107,1.120233,-0.304121,0.183972,1.009848,-0.292347,0.656438,1.270635,-0.057066,0.425732,1.263320,0.059843,0.646722,1.902066,0.141447,0.431230,1.902199,0.280624,0.646256,2.464977,0.750851,0.440858,2.474901,0.802229,0.650149,2.552062,0.791749,0.444083,2.557356,0.840728,0.616731,2.658506,0.378733,0.464712,2.674636,0.357749
65.000000,5.609445,0.499796,0.197038,-0.832260,0.524294,0.099785,-0.821803,0.544649,0.091705,-0.821952,0.560504,0.085184,-0.822237,0.465953,0.114521,-0.809052,0.449806,0.115961,-0.809071,0.434709,0.118015,-0.809374,0.588758,0.086379,-0.534904,0.416854,0.123927,-0.462786,0.538172,0.262935,-0.707575,0.474634,0.276104,-0.686578,0.702659,0.415981,-0.252042,0.353405,0.406987,-0.181437,0.760756,0.858145,-0.053237,0.288271,0.755863,0.097833,0.794688,1.092590,-0.263047,0.196715,0.983847,-0.062217,0.845726,1.179425,-0.311047,0.147229,1.019461,-0.105730,0.832766,1.153644,-0.402189,0.160243,1.016389,-0.202762,0.809107,1.117132,-0.308191,0.182953,1.008821,-0.110527,0.656453,1.270747,-0.056352,0.426689,1.263701,0.059049,0.646823,1.898635,0.142250,0.432657,1.898381,0.283977,0.647564,2.453662,0.747970,0.443751,2.465044,0.806462,0.651613,2.539398,0.788972,0.447252,2.546841,0.845177,0.618622,2.646830,0.373056,0.466998,2.662397,0.387142
66.000000,5.682864,0.499791,0.197507,-0.828017,0.524289,0.100185,-0.817703,0.544642,0.092185,-0.817875,0.560493,0.085750,-0.818133,0.465812,0.114704,-0.804860,0.449599,0.116103,-0.804856,0.434494,0.118163,-0.805158,0.588697,0.086554,-0.533929,0.416608,0.124022,-0.461501,0.538288,0.263164,-0.704677,0.474628,0.276432,-0.683496,0.702661,0.415929,-0.254257,0.353399,0.406953,-0.177433,0.760767,0.857561,-0.056509,0.288152,0.756020,0.133984,0.794788,1.092144,-0.257882,0.196520,0.984004,-0.015337,0.846411,1.179669,-0.302617,0.147189,1.019850,-0.056759,0.833601,1.154164,-0.391570,0.160050,1.016580,-0.153562,0.799137,1.085228,-0.301802,0.182582,1.008976,-0.063668,0.657972,1.270747,-0.056563,0.428158,1.264114,0.059254,0.648480,1.897289,0.135993,0.434746,1.898323,0.298930,0.649689,2.451156,0.729284,0.445515,2.465138,0.830066,0.653796,2.537136,0.769609,0.449372,2.547384,0.870218,0.620677,2.645761,0.358599,0.468422,2.662556,0.414001
67.000000,5.760148,0.499519,0.197536,-0.756384,0.524072,0.100042,-0.747943,0.544425,0.092030,-0.747989,0.560284,0.085626,-0.748216,0.465557,0.114857,-0.735112,0.449372,0.116508,-0.735090,0.434264,0.118936,-0.735357,0.588511,0.086566,-0.492599,0.416429,0.124798,-0.419720,0.538276,0.263176,-0.645171,0.474428,0.276531,-0.623893,0.702664,0.416059,-0.245000,0.353402,0.406896,-0.173696,0.761019,0.857602,-0.050707,0.288292,0.753579,0.122038,0.794984,1.095039,-0.226555,0.196558,0.983175,-0.038825,0.846978,1.185313,-0.264034,0.147405,1.018988,-0.081007,0.834042,1.161272,-0.348079,0.160114,1.016534,-0.171525,0.803151,1.106977,-0.268165,0.182597,1.008929,-0.085321,0.658306,1.269767,-0.053242,0.428432,1.263507,0.055859,0.649001,1.894410,0.125155,0.435364,1.894017,0.272509,0.649910,2.449334,0.671211,0.445512,2.460600,0.749949,0.654003,2.535388,0.708058,0.449321,2.544380,0.785046,0.620995,2.643607,0.320367,0.468424,2.655064,0.346948
68.000000,5.833971,0.499495,0.197529,-0.733938,0.524081,0.100029,-0.725321,0.544425,0.092026,-0.725353,0.560278,0.085632,-0.725541,0.465553,0.114873,-0.712878,0.449364,0.116548,-0.712781,0.434255,0.119025,-0.713013,0.588528,0.086584,-0.469346,0.416417,0.124962,-0.397192,0.538215,0.263187,-0.622312,0.474360,0.276497,-0.601429,0.702537,0.416005,-0.233624,0.353442,0.406680,-0.166454,0.760942,0.856817,-0.049390,0.288295,0.753183,0.117887,0.794128,1.095094,-0.221087,0.196662,0.983136,-0.061855,0.843818,1.185436,-0.260357,0.147661,1.018940,-0.109037,0.829832,1.161198,-0.338900,0.160407,1.016567,-0.204990,0.802531,1.107900,-0.260991,0.183576,1.008958,-0.111235,0.658811,1.269634,-0.053062,0.428436,1.263585,0.055719,0.650108,1.894487,0.117222,0.436092,1.894102,0.267194,0.650929,2.449736,0.666680,0.446442,2.460994,0.744860,0.654983,2.535799,0.703425,0.450082,2.544637,0.780845,0.622614,2.644021,0.307693,0.470327,2.655957,0.331490
69.000000,5.910298,0.499434,0.197640,-0.756130,0.524015,0.100039,-0.746486,0.544290,0.092061,-0.746561,0.560096,0.085712,-0.746798,0.465583,0.114919,-0.733466,0.449441,0.116646,-0.733385,0.434365,0.119137,-0.733632,0.588345,0.086726,-0.480395,0.417005,0.125104,-0.405667,0.538052,0.263263,-0.640433,0.474351,0.276456,-0.618827,0.702414,0.415979,-0.231628,0.353459,0.406821,-0.161912,0.760942,0.854003,-0.032730,0.288220,0.753917,0.113210,0.793940,1.094882,-0.198102,0.196738,0.983349,-0.076299,0.843590,1.184768,-0.237418,0.147622,1.019173,-0.123889,0.829750,1.160304,-0.318928,0.160419,1.017476,-0.218051,0.802803,1.108129,-0.238624,0.183603,1.009606,-0.125045,0.659301,1.269705,-0.053231,0.429822,1.263870,0.055880,0.650381,1.896274,0.116537,0.436884,1.896229,0.257112,0.651243,2.453559,0.673673,0.448328,2.465062,0.745790,0.655328,2.539161,0.709539,0.451974,2.547625,0.782644,0.623299,2.646098,0.308522,0.471141,2.659766,0.318256
70.000000,5.993338,0.499425,0.197624,-0.727841,0.524060,0.099934,-0.720471,0.544313,0.091972,-0.720506,0.560107,0.085643,-0.720797,0.465612,0.114935,-0.705903,0.449465,0.116661,-0.705746,0.434374,0.119165,-0.705914,0.588342,0.086725,-0.464351,0.417011,0.125130,-0.382197,0.538044,0.263254,-0.616040,0.474316,0.276329,-0.591916,0.702255,0.415761,-0.226112,0.353465,0.406903,-0.146863,0.760944,0.851852,-0.036486,0.287982,0.758336,0.094712,0.794875,1.094527,-0.212680,0.196761,0.985338,-0.169909,0.844069,1.183703,-0.253216,0.147558,1.024442,-0.226298,0.829804,1.159124,-0.336658,0.160525,1.020474,-0.313295,0.803452,1.108884,-0.254111,0.183672,1.011079,-0.217969,0.657392,1.269711,-0.053379,0.427674,1.263832,0.056023,0.648498,1.901843,0.078325,0.434481,1.900959,0.239850,0.648934,2.467444,0.609218,0.444790,2.476251,0.690307,0.653409,2.552977,0.643120,0.447805,2.559122,0.723254,0.619860,2.660972,0.239193,0.466993,2.672307,0.259740
71.000000,6.073533,0.499624,0.199201,-0.735997,0.524322,0.100599,-0.728955,0.544495,0.092568,-0.728975,0.560273,0.086291,-0.729283,0.465870,0.115888,-0.714009,0.449684,0.117801,-0.713826,0.434611,0.120320,-0.713974,0.588389,0.087290,-0.470970,0.417360,0.125851,-0.386904,0.538272,0.264654,-0.623107,0.474500,0.277090,-0.598251,0.702264,0.416041,-0.229086,0.353650,0.406869,-0.147612,0.761204,0.852151,-0.043359,0.287975,0.758387,0.094916,0.795310,1.096470,-0.218701,0.196910,0.985953,-0.161797,0.845299,1.187127,-0.261170,0.147540,1.024972,-0.217010,0.829826,1.163928,-0.339552,0.160522,1.021631,-0.306436,0.803934,1.117329,-0.257188,0.183996,1.012018,-0.210563,0.656942,1.269797,-0.053574,0.426798,1.263535,0.056277,0.647364,1.908746,0.073270,0.433516,1.905814,0.230807,0.646857,2.482452,0.607688,0.442009,2.491212,0.669609,0.651467,2.570437,0.641535,0.444744,2.577013,0.700304,0.616342,2.677594,0.233372,0.464035,2.690394,0.231040
72.000000,6.155141,0.499914,0.199217,-0.731818,0.524606,0.100330,-0.723242,0.544642,0.092292,-0.723269,0.560403,0.086003,-0.723543,0.466152,0.115881,-0.706386,0.449872,0.117819,-0.706197,0.434724,0.120336,-0.706347,0.588446,0.087060,-0.461045,0.417363,0.125874,-0.367474,0.538640,0.264682,-0.618322,0.474689,0.277226,-0.591233,0.702295,0.415831,-0.229856,0.353718,0.407049,-0.134976,0.761296,0.851692,-0.117197,0.287671,0.760789,-0.063036,0.795551,1.098756,-0.334375,0.196924,0.988778,-0.565345,0.846321,1.191969,-0.393019,0.145579,1.028102,-0.656645,0.829945,1.168399,-0.462405,0.160502,1.026965,-0.738944,0.804643,1.125254,-0.372025,0.184291,1.013326,-0.618820,0.657667,1.270282,-0.061414,0.426803,1.264699,0.064361,0.649479,1.914525,0.061939,0.433920,1.915251,0.271333,0.648656,2.496790,0.606457,0.442988,2.503484,0.744422,0.653514,2.586558,0.639508,0.445807,2.590033,0.779095,0.617469,2.693935,0.213039,0.466650,2.705526,0.289327
73.000000,6.234895,0.500152,0.199650,-0.720950,0.524885,0.100337,-0.713908,0.544859,0.092296,-0.713895,0.560643,0.086007,-0.714160,0.466327,0.115943,-0.699404,0.450013,0.117940,-0.699216,0.434857,0.120471,-0.699335,0.588695,0.086889,-0.459122,0.417401,0.125969,-0.375286,0.539018,0.265157,-0.609676,0.474828,0.277629,-0.585557,0.702275,0.415667,-0.225471,0.353733,0.407042,-0.139203,0.761287,0.851073,-0.087506,0.287165,0.761236,-0.006781,0.795540,1.096662,-0.290220,0.196899,0.991231,-0.342453,0.845987,1.186543,-0.346517,0.145378,1.034111,-0.408672,0.828574,1.161844,-0.413914,0.160527,1.034931,-0.496645,0.804010,1.121283,-0.327766,0.184314,1.015207,-0.392775,0.657611,1.269009,-0.058524,0.426108,1.263224,0.061551,0.648549,1.914399,0.069162,0.432161,1.915164,0.256360,0.647279,2.494938,0.606472,0.440274,2.503534,0.701535,0.651854,2.584441,0.639809,0.443308,2.590521,0.733117,0.616178,2.691787,0.231494,0.464518,2.705006,0.265095
74.000000,6.314082,0.500153,0.200161,-0.729946,0.524886,0.100809,-0.722599,0.544861,0.092679,-0.722615,0.560647,0.086296,-0.722875,0.466329,0.116214,-0.708185,0.450016,0.118164,-0.708012,0.434857,0.120631,-0.708161,0.588693,0.086819,-0.464265,0.417414,0.126019,-0.380704,0.539029,0.265626,-0.617290,0.474831,0.277844,-0.593530,0.702260,0.415450,-0.227521,0.353663,0.407611,-0.141671,0.761268,0.849830,-0.080283,0.287132,0.761242,0.015043,0.795526,1.091618,-0.266732,0.196969,0.988486,-0.292295,0.843546,1.179307,-0.317384,0.145462,1.031644,-0.354568,0.810035,1.148240,-0.389181,0.160528,1.030829,-0.441426,0.787717,1.084778,-0.304293,0.184647,1.013646,-0.341416,0.658011,1.269039,-0.055708,0.426113,1.263789,0.058809,0.650367,1.913926,0.065449,0.432383,1.914952,0.256773,0.649730,2.494379,0.583735,0.441253,2.502686,0.711249,0.654377,2.583997,0.615032,0.444248,2.589664,0.744541,0.619113,2.690311,0.204205,0.466849,2.703619,0.267762
75.000000,6.392455,0.499908,0.199834,-0.729956,0.524598,0.100818,-0.721523,0.544678,0.092691,-0.721572,0.560524,0.086304,-0.721856,0.466203,0.116196,-0.706710,0.449917,0.118148,-0.706549,0.434758,0.120625,-0.706721,0.588687,0.086774,-0.460890,0.417411,0.126029,-0.377585,0.538871,0.265547,-0.616571,0.474683,0.277640,-0.592498,0.702252,0.414847,-0.224215,0.353710,0.407706,-0.137542,0.761130,0.844301,-0.076547,0.286838,0.761027,0.050076,0.795498,1.090211,-0.267364,0.197346,0.989797,-0.222058,0.842677,1.173419,-0.317129,0.146015,1.036387,-0.280636,0.804832,1.140043,-0.392564,0.162405,1.032933,-0.364665,0.783675,1.071847,-0.305977,0.186707,1.015651,-0.268599,0.657210,1.268797,-0.053954,0.426102,1.263193,0.056938,0.648571,1.913300,0.079616,0.432133,1.913135,0.225234,0.647973,2.488986,0.592084,0.441134,2.497894,0.654188,0.652848,2.576344,0.624646,0.444103,2.582528,0.684557,0.616936,2.683580,0.236987,0.465939,2.698093,0.221986
76.000000,6.477873,0.499911,0.200021,-0.732002,0.524602,0.101696,-0.723816,0.544684,0.093637,-0.723856,0.560540,0.087320,-0.724163,0.466240,0.116669,-0.707011,0.449970,0.118602,-0.706804,0.434794,0.121033,-0.706944,0.588759,0.087393,-0.462678,0.417445,0.126242,-0.390001,0.538872,0.265759,-0.618516,0.474680,0.277670,-0.594295,0.702074,0.414788,-0.223743,0.353708,0.407711,-0.140262,0.760843,0.839241,-0.037907,0.286534,0.760686,0.090534,0.795486,1.087574,-0.219256,0.197413,0.989742,-0.096003,0.840151,1.167983,-0.261929,0.146020,1.035949,-0.143347,0.805681,1.136210,-0.346738,0.162481,1.032674,-0.231807,0.781718,1.071871,-0.260259,0.187136,1.015650,-0.141457,0.656663,1.267154,-0.048724,0.426415,1.261781,0.051563,0.647503,1.900270,0.078896,0.432293,1.899375,0.225005,0.647539,2.459579,0.575074,0.441203,2.472255,0.654932,0.652303,2.543960,0.606349,0.444137,2.555677,0.684919,0.616682,2.654307,0.222402,0.465830,2.668350,0.240850
77.000000,6.561662,0.499909,0.200300,-0.720986,0.524626,0.102732,-0.711378,0.544725,0.094847,-0.711385,0.560607,0.088678,-0.711542,0.466256,0.117105,-0.698960,0.450009,0.118951,-0.698794,0.434824,0.121285,-0.698954,0.589017,0.088486,-0.454761,0.417484,0.126520,-0.389310,0.538819,0.266145,-0.609546,0.474673,0.277739,-0.589520,0.701953,0.414739,-0.210827,0.353780,0.407695,-0.147067,0.760546,0.835480,-0.009518,0.286541,0.759053,0.085509,0.795486,1.086274,-0.172447,0.197516,0.988715,-0.117400,0.840196,1.166237,-0.208132,0.146104,1.034621,-0.167144,0.807360,1.136810,-0.285486,0.162481,1.030778,-0.253645,0.786521,1.072909,-0.211671,0.187535,1.014689,-0.163505,0.657798,1.266433,-0.047768,0.427080,1.261790,0.050680,0.649018,1.897540,0.064247,0.435551,1.899288,0.229236,0.649513,2.459087,0.559212,0.445088,2.472793,0.652996,0.653928,2.544823,0.589613,0.448281,2.556063,0.681806,0.619787,2.654205,0.199282,0.471157,2.668906,0.237749
78.000000,6.641047,0.499902,0.200339,-0.793531,0.524568,0.102754,-0.782320,0.544686,0.094904,-0.782479,0.560598,0.088752,-0.782669,0.466250,0.117122,-0.768999,0.450009,0.118972,-0.768873,0.434812,0.121303,-0.769105,0.589093,0.088598,-0.503182,0.417431,0.126676,-0.429783,0.538823,0.266312,-0.672919,0.474670,0.277752,-0.651285,0.701948,0.414757,-0.252759,0.353783,0.407922,-0.152630,0.760558,0.837159,-0.102997,0.286368,0.759739,0.095937,0.794392,1.085827,-0.353013,0.197649,0.988350,-0.129640,0.839639,1.166040,-0.409623,0.146750,1.033250,-0.182710,0.808175,1.136882,-0.494334,0.162508,1.027670,-0.272028,0.789390,1.073337,-0.396374,0.187642,1.012994,-0.177390,0.658761,1.266207,-0.049305,0.427622,1.261890,0.052264,0.651052,1.895094,0.083895,0.436527,1.898612,0.276399,0.652259,2.455304,0.624636,0.447386,2.470727,0.786803,0.656655,2.541846,0.660143,0.450769,2.554328,0.824647,0.622905,2.651585,0.245029,0.474183,2.667389,0.359578
79.000000,6.721513,0.500475,0.200656,-0.803733,0.525656,0.102755,-0.792618,0.545604,0.094912,-0.792668,0.561626,0.088772,-0.792805,0.466822,0.117169,-0.779651,0.450540,0.119133,-0.779449,0.435233,0.121499,-0.779623,0.591340,0.088667,-0.511664,0.417607,0.127229,-0.439469,0.539601,0.266921,-0.682986,0.474986,0.278522,-0.661790,0.702043,0.415990,-0.255481,0.353972,0.407977,-0.168316,0.760710,0.839789,-0.092113,0.286314,0.759697,0.090614,0.794235,1.085875,-0.314650,0.197658,0.988345,-0.130912,0.841043,1.170710,-0.365543,0.146800,1.033199,-0.183632,0.814030,1.141513,-0.447398,0.162568,1.028160,-0.282045,0.794740,1.089662,-0.356514,0.187701,1.013267,-0.182572,0.658908,1.269866,-0.053232,0.426679,1.264938,0.056468,0.650705,1.904205,0.078697,0.433977,1.908135,0.286064,0.650989,2.472471,0.627103,0.443007,2.486669,0.808376,0.655021,2.561379,0.661934,0.446460,2.571936,0.846550,0.620813,2.671608,0.235874,0.470293,2.687926,0.359897
80.000000,6.802576,0.500551,0.202075,-0.829539,0.525676,0.104165,-0.817809,0.545614,0.096063,-0.817921,0.561634,0.089811,-0.818109,0.466864,0.118749,-0.806192,0.450602,0.120733,-0.806069,0.435298,0.123101,-0.806283,0.591333,0.089077,-0.527433,0.417789,0.128159,-0.462308,0.539718,0.267668,-0.704330,0.475156,0.279452,-0.685181,0.702041,0.416055,-0.257282,0.354153,0.408242,-0.180382,0.760587,0.842372,-0.087159,0.286301,0.760625,0.087321,0.793833,1.084632,-0.319014,0.197800,0.987769,-0.143193,0.840822,1.167333,-0.372001,0.147007,1.032334,-0.196910,0.806926,1.138258,-0.459296,0.162567,1.027192,-0.291953,0.786256,1.076031,-0.363433,0.187718,1.013063,-0.193410,0.659037,1.270549,-0.052620,0.427284,1.266606,0.055831,0.650797,1.904064,0.081362,0.434247,1.908109,0.285719,0.652239,2.468119,0.631657,0.445030,2.484298,0.786101,0.656494,2.555290,0.666782,0.448685,2.568191,0.822278,0.621953,2.667068,0.241332,0.471486,2.684531,0.347069
81.000000,6.881746,0.500520,0.202023,-0.810353,0.525678,0.103997,-0.799993,0.545626,0.095934,-0.800038,0.561658,0.089693,-0.800444,0.466864,0.118565,-0.783867,0.450605,0.120543,-0.783747,0.435300,0.122904,-0.783995,0.591358,0.088867,-0.519980,0.417838,0.127936,-0.436150,0.539675,0.267674,-0.689988,0.475064,0.279393,-0.665195,0.702451,0.416378,-0.256331,0.354160,0.408241,-0.174306,0.761649,0.857474,-0.085423,0.285966,0.762069,0.077168,0.793819,1.115071,-0.274926,0.197459,0.989619,-0.186845,0.846285,1.199306,-0.318203,0.145083,1.032717,-0.241641,0.820888,1.174085,-0.400062,0.161655,1.027187,-0.327881,0.800367,1.127291,-0.315548,0.187343,1.013365,-0.234198,0.660802,1.274948,-0.052639,0.427963,1.269802,0.055841,0.653268,1.915072,0.091655,0.434847,1.919545,0.281237,0.653345,2.488187,0.666396,0.445537,2.500793,0.781311,0.657790,2.577787,0.703843,0.449050,2.584713,0.818263,0.622998,2.685418,0.274029,0.472099,2.704658,0.339935
82.000000,6.962223,0.500391,0.199500,-0.735360,0.525668,0.101715,-0.725291,0.545625,0.094175,-0.725183,0.561662,0.088196,-0.725546,0.466816,0.116170,-0.708791,0.450536,0.118270,-0.708547,0.435252,0.120824,-0.708675,0.591440,0.088492,-0.465781,0.417841,0.127173,-0.375398,0.539597,0.266198,-0.624145,0.474738,0.277728,-0.597599,0.702535,0.416535,-0.234519,0.354163,0.408188,-0.152075,0.761769,0.857805,-0.074799,0.285707,0.762424,0.070429,0.793842,1.113711,-0.236831,0.196628,0.990818,-0.225264,0.848931,1.202319,-0.276527,0.141979,1.032806,-0.283606,0.825133,1.178428,-0.347886,0.160290,1.027475,-0.367002,0.804713,1.135168,-0.273713,0.186117,1.014454,-0.272880,0.659786,1.276222,-0.055117,0.426670,1.269859,0.058260,0.652842,1.926409,0.082680,0.434369,1.928316,0.235227,0.651915,2.512716,0.662679,0.443926,2.520905,0.682617,0.656692,2.603762,0.699419,0.447054,2.606654,0.713842,0.620930,2.708653,0.271059,0.469218,2.725833,0.226407
83.000000,7.046877,0.500733,0.199575,-0.729119,0.526121,0.101730,-0.717002,0.545883,0.094209,-0.716927,0.561818,0.088239,-0.717216,0.467082,0.116053,-0.701371,0.450754,0.118047,-0.701042,0.435508,0.120390,-0.701199,0.591457,0.088497,-0.441937,0.418172,0.126779,-0.355776,0.539683,0.266213,-0.613091,0.474825,0.277737,-0.588008,0.702538,0.416908,-0.226238,0.354171,0.408423,-0.138689,0.761950,0.859692,-0.126421,0.285149,0.769473,-0.086169,0.794109,1.114267,-0.368073,0.195168,0.994785,-0.592996,0.848833,1.210280,-0.427387,0.137606,1.035229,-0.683473,0.825723,1.186677,-0.494400,0.156301,1.027782,-0.763757,0.805263,1.147096,-0.406009,0.184461,1.015496,-0.645507,0.659777,1.280272,-0.058937,0.426250,1.276009,0.062225,0.654626,1.934953,0.046036,0.434380,1.943846,0.237944,0.653799,2.531390,0.598181,0.444031,2.541604,0.697870,0.659044,2.622122,0.628980,0.447065,2.627134,0.730582,0.622071,2.730132,0.175304,0.469824,2.746476,0.237395
84.000000,7.129388,0.501422,0.199752,-0.688321,0.527101,0.101686,-0.676667,0.546614,0.094135,-0.676572,0.562537,0.088141,-0.676872,0.467767,0.116065,-0.664298,0.451360,0.118086,-0.664027,0.436126,0.120414,-0.664189,0.591954,0.088353,-0.413047,0.418695,0.126799,-0.340091,0.540230,0.266327,-0.575855,0.475280,0.277902,-0.554840,0.702673,0.417790,-0.196245,0.354429,0.408429,-0.137640,0.761927,0.859934,-0.073195,0.285122,0.769517,-0.032589,0.794258,1.113152,-0.264415,0.194718,0.994751,-0.399709,0.848930,1.212564,-0.306155,0.137064,1.033382,-0.468546,0.826851,1.186652,-0.371706,0.155666,1.026313,-0.549654,0.806834,1.147189,-0.299913,0.183198,1.015145,-0.448107,0.659736,1.282440,-0.055336,0.425495,1.278231,0.058461,0.655036,1.939617,0.051004,0.434408,1.948584,0.202921,0.654268,2.536352,0.603325,0.444523,2.546318,0.634942,0.659426,2.626927,0.635398,0.447526,2.631451,0.665367,0.623943,2.733427,0.185666,0.471223,2.750868,0.176389
85.000000,7.213465,0.501572,0.199774,-0.755750,0.527510,0.101694,-0.738136,0.546871,0.094142,-0.738197,0.562702,0.088150,-0.738472,0.468060,0.116073,-0.726317,0.451604,0.118097,-0.726122,0.436374,0.120420,-0.726312,0.591965,0.088399,-0.445736,0.418893,0.126825,-0.377729,0.540232,0.266345,-0.633979,0.475327,0.277891,-0.614355,0.702672,0.417904,-0.199169,0.354483,0.408317,-0.144179,0.761179,0.859183,-0.041506,0.285380,0.766302,0.011441,0.793593,1.112874,-0.195432,0.195054,0.993663,-0.280205,0.847957,1.211232,-0.232263,0.138494,1.031390,-0.335341,0.826833,1.184864,-0.306878,0.155871,1.025612,-0.428903,0.806643,1.144685,-0.233371,0.183524,1.015046,-0.331167,0.659806,1.280723,-0.058254,0.426463,1.277087,0.061323,0.655421,1.937955,0.055576,0.437977,1.946004,0.215688,0.655356,2.533721,0.634977,0.451292,2.545216,0.710499,0.660502,2.623156,0.670396,0.454295,2.629669,0.746672,0.625700,2.733005,0.210411,0.477365,2.748642,0.233295
86.000000,7.295273,0.501427,0.199865,-0.746968,0.527305,0.101833,-0.732876,0.546705,0.094256,-0.732897,0.562530,0.088274,-0.733145,0.467986,0.116375,-0.719456,0.451529,0.118430,-0.719256,0.436320,0.120790,-0.719430,0.591882,0.088513,-0.449015,0.418891,0.126980,-0.378596,0.540069,0.266441,-0.629786,0.475325,0.277973,-0.608019,0.702667,0.417745,-0.205270,0.354549,0.407967,-0.144228,0.760458,0.850706,-0.052160,0.285370,0.764809,0.012851,0.793490,1.102027,-0.224177,0.195473,0.994058,-0.279707,0.829838,1.193642,-0.270764,0.140291,1.034827,-0.337934,0.814780,1.160317,-0.344301,0.158774,1.032133,-0.428484,0.794116,1.099773,-0.262675,0.185115,1.019478,-0.330055,0.659678,1.280297,-0.058551,0.426469,1.275975,0.061621,0.654801,1.936175,0.054610,0.437551,1.943073,0.247551,0.654027,2.532436,0.606474,0.449954,2.541281,0.742384,0.659119,2.622265,0.639596,0.452926,2.626263,0.778521,0.623919,2.730022,0.203013,0.475691,2.744612,0.292820
87.000000,7.376367,0.501448,0.198293,-0.779472,0.527315,0.100925,-0.763384,0.546706,0.093660,-0.763471,0.562529,0.087787,-0.763806,0.468047,0.115260,-0.749130,0.451612,0.117386,-0.748933,0.436419,0.119825,-0.749097,0.591848,0.088208,-0.468001,0.419008,0.126695,-0.389647,0.540083,0.265504,-0.656388,0.475330,0.277011,-0.632719,0.702670,0.417672,-0.219860,0.354530,0.407985,-0.142682,0.760450,0.849044,-0.100887,0.284803,0.765260,0.071501,0.793448,1.097803,-0.368869,0.195448,0.995112,-0.221417,0.820604,1.189076,-0.430758,0.140469,1.038407,-0.282878,0.806578,1.150537,-0.508764,0.159023,1.037666,-0.376633,0.785460,1.083148,-0.410774,0.185114,1.020823,-0.272302,0.658378,1.280226,-0.060558,0.426351,1.275775,0.063587,0.653119,1.935372,0.055116,0.436932,1.941547,0.233509,0.651479,2.528176,0.634399,0.449141,2.537194,0.718210,0.656754,2.618187,0.670151,0.451864,2.622341,0.752495,0.620873,2.725009,0.219311,0.474721,2.739995,0.245979
88.000000,7.457369,0.501494,0.197483,-0.814688,0.527415,0.099915,-0.798703,0.546759,0.092657,-0.798806,0.562557,0.086765,-0.799110,0.468140,0.114740,-0.784984,0.451666,0.117006,-0.784823,0.436480,0.119533,-0.785013,0.591810,0.087798,-0.500831,0.419047,0.126698,-0.422182,0.540089,0.265075,-0.689016,0.475355,0.276782,-0.666227,0.702728,0.417663,-0.235082,0.354552,0.407986,-0.159359,0.760677,0.849165,-0.081165,0.284799,0.765105,0.067870,0.793296,1.098746,-0.280492,0.195637,0.995160,-0.212398,0.830698,1.192645,-0.326555,0.140845,1.038367,-0.271718,0.815015,1.161864,-0.407464,0.159330,1.037415,-0.366155,0.793660,1.109931,-0.321707,0.185824,1.020923,-0.263362,0.659134,1.280513,-0.063488,0.426770,1.275882,0.066506,0.653132,1.934956,0.089808,0.437152,1.940416,0.256913,0.651627,2.525491,0.720450,0.449842,2.534567,0.787128,0.656829,2.615280,0.761177,0.453026,2.619666,0.826188,0.621146,2.722201,0.310888,0.475064,2.737091,0.315703
89.000000,7.549904,0.501867,0.197026,-0.805958,0.527574,0.099801,-0.789347,0.546807,0.092573,-0.789463,0.562562,0.086673,-0.789731,0.468751,0.114508,-0.776814,0.452327,0.116811,-0.776649,0.437246,0.119318,-0.776866,0.591675,0.087778,-0.496387,0.419817,0.126706,-0.422684,0.540102,0.264823,-0.681899,0.475634,0.276558,-0.661358,0.702737,0.417664,-0.236054,0.354610,0.407377,-0.160326,0.760600,0.849166,-0.080953,0.284868,0.764467,0.077517,0.793300,1.098827,-0.284198,0.197072,0.995159,-0.167422,0.830948,1.193606,-0.331819,0.146351,1.039911,-0.220910,0.815493,1.164880,-0.413521,0.164094,1.039950,-0.313121,0.794397,1.118338,-0.325784,0.189210,1.021047,-0.216519,0.659854,1.278519,-0.063394,0.427929,1.275516,0.066413,0.655536,1.928232,0.081341,0.440624,1.936293,0.256505,0.655429,2.515615,0.715451,0.455556,2.527109,0.770810,0.660737,2.606237,0.758498,0.458970,2.612523,0.808036,0.625453,2.711185,0.284958,0.481855,2.726749,0.306769
90.000000,7.626218,0.502418,0.197156,-0.798944,0.527981,0.099968,-0.783505,0.547006,0.092715,-0.783609,0.562670,0.086797,-0.783875,0.469217,0.114651,-0.770269,0.452756,0.116959,-0.770100,0.437660,0.119397,-0.770312,0.591663,0.087823,-0.494367,0.420032,0.126835,-0.420173,0.540313,0.264979,-0.676456,0.475908,0.276779,-0.654957,0.702742,0.418458,-0.233566,0.354618,0.407405,-0.167893,0.760588,0.850962,-0.051967,0.285072,0.763696,0.057027,0.793138,1.099814,-0.221625,0.197727,0.993953,-0.198614,0.831412,1.194718,-0.263549,0.148890,1.040306,-0.254969,0.815695,1.167777,-0.342100,0.166522,1.039746,-0.348267,0.794712,1.124770,-0.261718,0.191707,1.020425,-0.248581,0.659456,1.278494,-0.060809,0.427325,1.275225,0.063859,0.654339,1.928847,0.082687,0.439699,1.935777,0.241204,0.654364,2.516227,0.692280,0.454665,2.526503,0.740520,0.659434,2.607269,0.731986,0.457917,2.611978,0.776382,0.624757,2.711073,0.276149,0.481298,2.726425,0.270247
91.000000,7.702135,0.502571,0.196520,-0.794422,0.528273,0.099749,-0.779517,0.547265,0.092487,-0.779613,0.562932,0.086510,-0.779876,0.469388,0.114421,-0.766389,0.452941,0.116729,-0.766212,0.437877,0.119112,-0.766418,0.591801,0.087671,-0.492803,0.420190,0.126798,-0.420493,0.540419,0.264678,-0.672651,0.475969,0.276560,-0.651879,0.702718,0.418458,-0.226423,0.354627,0.407565,-0.175407,0.760348,0.850509,-0.021558,0.285197,0.762673,0.057072,0.792443,1.099818,-0.172330,0.198741,0.994231,-0.181521,0.831931,1.195071,-0.209338,0.152249,1.044273,-0.234993,0.815865,1.169215,-0.286756,0.170568,1.046728,-0.324606,0.795100,1.127864,-0.211303,0.194305,1.023139,-0.229064,0.659449,1.278485,-0.059263,0.427378,1.275183,0.062283,0.653926,1.929314,0.090747,0.439529,1.935564,0.216801,0.653545,2.516119,0.696946,0.454125,2.526184,0.700773,0.658430,2.607250,0.735303,0.457467,2.611535,0.735079,0.624190,2.710535,0.293064,0.480180,2.726371,0.230902
92.000000,7.787875,0.503107,0.196726,-0.792092,0.528968,0.099942,-0.777345,0.547831,0.092635,-0.777445,0.563617,0.086648,-0.777718,0.469691,0.114764,-0.764234,0.453166,0.117136,-0.764074,0.438019,0.119434,-0.764283,0.592464,0.087682,-0.492107,0.420195,0.126879,-0.420271,0.541135,0.264874,-0.671077,0.476370,0.276896,-0.650269,0.702716,0.417654,-0.226767,0.354633,0.407582,-0.173417,0.760141,0.848468,-0.026079,0.285179,0.762902,0.067377,0.792485,1.099478,-0.174511,0.198735,0.995345,-0.181797,0.832568,1.193272,-0.219523,0.151579,1.046357,-0.236538,0.807005,1.153691,-0.291777,0.170446,1.047933,-0.329192,0.785216,1.094717,-0.214619,0.194265,1.023352,-0.231391,0.659772,1.278063,-0.060864,0.427689,1.275153,0.063955,0.654966,1.929225,0.077972,0.440569,1.935599,0.219181,0.654815,2.516452,0.683545,0.454877,2.527119,0.701715,0.659662,2.607534,0.720622,0.458064,2.612355,0.736629,0.626003,2.711291,0.268064,0.481267,2.728108,0.239924
93.000000,7.866615,0.503164,0.196717,-0.772127,0.528991,0.100121,-0.758275,0.547864,0.092866,-0.758388,0.563657,0.086872,-0.758667,0.469703,0.114749,-0.746000,0.453197,0.117096,-0.745830,0.438056,0.119362,-0.746025,0.592461,0.087742,-0.482031,0.420202,0.126846,-0.413122,0.541187,0.264888,-0.654659,0.476378,0.276881,-0.634805,0.702718,0.417537,-0.227400,0.354592,0.407504,-0.163307,0.760480,0.849653,-0.049880,0.285117,0.764619,0.066013,0.794058,1.101339,-0.225187,0.198623,0.997198,-0.198877,0.834611,1.196625,-0.271779,0.151373,1.052722,-0.253530,0.812057,1.164870,-0.348465,0.170222,1.051676,-0.343762,0.790138,1.115487,-0.264931,0.194171,1.023936,-0.248145,0.659964,1.277703,-0.060157,0.427803,1.274690,0.063265,0.655061,1.928259,0.012043,0.440529,1.934423,0.215942,0.654797,2.516213,0.509338,0.454716,2.526792,0.652146,0.659637,2.607187,0.537197,0.457563,2.612083,0.681027,0.625398,2.711007,0.105522,0.481096,2.727953,0.201449
94.000000,7.947725,0.503409,0.196739,-0.779305,0.529193,0.100095,-0.766507,0.548034,0.092808,-0.766619,0.563842,0.086773,-0.766934,0.469831,0.114745,-0.754231,0.453345,0.117094,-0.754051,0.438213,0.119350,-0.754254,0.592532,0.087483,-0.486881,0.420220,0.126822,-0.416336,0.541480,0.264930,-0.659732,0.476540,0.277003,-0.639461,0.703030,0.417448,-0.234876,0.354580,0.407680,-0.164808,0.761096,0.854885,-0.063815,0.284773,0.769350,0.043570,0.794784,1.122159,-0.247369,0.197968,0.997399,-0.273216,0.837943,1.213127,-0.296737,0.141017,1.056547,-0.336636,0.817169,1.187358,-0.374678,0.166500,1.051581,-0.427515,0.794933,1.143882,-0.287590,0.190424,1.023693,-0.324234,0.660293,1.277787,-0.060136,0.427612,1.274709,0.063242,0.655214,1.929261,0.025086,0.439568,1.935210,0.240943,0.654851,2.518219,0.577833,0.453933,2.527552,0.747270,0.659702,2.609373,0.611788,0.456865,2.612669,0.784965,0.625390,2.714159,0.152997,0.480815,2.730055,0.284293
95.000000,8.031621,0.503323,0.196824,-0.740224,0.529195,0.100015,-0.729421,0.548064,0.092637,-0.729439,0.563916,0.086527,-0.729745,0.469663,0.114732,-0.715582,0.453181,0.117053,-0.715334,0.438081,0.119259,-0.715479,0.592668,0.086927,-0.463506,0.420121,0.126655,-0.384483,0.541482,0.264956,-0.625776,0.476483,0.277018,-0.602879,0.703157,0.417436,-0.234813,0.354554,0.407368,-0.148763,0.761425,0.855035,-0.085409,0.284770,0.768444,0.062378,0.794475,1.129788,-0.287114,0.197791,0.997337,-0.231603,0.835942,1.225275,-0.340113,0.141121,1.054043,-0.288637,0.814141,1.199655,-0.411741,0.165947,1.051330,-0.378234,0.793045,1.155614,-0.324952,0.190261,1.023582,-0.282110,0.660429,1.277763,-0.060208,0.427582,1.274609,0.063318,0.655473,1.929821,0.033030,0.439421,1.935374,0.242066,0.654599,2.519313,0.591083,0.451952,2.528880,0.744118,0.659429,2.610277,0.624448,0.454699,2.614834,0.781278,0.624763,2.716454,0.155350,0.477538,2.731762,0.280300
96.000000,8.111267,0.502797,0.197491,-0.816859,0.528323,0.100981,-0.805208,0.547495,0.093376,-0.805305,0.563339,0.087127,-0.805555,0.469192,0.115840,-0.793658,0.452750,0.118134,-0.793551,0.437719,0.120393,-0.793761,0.592013,0.087112,-0.524815,0.420042,0.127136,-0.456371,0.541230,0.265494,-0.695599,0.476418,0.277442,-0.675777,0.703331,0.417528,-0.253724,0.354564,0.407411,-0.191678,0.761439,0.854925,-0.058410,0.284844,0.767537,0.099211,0.794477,1.125776,-0.225583,0.197969,0.997378,-0.061995,0.836166,1.224401,-0.266563,0.142778,1.053944,-0.106651,0.815872,1.197572,-0.348271,0.166104,1.050949,-0.202880,0.794179,1.153481,-0.266534,0.190555,1.023620,-0.110483,0.660464,1.276302,-0.060009,0.427486,1.272413,0.063073,0.653725,1.924959,0.101256,0.437998,1.926536,0.276887,0.652520,2.503559,0.714042,0.449904,2.512464,0.824104,0.656714,2.593895,0.754613,0.453433,2.598141,0.865669,0.622497,2.700405,0.321457,0.475311,2.714387,0.375035
97.000000,8.197846,0.502783,0.197502,-0.805472,0.528330,0.100942,-0.791662,0.547503,0.093310,-0.791766,0.563345,0.087025,-0.791970,0.469182,0.115865,-0.781336,0.452742,0.118168,-0.781282,0.437717,0.120423,-0.781499,0.592012,0.086874,-0.514928,0.420045,0.127138,-0.452879,0.541224,0.265504,-0.686440,0.476417,0.277458,-0.668102,0.703541,0.417523,-0.251823,0.354506,0.407429,-0.188794,0.761504,0.854931,-0.070631,0.284269,0.767482,0.091344,0.794287,1.124790,-0.269938,0.197934,1.002506,-0.116302,0.836313,1.226293,-0.319513,0.143628,1.065663,-0.164974,0.815825,1.201700,-0.395553,0.166931,1.066365,-0.258597,0.794213,1.157896,-0.309756,0.190941,1.035037,-0.165348,0.661834,1.275077,-0.060359,0.427714,1.271955,0.063415,0.655293,1.924783,0.098421,0.439024,1.926552,0.273859,0.654004,2.503783,0.698342,0.451034,2.512700,0.796140,0.658276,2.594142,0.736737,0.454703,2.598484,0.834693,0.623833,2.700546,0.304243,0.477838,2.714514,0.343206
98.000000,8.282680,0.502423,0.195375,-0.812010,0.528119,0.099120,-0.795212,0.547388,0.091805,-0.795314,0.563237,0.085629,-0.795458,0.468863,0.114135,-0.784843,0.452419,0.116482,-0.784721,0.437430,0.118863,-0.784908,0.592012,0.086328,-0.511125,0.419685,0.126500,-0.448275,0.540928,0.264530,-0.691101,0.476006,0.276734,-0.672986,0.703538,0.417317,-0.251200,0.354511,0.407429,-0.188483,0.761425,0.854161,-0.065384,0.284200,0.767160,0.086872,0.793750,1.116827,-0.267851,0.197905,1.003563,-0.143366,0.836422,1.215268,-0.317455,0.142678,1.074718,-0.197422,0.815916,1.192921,-0.395413,0.166989,1.067288,-0.290538,0.794243,1.151510,-0.308996,0.191134,1.036391,-0.193330,0.663989,1.270629,-0.060833,0.428452,1.270288,0.063945,0.657771,1.921001,0.092717,0.442917,1.925568,0.270617,0.659982,2.498964,0.692185,0.458230,2.512058,0.782436,0.664536,2.590914,0.730669,0.463037,2.598601,0.819985,0.629284,2.696418,0.298856,0.486275,2.713681,0.328515
99.000000,8.363583,0.502352,0.195819,-0.811548,0.527774,0.099917,-0.797194,0.547048,0.092371,-0.797309,0.562804,0.086018,-0.797557,0.468825,0.114937,-0.785130,0.452418,0.117278,-0.784992,0.437430,0.119601,-0.785192,0.591014,0.086317,-0.511997,0.419727,0.126682,-0.442576,0.540755,0.264653,-0.689561,0.476005,0.276892,-0.669415,0.703544,0.417071,-0.253070,0.354468,0.407444,-0.185308,0.761436,0.852755,-0.067307,0.284196,0.767221,0.098711,0.794136,1.115826,-0.267110,0.197933,1.003283,-0.128241,0.837144,1.214944,-0.316242,0.142707,1.066349,-0.179728,0.817780,1.192502,-0.394638,0.166600,1.061462,-0.275714,0.795957,1.150628,-0.308134,0.191128,1.031758,-0.178743,0.663400,1.270373,-0.062270,0.428450,1.269639,0.065296,0.657288,1.920642,0.091717,0.442704,1.924803,0.273722,0.659342,2.499207,0.697100,0.457866,2.512043,0.805467,0.663891,2.591219,0.736525,0.462530,2.598275,0.845540,0.629175,2.696661,0.295776,0.486110,2.713676,0.343476
100.000000,8.445153,0.501417,0.194568,-0.754656,0.526866,0.099088,-0.741074,0.546270,0.091730,-0.741100,0.561952,0.085454,-0.741436,0.468279,0.114209,-0.726933,0.451900,0.116559,-0.726773,0.437087,0.118968,-0.726972,0.590371,0.086219,-0.474175,0.419706,0.126348,-0.392592,0.539785,0.263524,-0.641045,0.475524,0.275611,-0.617253,0.703596,0.417148,-0.243393,0.354542,0.407650,-0.165303,0.762009,0.854731,-0.070575,0.283986,0.769002,0.095514,0.794750,1.129731,-0.266615,0.197083,1.009937,-0.170607,0.840413,1.231555,-0.315511,0.142083,1.084747,-0.227247,0.819432,1.210892,-0.393831,0.160395,1.071105,-0.317348,0.797943,1.167653,-0.307643,0.190488,1.043420,-0.219562,0.663374,1.271502,-0.062397,0.428383,1.269975,0.065397,0.657317,1.926378,0.084304,0.441915,1.929795,0.258810,0.659099,2.510554,0.687313,0.454818,2.524275,0.747341,0.663811,2.601893,0.727895,0.458826,2.612234,0.783355,0.628558,2.710392,0.290079,0.481256,2.727050,0.292562
101.000000,8.527382,0.501052,0.193144,-0.755216,0.526441,0.098364,-0.743805,0.545995,0.091078,-0.743826,0.561772,0.084785,-0.744117,0.468003,0.113378,-0.729429,0.451661,0.115706,-0.729244,0.436868,0.118198,-0.729433,0.590355,0.085855,-0.475419,0.419583,0.125925,-0.393208,0.539527,0.262420,-0.642252,0.475177,0.274938,-0.619416,0.703610,0.417146,-0.240730,0.354630,0.407696,-0.166596,0.762507,0.855799,-0.045656,0.284103,0.768067,0.111219,0.794783,1.137819,-0.198334,0.196976,1.010025,-0.087295,0.841919,1.242076,-0.236864,0.140762,1.086153,-0.133809,0.820825,1.224315,-0.312519,0.160592,1.071817,-0.231094,0.799076,1.181064,-0.236714,0.190467,1.043946,-0.137325,0.663364,1.271425,-0.062474,0.428674,1.269750,0.065449,0.656959,1.927230,0.084209,0.441818,1.930143,0.236607,0.658827,2.511099,0.690257,0.454779,2.524831,0.718267,0.663595,2.602355,0.730130,0.458678,2.612619,0.753108,0.628338,2.710556,0.297219,0.480368,2.727418,0.258614
102.000000,8.613481,0.500905,0.193157,-0.777353,0.526380,0.098237,-0.761847,0.545937,0.090951,-0.761881,0.561677,0.084700,-0.762142,0.467941,0.113401,-0.749568,0.451589,0.115778,-0.749417,0.436796,0.118316,-0.749641,0.590314,0.085857,-0.481973,0.419565,0.125966,-0.408585,0.539378,0.262441,-0.659251,0.475053,0.274940,-0.639084,0.703601,0.417140,-0.240177,0.354799,0.407691,-0.170199,0.762535,0.856035,-0.035777,0.284152,0.767592,0.104972,0.794784,1.134185,-0.195100,0.197583,1.009926,-0.110983,0.841922,1.241217,-0.233468,0.144500,1.083247,-0.160539,0.820949,1.221520,-0.311349,0.162825,1.071118,-0.255520,0.799270,1.178096,-0.234274,0.191068,1.042815,-0.160520,0.664262,1.271399,-0.062501,0.430148,1.269740,0.065476,0.658350,1.927027,0.063804,0.443512,1.930346,0.239548,0.659945,2.511543,0.650701,0.457015,2.525837,0.728963,0.664747,2.603473,0.686875,0.460892,2.613932,0.763592,0.630017,2.710469,0.239843,0.483206,2.728287,0.260128
103.000000,8.697427,0.500371,0.192319,-0.749269,0.525707,0.097706,-0.733534,0.545277,0.090553,-0.733498,0.561023,0.084422,-0.733760,0.467679,0.113101,-0.722694,0.451356,0.115618,-0.722533,0.436643,0.118262,-0.722726,0.589914,0.085876,-0.462370,0.419559,0.125991,-0.396386,0.538919,0.262132,-0.635157,0.474769,0.274512,-0.616740,0.703631,0.417295,-0.213995,0.354863,0.407724,-0.170445,0.762490,0.855336,0.024762,0.284470,0.764902,0.104828,0.795022,1.129409,-0.075877,0.198826,1.005327,-0.069053,0.841951,1.235257,-0.098028,0.149296,1.064999,-0.109853,0.821115,1.215650,-0.171591,0.165624,1.063097,-0.198756,0.799689,1.173038,-0.111333,0.192404,1.036544,-0.114636,0.663742,1.273352,-0.059021,0.430022,1.271006,0.061904,0.658223,1.930077,0.064635,0.443403,1.933720,0.217375,0.659898,2.518236,0.644591,0.456842,2.531665,0.684917,0.664701,2.610307,0.679880,0.460730,2.619636,0.717603,0.629940,2.714464,0.243191,0.482993,2.733744,0.225090
104.000000,8.780046,0.500285,0.192474,-0.747471,0.525546,0.097731,-0.733113,0.545138,0.090549,-0.733074,0.560872,0.084410,-0.733390,0.467607,0.113213,-0.721701,0.451294,0.115766,-0.721548,0.436613,0.118459,-0.721747,0.589663,0.085857,-0.462433,0.419577,0.126193,-0.393933,0.538844,0.262318,-0.632514,0.474722,0.274778,-0.612907,0.703792,0.419580,-0.216154,0.354865,0.409667,-0.170450,0.762907,0.858626,0.020938,0.284480,0.765303,0.098760,0.814425,1.148696,-0.095480,0.199020,1.003921,-0.085567,0.846710,1.251567,-0.134295,0.149791,1.058562,-0.133754,0.824158,1.232741,-0.224711,0.166386,1.059741,-0.229620,0.803251,1.188324,-0.139560,0.192759,1.032922,-0.136118,0.663686,1.283803,-0.057941,0.429736,1.280181,0.060763,0.658248,1.944258,0.087999,0.442867,1.947752,0.212632,0.659823,2.536707,0.691657,0.456232,2.546997,0.683000,0.664666,2.629426,0.730455,0.460118,2.634185,0.716383,0.630214,2.732750,0.299692,0.482540,2.751951,0.221346
105.000000,8.863020,0.500403,0.192988,-0.727371,0.525639,0.097718,-0.715236,0.545239,0.090439,-0.715147,0.560969,0.084134,-0.715554,0.467603,0.113428,-0.705681,0.451295,0.116090,-0.705493,0.436623,0.118829,-0.705669,0.589693,0.085214,-0.449337,0.419579,0.126410,-0.387533,0.539079,0.262458,-0.612699,0.474789,0.275210,-0.595082,0.703931,0.420090,-0.201833,0.354908,0.409841,-0.170418,0.763300,0.861788,0.013790,0.284667,0.765335,0.110817,0.822215,1.155729,-0.116009,0.198463,0.998708,-0.045975,0.849778,1.258566,-0.146497,0.148399,1.047011,-0.084998,0.826076,1.239103,-0.220258,0.165270,1.045755,-0.175202,0.805408,1.193720,-0.153276,0.191544,1.026817,-0.092045,0.661435,1.291720,-0.055322,0.426477,1.284398,0.058067,0.655114,1.955673,0.091166,0.436331,1.956678,0.185842,0.653780,2.552763,0.689732,0.444938,2.559883,0.624859,0.658503,2.645604,0.728057,0.448128,2.647157,0.654946,0.624572,2.749493,0.303906,0.469522,2.767682,0.162732
106.000000,8.941875,0.500412,0.194985,-0.785160,0.525706,0.098947,-0.773570,0.545369,0.091209,-0.773486,0.561139,0.084681,-0.773874,0.467595,0.114813,-0.761995,0.451289,0.117373,-0.761754,0.436618,0.119989,-0.761936,0.589896,0.085215,-0.494600,0.419616,0.126819,-0.424884,0.539113,0.263997,-0.664430,0.474795,0.276474,-0.644049,0.704326,0.421007,-0.225753,0.355051,0.409844,-0.188167,0.764976,0.876431,-0.005915,0.284706,0.767264,0.087122,0.825421,1.176735,-0.153665,0.197674,0.999055,-0.119883,0.853402,1.276711,-0.191078,0.146247,1.047331,-0.172521,0.829656,1.261306,-0.270966,0.163527,1.045987,-0.264912,0.808092,1.215925,-0.195356,0.189362,1.026699,-0.168421,0.661086,1.292720,-0.055285,0.425065,1.284273,0.058049,0.652668,1.957875,0.101895,0.430890,1.958645,0.192017,0.651675,2.554690,0.724851,0.439810,2.562184,0.700686,0.656212,2.648116,0.765103,0.443590,2.649026,0.737121,0.621969,2.752402,0.321016,0.464756,2.771188,0.206154
107.000000,9.024438,0.500858,0.197384,-0.796675,0.526203,0.099888,-0.783761,0.545804,0.091981,-0.783705,0.561688,0.085448,-0.784090,0.467705,0.115907,-0.771602,0.451443,0.118578,-0.771382,0.436723,0.121174,-0.771567,0.590440,0.085461,-0.497533,0.419626,0.127781,-0.425811,0.539593,0.265847,-0.673163,0.475182,0.278686,-0.652103,0.704607,0.421913,-0.229519,0.355047,0.410063,-0.186482,0.765815,0.878165,-0.026663,0.284653,0.767392,0.050155,0.826037,1.177682,-0.207026,0.197320,0.999071,-0.239021,0.854068,1.278843,-0.251327,0.143641,1.047508,-0.301150,0.830229,1.262301,-0.327551,0.163028,1.044056,-0.392782,0.808610,1.216723,-0.247244,0.189247,1.026340,-0.289095,0.660993,1.295010,-0.056983,0.424593,1.285581,0.059794,0.652177,1.960622,0.101910,0.428866,1.961082,0.230417,0.650681,2.558911,0.728602,0.437645,2.565304,0.761870,0.655190,2.652644,0.768850,0.441280,2.652251,0.800290,0.620615,2.757372,0.318798,0.462901,2.774968,0.272095
108.000000,9.101286,0.500801,0.199005,-0.793358,0.525944,0.101690,-0.780868,0.545555,0.093515,-0.780838,0.561405,0.086785,-0.781246,0.467677,0.117350,-0.768055,0.451439,0.119894,-0.767837,0.436718,0.122410,-0.768016,0.589977,0.085825,-0.496381,0.419813,0.128444,-0.422592,0.539491,0.266552,-0.670759,0.475268,0.279050,-0.650046,0.704619,0.421871,-0.231172,0.355263,0.409981,-0.171307,0.765948,0.877849,-0.048959,0.284744,0.767161,0.056464,0.829823,1.173365,-0.244348,0.197319,0.998862,-0.234181,0.858820,1.275134,-0.292161,0.143712,1.047162,-0.296742,0.835924,1.257411,-0.371269,0.163047,1.042516,-0.389287,0.813322,1.212052,-0.285106,0.189263,1.025818,-0.284903,0.659191,1.295530,-0.057541,0.424609,1.285400,0.060351,0.650622,1.962023,0.091393,0.428967,1.960783,0.210580,0.648017,2.560292,0.678347,0.436475,2.566022,0.670835,0.652757,2.653281,0.714729,0.439651,2.653169,0.701482,0.616207,2.758021,0.270030,0.459092,2.774489,0.190728
109.000000,9.179470,0.500815,0.199714,-0.775063,0.526099,0.102033,-0.765222,0.545822,0.093649,-0.765175,0.561766,0.086812,-0.765607,0.467678,0.118220,-0.749770,0.451440,0.120830,-0.749554,0.436710,0.123434,-0.749743,0.590307,0.085556,-0.494324,0.419809,0.129089,-0.407803,0.539548,0.267283,-0.658303,0.475302,0.279970,-0.633075,0.705222,0.421774,-0.236784,0.355411,0.409379,-0.163807,0.766552,0.878339,-0.070266,0.284771,0.767380,0.065825,0.832534,1.174124,-0.252551,0.196869,0.998935,-0.225354,0.861214,1.275846,-0.297042,0.142298,1.059871,-0.290709,0.837487,1.257832,-0.369651,0.162235,1.042994,-0.383727,0.815192,1.212435,-0.290459,0.188910,1.025613,-0.277583,0.660444,1.295215,-0.061483,0.424723,1.285273,0.064282,0.651705,1.961262,0.090108,0.429096,1.960827,0.254717,0.649331,2.559659,0.684332,0.436935,2.566257,0.761715,0.654197,2.652913,0.722419,0.440145,2.653801,0.798784,0.617798,2.758857,0.276644,0.459784,2.775700,0.293870
110.000000,9.257813,0.500816,0.199858,-0.775155,0.526317,0.101939,-0.765259,0.546118,0.093496,-0.765206,0.562132,0.086624,-0.765642,0.467676,0.118215,-0.749657,0.451412,0.120822,-0.749428,0.436667,0.123420,-0.749611,0.590923,0.085208,-0.493737,0.419762,0.129038,-0.400686,0.539564,0.267872,-0.658324,0.475294,0.280235,-0.632434,0.706255,0.425229,-0.253921,0.355425,0.409356,-0.153518,0.767184,0.891520,-0.116916,0.284967,0.767084,0.087006,0.825191,1.202458,-0.307554,0.196814,0.996210,-0.208029,0.848340,1.310712,-0.358188,0.141616,1.051121,-0.268484,0.819751,1.292137,-0.424683,0.161787,1.037325,-0.360208,0.800636,1.241676,-0.343234,0.188800,1.021804,-0.258120,0.659985,1.298689,-0.066284,0.424416,1.286731,0.069159,0.651051,1.967874,0.083211,0.427745,1.966030,0.251974,0.647544,2.571674,0.684506,0.434606,2.576336,0.753061,0.652315,2.665293,0.722778,0.437850,2.663710,0.789097,0.615620,2.772691,0.274220,0.456820,2.788532,0.288199
111.000000,9.333171,0.500847,0.199941,-0.813185,0.526499,0.101768,-0.804749,0.546438,0.093309,-0.804718,0.562541,0.086441,-0.805186,0.467660,0.118102,-0.786427,0.451374,0.120696,-0.786152,0.436612,0.123287,-0.786299,0.591742,0.084843,-0.526985,0.419692,0.128884,-0.423482,0.539835,0.268050,-0.692140,0.475308,0.280420,-0.662389,0.707008,0.425884,-0.271049,0.355432,0.409134,-0.154864,0.767482,0.891838,-0.099675,0.285052,0.767879,0.137072,0.826612,1.197004,-0.285453,0.194263,0.990967,-0.094804,0.851511,1.302744,-0.331298,0.135698,1.035943,-0.143621,0.823521,1.284523,-0.399420,0.151814,1.031520,-0.244910,0.803023,1.235736,-0.321246,0.180362,1.018532,-0.147441,0.659986,1.298718,-0.072888,0.424424,1.286645,0.075845,0.650580,1.968714,0.082717,0.427543,1.966727,0.274296,0.647383,2.572201,0.710982,0.434672,2.577885,0.816971,0.651960,2.666108,0.752417,0.438098,2.665247,0.856374,0.615771,2.772820,0.290396,0.456115,2.790016,0.333224
112.000000,9.409133,0.500854,0.199950,-0.801452,0.526518,0.101763,-0.795634,0.546473,0.093307,-0.795572,0.562586,0.086440,-0.796167,0.467660,0.118095,-0.774077,0.451374,0.120691,-0.773811,0.436607,0.123281,-0.773966,0.591850,0.084834,-0.521406,0.419695,0.128890,-0.414333,0.539887,0.268185,-0.685466,0.475313,0.280482,-0.651705,0.707339,0.426624,-0.266559,0.355638,0.409106,-0.149465,0.768582,0.891194,-0.091429,0.285842,0.767453,0.167510,0.829582,1.197718,-0.279248,0.193258,0.987028,-0.023230,0.855117,1.303450,-0.317819,0.135020,1.026634,-0.063083,0.826753,1.285955,-0.384372,0.150531,1.028689,-0.159706,0.806295,1.237043,-0.312333,0.178495,1.016873,-0.072526,0.660011,1.299582,-0.072955,0.424639,1.287361,0.075847,0.650957,1.970091,0.084723,0.427781,1.968524,0.268369,0.647651,2.574592,0.717003,0.434777,2.581821,0.796345,0.652210,2.668096,0.758769,0.438198,2.669444,0.834748,0.616660,2.775044,0.306556,0.456618,2.793317,0.318672
113.000000,9.484830,0.500870,0.199926,-0.783516,0.526498,0.101594,-0.777734,0.546462,0.093132,-0.777586,0.562558,0.086231,-0.778097,0.467624,0.118001,-0.759584,0.451327,0.120626,-0.759307,0.436546,0.123256,-0.759481,0.591837,0.084417,-0.515203,0.419705,0.128894,-0.412726,0.539912,0.268128,-0.670262,0.475370,0.280500,-0.640240,0.708107,0.427699,-0.261908,0.355690,0.409110,-0.160837,0.770132,0.890656,-0.054368,0.285881,0.767560,0.159968,0.829437,1.198191,-0.185637,0.191921,0.986458,-0.066536,0.855407,1.303257,-0.216241,0.132532,1.025653,-0.112195,0.827507,1.285829,-0.287154,0.149143,1.028019,-0.206721,0.807081,1.237843,-0.220854,0.176177,1.016204,-0.115787,0.660322,1.300311,-0.068445,0.424647,1.287997,0.071195,0.651308,1.970250,0.089683,0.427869,1.969059,0.251092,0.647828,2.574892,0.713758,0.434823,2.581522,0.749732,0.652297,2.668050,0.755081,0.438279,2.668899,0.785308,0.617084,2.775333,0.305443,0.457002,2.793253,0.275975
114.000000,9.557886,0.500930,0.199233,-0.759701,0.526658,0.100894,-0.752071,0.546643,0.092562,-0.751880,0.562709,0.085714,-0.752317,0.467626,0.117326,-0.737155,0.451325,0.120011,-0.736889,0.436541,0.122730,-0.737044,0.592052,0.084244,-0.495976,0.419715,0.128814,-0.406830,0.540049,0.267846,-0.648386,0.475363,0.280329,-0.623135,0.708238,0.430961,-0.247930,0.355701,0.409305,-0.167139,0.770140,0.890787,-0.027527,0.285925,0.767613,0.140126,0.829220,1.198537,-0.131021,0.190653,0.985154,-0.081954,0.855733,1.302799,-0.156587,0.131909,1.021503,-0.126822,0.828070,1.285519,-0.227348,0.148525,1.026253,-0.217534,0.807565,1.237947,-0.166269,0.175518,1.013355,-0.129997,0.660165,1.301148,-0.064244,0.423957,1.288599,0.067034,0.651206,1.971372,0.088974,0.427353,1.970085,0.226400,0.647847,2.576564,0.693981,0.434360,2.582426,0.697660,0.652278,2.669911,0.732330,0.437750,2.670139,0.730369,0.617163,2.776633,0.295604,0.457084,2.793302,0.228232
115.000000,9.633196,0.501286,0.200095,-0.757133,0.527116,0.101433,-0.749185,0.546973,0.093055,-0.749020,0.562973,0.086271,-0.749454,0.467880,0.117871,-0.733982,0.451548,0.120571,-0.733695,0.436683,0.123227,-0.733842,0.592107,0.084735,-0.488788,0.419908,0.129296,-0.399719,0.540353,0.268641,-0.643616,0.475544,0.281188,-0.618406,0.708248,0.432705,-0.247175,0.355963,0.409553,-0.156521,0.770108,0.892661,-0.032749,0.286282,0.766035,0.158057,0.828136,1.208012,-0.155713,0.189438,0.981655,-0.020459,0.854267,1.316076,-0.187266,0.129487,1.015439,-0.056110,0.826417,1.299389,-0.258973,0.145493,1.023198,-0.149251,0.806154,1.249983,-0.191622,0.171812,1.010337,-0.067956,0.659830,1.304237,-0.065192,0.423945,1.291714,0.068055,0.651375,1.973978,0.059660,0.427797,1.973056,0.227043,0.647874,2.581621,0.644233,0.434658,2.586269,0.698788,0.652313,2.675267,0.680162,0.437854,2.674189,0.731031,0.617285,2.781321,0.233415,0.457163,2.795972,0.232479
116.000000,9.708811,0.501163,0.199167,-0.836332,0.526968,0.100650,-0.824804,0.546883,0.092438,-0.824761,0.562896,0.085781,-0.825133,0.467814,0.117426,-0.806628,0.451454,0.120303,-0.806360,0.436587,0.123120,-0.806544,0.592113,0.084726,-0.535236,0.419908,0.129323,-0.435507,0.540292,0.268168,-0.711738,0.475492,0.280779,-0.683172,0.708201,0.432793,-0.274187,0.356813,0.408495,-0.161628,0.769205,0.892348,-0.069768,0.287099,0.763217,0.147373,0.826493,1.206931,-0.238226,0.189403,0.978174,-0.048873,0.852950,1.314161,-0.282816,0.129696,1.011353,-0.090201,0.826207,1.298195,-0.361372,0.145727,1.021701,-0.181950,0.805523,1.249427,-0.278249,0.172167,1.009008,-0.096948,0.659933,1.304318,-0.073182,0.424827,1.291932,0.076156,0.651257,1.973688,0.080116,0.427882,1.972908,0.286495,0.647233,2.580862,0.742641,0.434784,2.585652,0.865930,0.651365,2.674443,0.785880,0.437987,2.673547,0.909342,0.616782,2.780787,0.308809,0.457191,2.795245,0.372762
117.000000,9.783593,0.501005,0.198704,-0.913384,0.526789,0.100334,-0.902003,0.546830,0.092113,-0.901971,0.562887,0.085436,-0.902150,0.467551,0.117138,-0.886916,0.451123,0.120018,-0.886726,0.436278,0.122918,-0.886936,0.592132,0.084666,-0.608445,0.419762,0.129324,-0.524850,0.540281,0.267839,-0.786572,0.475451,0.280600,-0.762502,0.708300,0.432745,-0.306336,0.356903,0.409442,-0.234777,0.768826,0.884670,-0.063184,0.286308,0.761001,0.103866,0.826080,1.180553,-0.199409,0.182534,0.979230,-0.060476,0.852824,1.277581,-0.230559,0.124285,1.012572,-0.103716,0.827936,1.266259,-0.320346,0.139016,1.022024,-0.196681,0.806087,1.223549,-0.242770,0.166639,1.011262,-0.109338,0.659934,1.303319,-0.072924,0.424812,1.291140,0.075868,0.649046,1.965120,0.080462,0.426908,1.966209,0.304698,0.646298,2.556392,0.736483,0.434601,2.567907,0.863074,0.649956,2.650994,0.777814,0.438105,2.657133,0.903882,0.615882,2.754188,0.299913,0.456966,2.774693,0.393046
118.000000,9.859078,0.500754,0.198695,-0.877125,0.525994,0.100635,-0.864339,0.546209,0.092469,-0.864363,0.562380,0.085766,-0.864548,0.467356,0.117178,-0.852880,0.451036,0.120043,-0.852821,0.436206,0.122964,-0.853099,0.591396,0.085072,-0.574707,0.419801,0.129621,-0.510896,0.540071,0.267841,-0.751139,0.475448,0.280582,-0.732633,0.707922,0.431557,-0.259050,0.357077,0.409354,-0.238538,0.767883,0.867171,0.049759,0.285459,0.744054,0.089456,0.812777,1.130629,-0.089163,0.179569,0.965393,0.023196,0.848796,1.212721,-0.112873,0.123944,1.000675,-0.011997,0.829287,1.189467,-0.213066,0.139349,1.011432,-0.104782,0.806339,1.157293,-0.136145,0.166235,1.004145,-0.020860,0.659105,1.301951,-0.053173,0.429894,1.291016,0.055465,0.641263,1.915642,0.156771,0.428045,1.917995,0.260530,0.646997,2.473226,0.779012,0.442389,2.505056,0.736083,0.651696,2.558807,0.822140,0.449647,2.591004,0.769661,0.616644,2.665636,0.426576,0.458007,2.701173,0.353957
119.000000,9.934377,0.500587,0.198291,-0.876059,0.525982,0.100545,-0.857311,0.546214,0.092428,-0.857529,0.562395,0.085745,-0.857589,0.467338,0.116936,-0.849559,0.451031,0.119734,-0.849021,0.436200,0.122593,-0.848967,0.591400,0.085067,-0.553045,0.419921,0.129405,-0.492912,0.539962,0.267596,-0.743588,0.475358,0.279859,-0.724680,0.707832,0.430909,-0.234974,0.356932,0.408350,-0.223835,0.768013,0.865460,0.026311,0.282508,0.739401,0.034787,0.808784,1.131314,-0.126906,0.175271,0.965126,-0.156455,0.848329,1.222322,-0.157560,0.121319,1.002264,-0.211741,0.829464,1.200732,-0.245979,0.138955,1.012134,-0.301500,0.806402,1.164086,-0.170163,0.165736,1.004337,-0.202684,0.658171,1.299335,-0.047180,0.429817,1.288354,0.049587,0.641506,1.919364,0.146652,0.427706,1.917649,0.238800,0.646373,2.486744,0.695965,0.441192,2.504177,0.710433,0.650924,2.574394,0.732273,0.447336,2.591413,0.743900,0.615600,2.679995,0.342901,0.457780,2.698575,0.303046
120.000000,10.011955,0.500666,0.198183,-0.790699,0.526172,0.100241,-0.778045,0.546376,0.092032,-0.778031,0.562528,0.085226,-0.778341,0.467428,0.116867,-0.765466,0.451115,0.119677,-0.765213,0.436274,0.122513,-0.765390,0.591425,0.084714,-0.499592,0.419978,0.129327,-0.425211,0.540023,0.267537,-0.670473,0.475394,0.279756,-0.648438,0.707730,0.429991,-0.225057,0.356902,0.406843,-0.198251,0.767964,0.864326,0.013196,0.280525,0.735431,0.037805,0.814688,1.136912,-0.137322,0.174427,0.965444,-0.201292,0.850091,1.230369,-0.167821,0.120960,1.004969,-0.256843,0.831793,1.210017,-0.257585,0.139348,1.017452,-0.344979,0.808818,1.171237,-0.180600,0.166049,1.007438,-0.248260,0.658110,1.300665,-0.048525,0.429539,1.288584,0.050999,0.641808,1.934152,0.135155,0.427127,1.929008,0.223926,0.644349,2.512616,0.696400,0.437556,2.521717,0.685144,0.648836,2.601610,0.733255,0.441900,2.609869,0.717910,0.613085,2.704691,0.340499,0.455264,2.717592,0.240717
121.000000,10.090045,0.500778,0.198052,-0.814652,0.526423,0.100016,-0.800653,0.546709,0.091861,-0.800583,0.562949,0.085078,-0.800837,0.467438,0.116556,-0.789100,0.451112,0.119437,-0.788922,0.436272,0.122336,-0.789152,0.592164,0.084713,-0.514968,0.419987,0.129312,-0.446925,0.540192,0.267533,-0.692443,0.475456,0.279710,-0.672621,0.707734,0.429974,-0.230810,0.356972,0.406647,-0.209242,0.767501,0.864609,0.002893,0.278207,0.734675,0.045454,0.815982,1.137463,-0.146461,0.173677,0.966183,-0.165628,0.850484,1.231376,-0.177386,0.120328,1.005749,-0.215834,0.832121,1.217536,-0.263246,0.139704,1.017759,-0.307185,0.809072,1.176080,-0.188623,0.166355,1.007523,-0.213156,0.659420,1.300735,-0.049342,0.429469,1.289131,0.051769,0.644714,1.938384,0.126557,0.427144,1.935907,0.242481,0.645150,2.523599,0.711854,0.436805,2.533922,0.759039,0.649598,2.616223,0.749478,0.440654,2.626215,0.796469,0.613361,2.718870,0.333067,0.455644,2.733017,0.293506
122.000000,10.167804,0.500744,0.198479,-0.817986,0.526428,0.100708,-0.802750,0.546729,0.092664,-0.802701,0.563000,0.086041,-0.802954,0.467494,0.116707,-0.790829,0.451216,0.119493,-0.790654,0.436360,0.122335,-0.790884,0.592442,0.085714,-0.511983,0.420229,0.129287,-0.443549,0.540153,0.268146,-0.693295,0.475459,0.279711,-0.673428,0.707573,0.429976,-0.232212,0.356920,0.406108,-0.197674,0.767241,0.864758,-0.019300,0.275625,0.735003,-0.025043,0.808731,1.139931,-0.220093,0.174060,0.966734,-0.382014,0.850328,1.234114,-0.265169,0.120469,1.006989,-0.454084,0.832115,1.219534,-0.350068,0.141532,1.017838,-0.543305,0.809066,1.177682,-0.263210,0.167069,1.007108,-0.432685,0.659283,1.301225,-0.050153,0.429386,1.289894,0.052723,0.645011,1.941907,0.064769,0.426873,1.940474,0.241715,0.644981,2.535704,0.623732,0.436078,2.542083,0.744083,0.649519,2.629134,0.656590,0.439029,2.634187,0.779241,0.612717,2.729834,0.200840,0.455774,2.741363,0.265265
