Frame,Time,NOSE,NOSE,NOSE,LEFT_EYE_INNER,LEFT_EYE_INNER,LEFT_EYE_INNER,LEFT_EYE,LEFT_EYE,LEFT_EYE,LEFT_EYE_OUTER,LEFT_EYE_OUTER,LEFT_EYE_OUTER,RIGHT_EYE_INNER,RIGHT_EYE_INNER,RIGHT_EYE_INNER,RIGHT_EYE,RIGHT_EYE,RIGHT_EYE,RIGHT_EYE_OUTER,RIGHT_EYE_OUTER,RIGHT_EYE_OUTER,LEFT_EAR,LEFT_EAR,LEFT_EAR,RIGHT_EAR,RIGHT_EAR,RIGHT_EAR,MOUTH_LEFT,MOUTH_LEFT,MOUTH_LEFT,MOUTH_RIGHT,MOUTH_RIGHT,MOUTH_RIGHT,LEFT_SHOULDER,LEFT_SHOULDER,LEFT_SHOULDER,RIGHT_SHOULDER,RIGHT_SHOULDER,RIGHT_SHOULDER,LEFT_ELBOW,LEFT_ELBOW,LEFT_ELBOW,RIGHT_ELBOW,RIGHT_ELBOW,RIGHT_ELBOW,LEFT_WRIST,LEFT_WRIST,LEFT_WRIST,RIGHT_WRIST,RIGHT_WRIST,RIGHT_WRIST,LEFT_PINKY,LEFT_PINKY,LEFT_PINKY,RIGHT_PINKY,RIGHT_PINKY,RIGHT_PINKY,LEFT_INDEX,LEFT_INDEX,LEFT_INDEX,RIGHT_INDEX,RIGHT_INDEX,RIGHT_INDEX,LEFT_THUMB,LEFT_THUMB,LEFT_THUMB,RIGHT_THUMB,RIGHT_THUMB,RIGHT_THUMB,LEFT_HIP,LEFT_HIP,LEFT_HIP,RIGHT_HIP,RIGHT_HIP,RIGHT_HIP,LEFT_KNEE,LEFT_KNEE,LEFT_KNEE,RIGHT_KNEE,RIGHT_KNEE,RIGHT_KNEE,LEFT_ANKLE,LEFT_ANKLE,LEFT_ANKLE,RIGHT_ANKLE,RIGHT_ANKLE,RIGHT_ANKLE,LEFT_HEEL,LEFT_HEEL,LEFT_HEEL,RIGHT_HEEL,RIGHT_HEEL,RIGHT_HEEL,LEFT_FOOT_INDEX,LEFT_FOOT_INDEX,LEFT_FOOT_INDEX,RIGHT_FOOT_INDEX,RIGHT_FOOT_INDEX,RIGHT_FOOT_INDEX
,,X,Y,Z,X,Y,Z,X,Y,Z,X,Y,Z,X,Y,Z,X,Y,Z,X,Y,Z,X,Y,Z,X,Y,Z,X,Y,Z,X,Y,Z,X,Y,Z,X,Y,Z,X,Y,Z,X,Y,Z,X,Y,Z,X,Y,Z,X,Y,Z,X,Y,Z,X,Y,Z,X,Y,Z,X,Y,Z,X,Y,Z,X,Y,Z,X,Y,Z,X,Y,Z,X,Y,Z,X,Y,Z,X,Y,Z,X,Y,Z,X,Y,Z,X,Y,Z,X,Y,Z
0.000000,0.000000,0.389843,0.315608,-0.738080,0.412698,0.239556,-0.705834,0.431786,0.235880,-0.705206,0.447621,0.233444,-0.704837,0.351580,0.249322,-0.703623,0.332018,0.252136,-0.703023,0.317051,0.255443,-0.703282,0.471077,0.246116,-0.416389,0.298828,0.272610,-0.394996,0.430058,0.365499,-0.623527,0.362332,0.378335,-0.616622,0.614165,0.504359,-0.195369,0.203447,0.565581,-0.185602,0.887253,0.696576,-0.563647,0.075792,0.882406,-0.009734,0.813960,0.360212,-1.058816,0.088479,1.252626,-0.100334,0.804218,0.230147,-1.157271,0.078175,1.365845,-0.110132,0.747813,0.228824,-1.035641,0.108948,1.351381,-0.173123,0.736328,0.281026,-1.029686,0.120306,1.315046,-0.131221,0.593991,1.273863,-0.045899,0.318240,1.300874,0.050601,0.613967,1.884834,-0.012603,0.352865,1.906886,0.231409,0.624721,2.424747,0.542730,0.373436,2.445089,0.743064,0.631817,2.503109,0.575757,0.373376,2.529670,0.783360,0.594017,2.610405,0.073918,0.422663,2.620578,0.233399
1.000000,0.062938,0.393504,0.315471,-0.741355,0.417146,0.239105,-0.709718,0.436137,0.235499,-0.709050,0.452018,0.233115,-0.708669,0.355658,0.248698,-0.707325,0.335636,0.251503,-0.706702,0.319992,0.254668,-0.706931,0.474924,0.245979,-0.420645,0.301228,0.271283,-0.396560,0.432574,0.365308,-0.626313,0.364743,0.378266,-0.619485,0.616249,0.504367,-0.196686,0.206263,0.562728,-0.181830,0.888620,0.703072,-0.567170,0.075169,0.878813,0.006057,0.820414,0.360271,-1.061742,0.083367,1.245686,-0.038160,0.807702,0.230145,-1.161237,0.073248,1.359184,-0.031857,0.752654,0.227175,-1.037854,0.104482,1.345413,-0.092106,0.742783,0.277041,-1.032154,0.115748,1.309324,-0.066836,0.593908,1.272748,-0.046046,0.317926,1.300020,0.050804,0.613384,1.883268,-0.009691,0.351329,1.905934,0.224232,0.624592,2.423778,0.555060,0.371374,2.443690,0.733098,0.631124,2.501941,0.589157,0.371110,2.528248,0.772714,0.593102,2.609778,0.074702,0.421421,2.619497,0.225339
2.000000,0.125396,0.393829,0.315365,-0.769533,0.417014,0.238757,-0.739078,0.436081,0.234922,-0.738356,0.452030,0.232210,-0.738033,0.355850,0.248696,-0.737945,0.336060,0.251572,-0.737315,0.320664,0.254768,-0.737460,0.475461,0.244481,-0.446407,0.302750,0.271186,-0.422921,0.433525,0.364810,-0.653608,0.365843,0.378253,-0.647362,0.617728,0.504355,-0.201835,0.209140,0.562240,-0.199284,0.890100,0.705305,-0.578668,0.073207,0.880215,-0.041515,0.833024,0.365316,-1.086101,0.058554,1.265813,-0.152241,0.822019,0.237656,-1.187751,0.037550,1.380722,-0.153536,0.764292,0.233156,-1.070110,0.069381,1.375682,-0.229649,0.753704,0.282800,-1.058940,0.085793,1.339985,-0.190024,0.593835,1.273637,-0.044903,0.317695,1.299490,0.049689,0.612980,1.886431,0.019125,0.350807,1.907635,0.275460,0.620737,2.432900,0.618745,0.370381,2.454488,0.861000,0.626760,2.513611,0.656569,0.370204,2.541444,0.907631,0.589264,2.619442,0.155014,0.417084,2.634246,0.342495
3.000000,0.218377,0.397343,0.315333,-0.702543,0.421937,0.238747,-0.677392,0.440459,0.234932,-0.676620,0.456698,0.232297,-0.676254,0.362423,0.248604,-0.675205,0.343225,0.251475,-0.674466,0.326933,0.254675,-0.674676,0.481741,0.245180,-0.406278,0.308133,0.270931,-0.386481,0.435848,0.364793,-0.593001,0.369139,0.378162,-0.587699,0.620520,0.505302,-0.168208,0.210509,0.558311,-0.165364,0.885856,0.709100,-0.509617,0.078934,0.871314,0.169386,0.840323,0.374102,-1.023534,0.087191,1.222033,0.317463,0.839231,0.244242,-1.122677,0.076196,1.339142,0.356472,0.776271,0.237842,-1.013326,0.104348,1.330747,0.294312,0.765455,0.290011,-1.001513,0.115905,1.292816,0.293242,0.592636,1.270398,-0.044616,0.314946,1.293105,0.049599,0.605528,1.884335,-0.017340,0.335007,1.898567,0.140239,0.610383,2.432111,0.494598,0.351460,2.445706,0.588143,0.615842,2.512370,0.524210,0.350216,2.530224,0.620557,0.580858,2.616870,0.044274,0.404308,2.621015,0.059035
4.000000,0.296212,0.398539,0.315275,-0.725659,0.423613,0.238648,-0.698175,0.442116,0.234888,-0.697446,0.458526,0.232294,-0.697083,0.364435,0.248367,-0.694854,0.345477,0.251250,-0.694114,0.329119,0.254416,-0.694333,0.484599,0.245258,-0.414716,0.310518,0.270492,-0.389606,0.437024,0.364768,-0.611523,0.370485,0.378103,-0.604344,0.622488,0.505473,-0.171221,0.211827,0.555634,-0.157008,0.885163,0.711369,-0.518186,0.077844,0.855989,0.186197,0.842781,0.377014,-1.052349,0.089616,1.184618,0.309908,0.840506,0.246654,-1.154941,0.079838,1.297484,0.341205,0.777994,0.239973,-1.044492,0.107783,1.285099,0.280924,0.767758,0.292588,-1.029937,0.118165,1.249395,0.285558,0.592572,1.266338,-0.044859,0.314308,1.285589,0.049927,0.603143,1.881048,-0.017225,0.329777,1.890360,0.151853,0.606017,2.428676,0.503199,0.344299,2.437442,0.625169,0.611886,2.506647,0.533346,0.342698,2.519536,0.659710,0.573958,2.613094,0.038186,0.397840,2.612141,0.081927
5.000000,0.360008,0.400244,0.315265,-0.991104,0.425930,0.238652,-0.948940,0.444396,0.234932,-0.948779,0.460961,0.232455,-0.948444,0.366998,0.248361,-0.937251,0.348365,0.251247,-0.936602,0.331867,0.254428,-0.936890,0.487439,0.245907,-0.572356,0.314153,0.270432,-0.503118,0.438939,0.364760,-0.847166,0.373143,0.378104,-0.827446,0.623108,0.507179,-0.305728,0.216451,0.555133,-0.157736,0.888478,0.717324,-0.793532,0.042707,0.855627,0.132546,0.851686,0.378281,-1.566982,-0.122691,0.824673,-0.007293,0.849392,0.250756,-1.706753,-0.165986,0.820354,-0.023642,0.787381,0.241581,-1.625656,-0.157999,0.788944,-0.071215,0.778360,0.293190,-1.561968,-0.131910,0.805880,-0.040707,0.599464,1.272429,-0.076556,0.315242,1.294221,0.082455,0.616435,1.884920,-0.043925,0.339571,1.906170,0.323718,0.630120,2.431444,0.581320,0.361517,2.446542,0.962603,0.641391,2.509028,0.619391,0.360111,2.525162,1.012533,0.599140,2.613884,0.042854,0.412146,2.625918,0.344717
6.000000,0.423899,0.400956,0.315321,-0.970698,0.426191,0.238743,-0.926416,0.444623,0.234977,-0.926362,0.461134,0.232509,-0.926120,0.367905,0.248583,-0.917095,0.349394,0.251509,-0.916617,0.333070,0.254756,-0.916962,0.488257,0.245917,-0.551227,0.316417,0.270423,-0.492426,0.439626,0.364758,-0.827827,0.375302,0.378224,-0.811768,0.624108,0.507247,-0.288308,0.219690,0.553757,-0.150654,0.888377,0.720472,-0.717888,0.033225,0.842454,0.064637,0.856530,0.389091,-1.393000,-0.132429,0.642367,-0.048033,0.854030,0.265646,-1.510522,-0.175298,0.601608,-0.063737,0.793587,0.247779,-1.435825,-0.164583,0.576426,-0.085762,0.786750,0.300264,-1.388774,-0.138192,0.603634,-0.071628,0.602406,1.268090,-0.074839,0.315517,1.293625,0.080638,0.624481,1.881156,-0.034451,0.343154,1.905507,0.314246,0.641617,2.428478,0.618031,0.369465,2.445893,0.902192,0.654282,2.503578,0.656825,0.368255,2.523054,0.951796,0.614155,2.608804,0.044872,0.421046,2.625839,0.239968
7.000000,0.485701,0.401446,0.315456,-0.981299,0.426369,0.238846,-0.934948,0.444790,0.235028,-0.934940,0.461257,0.232563,-0.934699,0.368348,0.248844,-0.926328,0.349863,0.251829,-0.925899,0.333665,0.255134,-0.926273,0.488692,0.245925,-0.550411,0.317638,0.270417,-0.495543,0.440164,0.364813,-0.835575,0.376527,0.378513,-0.820688,0.624309,0.507401,-0.287179,0.221401,0.552977,-0.149792,0.887858,0.722122,-0.718818,0.028077,0.836873,0.016672,0.858445,0.392638,-1.421293,-0.139669,0.636602,-0.112972,0.855585,0.270588,-1.540466,-0.182407,0.597037,-0.132056,0.796832,0.249813,-1.471369,-0.171527,0.571670,-0.150852,0.790903,0.301754,-1.420175,-0.145425,0.598544,-0.136029,0.604039,1.267246,-0.074484,0.315630,1.293525,0.080237,0.629700,1.880731,-0.032133,0.346651,1.907041,0.300659,0.649171,2.428210,0.624570,0.375897,2.446963,0.860081,0.662066,2.502781,0.662915,0.374764,2.522878,0.905883,0.623526,2.608188,0.055864,0.428280,2.628859,0.215888
8.000000,0.550159,0.410293,0.316615,-0.956673,0.434773,0.241342,-0.913298,0.452232,0.237876,-0.913214,0.468140,0.235778,-0.913044,0.378876,0.250917,-0.905856,0.361151,0.253531,-0.905355,0.344235,0.256865,-0.905708,0.492410,0.249153,-0.540214,0.324124,0.271864,-0.490994,0.445390,0.365778,-0.813950,0.385365,0.379201,-0.800993,0.627847,0.508545,-0.277740,0.229247,0.552001,-0.147758,0.887888,0.735332,-0.659613,0.025782,0.819764,0.017054,0.855729,0.393832,-1.272282,-0.114847,0.697215,-0.081333,0.852356,0.269645,-1.371051,-0.148046,0.676448,-0.096448,0.794838,0.252583,-1.319528,-0.135148,0.651902,-0.116564,0.787563,0.305814,-1.272795,-0.112654,0.672781,-0.102869,0.606094,1.269270,-0.073309,0.319044,1.293771,0.078997,0.628077,1.883331,0.024380,0.346656,1.906952,0.271814,0.645401,2.427824,0.703525,0.375703,2.446662,0.845179,0.657478,2.502669,0.743453,0.374815,2.519759,0.888175,0.618707,2.607935,0.165504,0.426624,2.628229,0.197155
9.000000,0.613338,0.418548,0.316752,-1.038865,0.443081,0.242134,-0.986004,0.460395,0.239135,-0.985869,0.476707,0.237597,-0.985747,0.388671,0.251050,-0.986908,0.371065,0.253577,-0.986411,0.354430,0.256893,-0.986932,0.498787,0.251203,-0.568436,0.331185,0.271957,-0.561967,0.450829,0.366323,-0.879721,0.392116,0.379215,-0.878486,0.633432,0.509519,-0.274815,0.231219,0.549974,-0.208040,0.888517,0.740052,-0.657369,0.023046,0.794856,-0.042328,0.855259,0.393451,-1.331986,-0.131953,0.794308,-0.174824,0.850447,0.268441,-1.445562,-0.163686,0.808962,-0.191934,0.792748,0.252549,-1.372735,-0.151872,0.784110,-0.241252,0.785262,0.305714,-1.327490,-0.133978,0.792419,-0.206503,0.607646,1.273124,-0.072741,0.321358,1.294028,0.078416,0.626984,1.887252,0.045069,0.346487,1.906650,0.259845,0.643065,2.428582,0.741051,0.375385,2.446341,0.838942,0.654701,2.502823,0.781436,0.372762,2.518518,0.882399,0.615414,2.608783,0.190358,0.425714,2.627919,0.201933
10.000000,0.677249,0.422500,0.316867,-1.050248,0.447306,0.242621,-0.995427,0.464562,0.239947,-0.995280,0.480939,0.238806,-0.995168,0.392956,0.251155,-0.999208,0.375362,0.253619,-0.998726,0.358685,0.256928,-0.999274,0.501283,0.252797,-0.572396,0.333971,0.272036,-0.581385,0.453765,0.366563,-0.889715,0.395555,0.379215,-0.892570,0.634650,0.510494,-0.274758,0.231346,0.548419,-0.233457,0.888462,0.740373,-0.655664,0.021112,0.781827,-0.069782,0.854370,0.393130,-1.368144,-0.140951,0.825246,-0.201558,0.849112,0.267908,-1.487460,-0.172841,0.849254,-0.218476,0.791964,0.252380,-1.412177,-0.161598,0.823485,-0.275010,0.784430,0.305378,-1.363691,-0.144894,0.829232,-0.236074,0.608111,1.274166,-0.071894,0.322160,1.293966,0.077517,0.626226,1.888126,0.057423,0.346404,1.906252,0.252909,0.641581,2.428494,0.761916,0.373345,2.444871,0.840385,0.652992,2.502618,0.803266,0.368872,2.516498,0.884692,0.613382,2.608814,0.213100,0.425428,2.627051,0.203481
11.000000,0.741000,0.425563,0.316717,-1.005415,0.449575,0.242728,-0.955502,0.466584,0.240091,-0.955303,0.482913,0.238960,-0.955141,0.396754,0.251203,-0.954655,0.379682,0.253661,-0.954141,0.363610,0.256967,-0.954589,0.503486,0.253460,-0.563430,0.338149,0.272362,-0.566713,0.456576,0.366748,-0.855263,0.399349,0.379115,-0.851299,0.636839,0.513376,-0.272853,0.235611,0.546512,-0.227965,0.890574,0.730698,-0.673844,0.023387,0.749685,-0.135070,0.859284,0.388967,-1.363869,-0.109541,0.706994,-0.349313,0.851305,0.261670,-1.481239,-0.130057,0.695069,-0.384399,0.793340,0.249419,-1.407998,-0.115846,0.673477,-0.390990,0.785951,0.299247,-1.358546,-0.099676,0.691369,-0.367499,0.608007,1.276399,-0.071568,0.322063,1.293873,0.077152,0.618724,1.888865,0.060178,0.341839,1.902943,0.254307,0.629347,2.428101,0.725486,0.360057,2.437206,0.849433,0.639453,2.500768,0.763418,0.355215,2.506298,0.892617,0.600122,2.606537,0.189042,0.403951,2.618342,0.223610
12.000000,0.804815,0.430646,0.316689,-0.987134,0.454327,0.242815,-0.938852,0.471389,0.240340,-0.938628,0.487933,0.239461,-0.938445,0.401719,0.251114,-0.936741,0.384093,0.253489,-0.936221,0.368083,0.256700,-0.936643,0.508141,0.254806,-0.551263,0.342146,0.272064,-0.546480,0.460402,0.366921,-0.839976,0.403602,0.379103,-0.834641,0.639013,0.514042,-0.271322,0.237695,0.545589,-0.216709,0.890198,0.735328,-0.678296,0.024473,0.754739,-0.180715,0.862160,0.385548,-1.384451,-0.102910,0.768011,-0.491599,0.859022,0.257568,-1.506474,-0.128277,0.777112,-0.530914,0.801553,0.244497,-1.426623,-0.111373,0.754111,-0.558003,0.792161,0.293023,-1.377177,-0.093864,0.763770,-0.518468,0.611368,1.277434,-0.071480,0.324425,1.293857,0.077061,0.619368,1.889790,0.057998,0.341852,1.902710,0.249142,0.629468,2.428570,0.717071,0.360066,2.435630,0.839421,0.639557,2.501082,0.754373,0.355329,2.504528,0.881721,0.599973,2.606840,0.181045,0.404697,2.616557,0.216020
13.000000,0.884134,0.432086,0.316622,-0.978031,0.455558,0.242866,-0.930903,0.472619,0.240478,-0.930655,0.489141,0.239721,-0.930463,0.403055,0.251103,-0.928238,0.385483,0.253472,-0.927703,0.369535,0.256684,-0.928103,0.509577,0.255577,-0.543709,0.343895,0.272058,-0.542572,0.462139,0.366948,-0.832617,0.405071,0.379058,-0.826351,0.640880,0.514261,-0.270359,0.239466,0.544511,-0.212438,0.889837,0.737975,-0.687159,0.024936,0.756093,-0.192641,0.862686,0.384714,-1.400737,-0.098911,0.768188,-0.504566,0.860959,0.256246,-1.522313,-0.125990,0.775141,-0.543968,0.802925,0.243210,-1.441036,-0.108264,0.747546,-0.564878,0.793071,0.291519,-1.392604,-0.090051,0.759307,-0.528988,0.613690,1.278218,-0.071230,0.326671,1.293931,0.076772,0.619980,1.890087,0.059016,0.341972,1.902528,0.243629,0.629823,2.428532,0.716041,0.360382,2.434416,0.827997,0.639926,2.500988,0.752942,0.355694,2.503003,0.869576,0.600078,2.606781,0.179648,0.405448,2.615121,0.209553
14.000000,0.962014,0.435011,0.317665,-0.933367,0.458259,0.245777,-0.886628,0.474833,0.244001,-0.886455,0.490965,0.243637,-0.886280,0.408786,0.251944,-0.880159,0.391494,0.253931,-0.879628,0.376195,0.256910,-0.880010,0.512255,0.258424,-0.515512,0.351445,0.272109,-0.482202,0.463919,0.367846,-0.794137,0.408876,0.379065,-0.782369,0.643323,0.514122,-0.267725,0.247670,0.542945,-0.170105,0.895192,0.713777,-0.686688,0.060324,0.761791,0.023820,0.867611,0.356023,-1.387962,-0.095972,0.754801,-0.079462,0.863936,0.221285,-1.513487,-0.125989,0.759032,-0.098736,0.809418,0.208068,-1.438156,-0.112386,0.730697,-0.145996,0.797886,0.256808,-1.383452,-0.091159,0.742653,-0.110282,0.615293,1.277778,-0.071928,0.333742,1.288663,0.077334,0.619934,1.883007,0.048296,0.344516,1.884485,0.240702,0.629071,2.413152,0.682540,0.361504,2.410699,0.788800,0.639073,2.481978,0.719348,0.357226,2.477131,0.826935,0.597601,2.585753,0.166144,0.405708,2.588170,0.199073
15.000000,1.025297,0.438000,0.317664,-0.934183,0.462135,0.246321,-0.882438,0.478794,0.245243,-0.882277,0.495465,0.245543,-0.882120,0.413685,0.251646,-0.874754,0.396671,0.253239,-0.874299,0.381332,0.255776,-0.874758,0.518189,0.259835,-0.496751,0.356096,0.271389,-0.445336,0.466394,0.368218,-0.794254,0.412288,0.378653,-0.781847,0.651412,0.514121,-0.260558,0.248634,0.533751,-0.198475,0.895228,0.714668,-0.669746,0.052289,0.693738,-0.509673,0.874908,0.353885,-1.212737,-0.039072,0.352757,-0.961197,0.867493,0.213187,-1.324050,-0.078234,0.329186,-1.073076,0.815119,0.196491,-1.246300,-0.059191,0.309978,-1.012591,0.802743,0.251249,-1.209261,-0.036312,0.349949,-0.970746,0.616565,1.276599,-0.071029,0.333227,1.286797,0.076241,0.619661,1.878424,0.066082,0.344546,1.883457,0.328616,0.628328,2.406209,0.709513,0.360841,2.408906,0.956807,0.638418,2.475647,0.747054,0.356537,2.477091,1.007013,0.596467,2.583078,0.168415,0.403818,2.589554,0.366470
16.000000,1.103640,0.440302,0.317585,-0.934742,0.464437,0.246347,-0.882725,0.481254,0.245406,-0.882575,0.497981,0.245871,-0.882437,0.415590,0.251236,-0.875968,0.398616,0.252632,-0.875518,0.383297,0.254972,-0.875962,0.521349,0.260155,-0.493053,0.357853,0.270633,-0.449436,0.468925,0.368325,-0.794522,0.414810,0.378429,-0.782548,0.654792,0.514126,-0.256913,0.248647,0.533141,-0.199159,0.898849,0.713568,-0.668459,0.046752,0.702979,-0.407572,0.874629,0.347726,-1.234495,-0.039848,0.387254,-0.794623,0.866623,0.210283,-1.350264,-0.081794,0.386414,-0.887715,0.813253,0.195725,-1.269892,-0.063374,0.365262,-0.853686,0.801658,0.249199,-1.228642,-0.040576,0.400655,-0.810102,0.616302,1.276045,-0.069097,0.332819,1.285666,0.074136,0.616505,1.876806,0.072104,0.344230,1.883118,0.326629,0.623744,2.405249,0.713355,0.358806,2.409606,0.934704,0.633777,2.475190,0.750456,0.354975,2.478527,0.981542,0.591420,2.581698,0.170223,0.398997,2.590988,0.345429
17.000000,1.167362,0.446487,0.308868,-0.947883,0.469571,0.240844,-0.883487,0.486152,0.240261,-0.883332,0.502315,0.240948,-0.883191,0.422619,0.243777,-0.877113,0.405643,0.245055,-0.876658,0.390685,0.246988,-0.877099,0.523041,0.256992,-0.480849,0.363379,0.264348,-0.438768,0.473697,0.363089,-0.806762,0.420252,0.367001,-0.795499,0.654911,0.514105,-0.263733,0.248667,0.531879,-0.215302,0.905674,0.711583,-0.655995,0.020151,0.682876,-0.557316,0.876309,0.334781,-1.117555,0.039707,0.261449,-0.918226,0.865645,0.201834,-1.225287,0.034725,0.135818,-1.021400,0.812118,0.188170,-1.131323,0.070545,0.091112,-0.927847,0.801084,0.236266,-1.103981,0.082919,0.157534,-0.910322,0.614793,1.275665,-0.069040,0.325669,1.285086,0.074034,0.607953,1.876892,0.159848,0.339390,1.883434,0.396029,0.605618,2.403996,0.905241,0.344343,2.410312,1.094659,0.613694,2.473892,0.953128,0.335299,2.478867,1.154410,0.579742,2.582439,0.374166,0.390798,2.594409,0.506939
18.000000,1.229656,0.451498,0.303877,-0.930387,0.473096,0.237324,-0.863997,0.489707,0.236844,-0.863800,0.505661,0.237621,-0.863616,0.425592,0.240028,-0.858700,0.408047,0.241536,-0.858322,0.393097,0.243657,-0.858739,0.525031,0.254877,-0.472886,0.365256,0.262849,-0.433814,0.478391,0.360460,-0.794805,0.424302,0.362166,-0.784274,0.657559,0.514120,-0.265545,0.250510,0.529839,-0.214213,0.909667,0.710372,-0.685296,0.020551,0.676562,-0.537187,0.881771,0.333806,-1.177209,0.042466,0.288820,-0.909739,0.872374,0.202536,-1.279521,0.052782,0.157026,-1.011019,0.818990,0.190083,-1.202063,0.072069,0.129325,-0.921332,0.805993,0.238820,-1.168073,0.114723,0.197209,-0.902694,0.614696,1.275653,-0.068854,0.327113,1.285523,0.073847,0.608176,1.876972,0.126275,0.342868,1.884706,0.381695,0.607178,2.404259,0.836936,0.344854,2.411117,1.049542,0.615615,2.474204,0.882281,0.336774,2.480946,1.105294,0.580492,2.584371,0.306904,0.391153,2.597553,0.473663
19.000000,1.308049,0.452978,0.297550,-0.866996,0.474370,0.232036,-0.806792,0.491115,0.231453,-0.806487,0.507121,0.232112,-0.806306,0.426286,0.235031,-0.796244,0.408587,0.236550,-0.795916,0.393682,0.238607,-0.796327,0.526756,0.250712,-0.446956,0.366260,0.259827,-0.381976,0.480849,0.355853,-0.743137,0.425765,0.355341,-0.725175,0.660889,0.514357,-0.256978,0.251538,0.527496,-0.194556,0.916111,0.713168,-0.684225,0.020124,0.669048,-0.561403,0.883082,0.334530,-1.175459,0.069220,0.272087,-0.954933,0.871221,0.203882,-1.284103,0.088525,0.142083,-1.059802,0.818387,0.192287,-1.182483,0.110714,0.112809,-0.940271,0.805927,0.241466,-1.158889,0.141671,0.179112,-0.936499,0.614318,1.275223,-0.069257,0.327363,1.284890,0.074040,0.607768,1.876875,0.111794,0.344146,1.884891,0.379646,0.607152,2.404509,0.775432,0.345819,2.411295,1.019976,0.616233,2.474500,0.813009,0.338233,2.482062,1.074022,0.579482,2.584584,0.273445,0.391883,2.598714,0.458384
20.000000,1.371863,0.455814,0.290628,-0.855622,0.478247,0.224820,-0.795515,0.495198,0.224743,-0.795145,0.511733,0.225746,-0.794936,0.430008,0.227497,-0.779863,0.411823,0.229169,-0.779446,0.396687,0.231120,-0.779810,0.534121,0.245574,-0.440451,0.368596,0.255469,-0.349313,0.484629,0.353055,-0.732998,0.429386,0.349846,-0.708340,0.666287,0.514018,-0.255215,0.255639,0.523915,-0.160527,0.929140,0.712945,-0.685677,0.020147,0.651984,-0.541367,0.893573,0.324234,-1.158608,0.116967,0.246762,-0.958678,0.874432,0.193268,-1.275455,0.129425,0.117535,-1.078690,0.822823,0.175137,-1.168436,0.167395,0.102761,-0.943904,0.811931,0.224942,-1.140734,0.182096,0.160577,-0.935893,0.615214,1.275261,-0.075163,0.328735,1.284496,0.079799,0.609690,1.878635,0.111372,0.349406,1.886810,0.405430,0.608959,2.407017,0.756041,0.348825,2.414163,1.043709,0.619085,2.477795,0.792666,0.339567,2.487216,1.099384,0.579809,2.591946,0.238718,0.393630,2.605360,0.486266
21.000000,1.435784,0.461474,0.288963,-0.834487,0.486585,0.224287,-0.774285,0.504062,0.224495,-0.773831,0.521453,0.225687,-0.773575,0.438203,0.225800,-0.758722,0.420346,0.227105,-0.758367,0.404777,0.228741,-0.758751,0.545914,0.245343,-0.425968,0.379837,0.251480,-0.338125,0.490375,0.350984,-0.713852,0.435670,0.345924,-0.689947,0.675146,0.517912,-0.232122,0.262317,0.517316,-0.164483,0.928270,0.719852,-0.624443,0.020520,0.665209,-0.592626,0.897060,0.325008,-1.026007,0.097864,0.273357,-1.030154,0.881045,0.192018,-1.116984,0.104727,0.148389,-1.146363,0.831689,0.173515,-1.013771,0.146083,0.127620,-1.017259,0.819281,0.226636,-1.009495,0.155504,0.186383,-1.011687,0.614306,1.275855,-0.074790,0.327230,1.281686,0.079335,0.603464,1.881101,0.109190,0.343986,1.886926,0.374189,0.598413,2.409983,0.713771,0.334512,2.415048,0.925685,0.607606,2.481099,0.748256,0.323708,2.489635,0.973763,0.565347,2.596826,0.197800,0.374165,2.606905,0.369442
22.000000,1.514557,0.465834,0.283337,-0.851473,0.491797,0.217554,-0.791262,0.509582,0.218161,-0.790847,0.527352,0.219793,-0.790576,0.442381,0.219076,-0.773952,0.424095,0.220398,-0.773609,0.408515,0.221904,-0.773949,0.552371,0.241523,-0.436110,0.383581,0.246256,-0.339430,0.496185,0.347682,-0.727715,0.439547,0.341439,-0.703660,0.685082,0.518411,-0.255976,0.266660,0.515114,-0.159646,0.950587,0.719852,-0.717633,0.021065,0.666910,-0.533394,0.907090,0.316518,-1.124835,0.096442,0.258605,-0.921616,0.889327,0.186871,-1.229516,0.106474,0.112225,-1.032633,0.841760,0.167422,-1.073939,0.152304,0.098857,-0.905798,0.829616,0.221248,-1.095944,0.159810,0.160368,-0.902193,0.615091,1.283027,-0.077524,0.327214,1.284362,0.082029,0.603643,1.896174,0.104676,0.344415,1.899769,0.406800,0.599935,2.427931,0.733883,0.336254,2.432725,1.030422,0.609347,2.502995,0.771196,0.326036,2.511219,1.085958,0.565724,2.618169,0.208189,0.376951,2.629538,0.472061
23.000000,1.592792,0.475270,0.281539,-0.841857,0.501442,0.216324,-0.780473,0.519144,0.217178,-0.780094,0.537350,0.218864,-0.779784,0.452058,0.217448,-0.761082,0.433645,0.218803,-0.760747,0.417978,0.220321,-0.761089,0.562157,0.241447,-0.429337,0.393012,0.245201,-0.319384,0.505120,0.346725,-0.721286,0.449892,0.340846,-0.692350,0.690059,0.518287,-0.252321,0.277626,0.515161,-0.143887,0.947221,0.709400,-0.709999,0.029470,0.662388,-0.546297,0.915437,0.316838,-1.111769,0.105581,0.263548,-1.002512,0.897617,0.186547,-1.215987,0.119443,0.131271,-1.127458,0.847628,0.167969,-1.098532,0.166830,0.113343,-0.993723,0.838414,0.221483,-1.091498,0.169336,0.174712,-0.983097,0.619443,1.283772,-0.081929,0.331568,1.284222,0.086299,0.604220,1.897869,0.079982,0.345957,1.900999,0.417542,0.600984,2.429812,0.700349,0.337183,2.434748,1.033322,0.610479,2.504322,0.735593,0.327191,2.511962,1.087061,0.565557,2.618699,0.158990,0.378650,2.631406,0.470028
24.000000,1.670614,0.488076,0.283318,-0.806950,0.513810,0.218825,-0.751982,0.530927,0.219648,-0.751717,0.548744,0.221297,-0.751427,0.465823,0.219284,-0.730879,0.447752,0.220406,-0.730638,0.431137,0.222027,-0.731083,0.572460,0.243366,-0.419831,0.404997,0.245537,-0.303689,0.515659,0.348005,-0.691682,0.463986,0.341351,-0.660033,0.697044,0.518266,-0.233990,0.292578,0.515067,-0.110094,0.936649,0.709167,-0.631785,0.043088,0.654602,-0.523571,0.917951,0.318114,-0.977250,0.112916,0.269937,-0.978590,0.902850,0.187829,-1.069039,0.125124,0.131988,-1.102043,0.855927,0.169666,-0.966654,0.167937,0.114035,-0.966807,0.847137,0.223127,-0.961042,0.174840,0.172571,-0.959774,0.623457,1.281798,-0.087151,0.341854,1.280069,0.091320,0.608091,1.895104,0.019238,0.358703,1.899107,0.386726,0.604533,2.428020,0.603492,0.351287,2.433277,0.900208,0.614418,2.501776,0.634918,0.344462,2.509210,0.945714,0.566508,2.615798,0.073170,0.385174,2.628982,0.360501
25.000000,1.733931,0.506803,0.283601,-0.904182,0.530625,0.219233,-0.840288,0.548346,0.220122,-0.840096,0.567429,0.221766,-0.839802,0.483178,0.219596,-0.822833,0.465396,0.220797,-0.822681,0.447120,0.222796,-0.823218,0.590513,0.244229,-0.464714,0.416749,0.245954,-0.358847,0.532968,0.348624,-0.772700,0.483679,0.341569,-0.745638,0.709665,0.518251,-0.239904,0.301113,0.513845,-0.168073,0.935585,0.709361,-0.639092,0.054643,0.653939,-0.645642,0.935756,0.318726,-1.046953,0.127601,0.264059,-1.138178,0.912778,0.186203,-1.145574,0.139074,0.129009,-1.269133,0.883162,0.168308,-1.046806,0.180515,0.113959,-1.128671,0.866348,0.222508,-1.033408,0.187034,0.169102,-1.115857,0.637398,1.278183,-0.086337,0.350714,1.274866,0.090565,0.619198,1.890164,0.012549,0.362080,1.895339,0.386328,0.614499,2.426343,0.624434,0.354791,2.431433,0.927125,0.624634,2.501232,0.657485,0.347569,2.507338,0.973767,0.569858,2.615350,0.064481,0.389990,2.628380,0.361669
26.000000,1.797279,0.512891,0.283741,-0.909526,0.535951,0.219424,-0.844459,0.552958,0.220263,-0.844310,0.570888,0.221868,-0.844062,0.488504,0.219919,-0.831416,0.470272,0.221219,-0.831220,0.452368,0.223306,-0.831767,0.594206,0.244295,-0.464546,0.421339,0.246267,-0.378889,0.538305,0.348566,-0.775688,0.488004,0.342117,-0.754780,0.714592,0.518334,-0.231723,0.304713,0.510891,-0.203339,0.934385,0.722531,-0.643146,0.062689,0.648095,-0.719811,0.940986,0.319289,-1.073128,0.134185,0.255951,-1.244483,0.920119,0.186988,-1.171040,0.153141,0.132995,-1.372678,0.884058,0.169150,-1.067332,0.187907,0.114804,-1.240189,0.875672,0.222490,-1.058384,0.196129,0.170288,-1.223933,0.637309,1.272311,-0.085124,0.352100,1.266191,0.089240,0.619016,1.883342,-0.029865,0.361437,1.887896,0.327525,0.613682,2.424659,0.552435,0.354453,2.428593,0.847369,0.623361,2.500635,0.580734,0.347069,2.505305,0.889848,0.567800,2.613710,-0.016981,0.389485,2.624834,0.263579
27.000000,1.861105,0.514626,0.284153,-0.953489,0.538316,0.219609,-0.884075,0.555173,0.220369,-0.883981,0.572965,0.221938,-0.883742,0.490806,0.220305,-0.869985,0.472319,0.221549,-0.869842,0.455067,0.223525,-0.870373,0.598424,0.244329,-0.490520,0.426103,0.246453,-0.404630,0.542092,0.348682,-0.816411,0.491257,0.342614,-0.793963,0.720252,0.522522,-0.255396,0.311212,0.509711,-0.230068,0.946394,0.722559,-0.771716,0.063393,0.643522,-0.757931,0.949764,0.320144,-1.302837,0.142230,0.249178,-1.331868,0.923562,0.185346,-1.423037,0.159856,0.122461,-1.477540,0.882214,0.169667,-1.310745,0.199606,0.109304,-1.347483,0.875209,0.221476,-1.285970,0.205510,0.162471,-1.312182,0.636627,1.274963,-0.084787,0.354768,1.266680,0.088887,0.619777,1.883369,-0.015388,0.366072,1.887948,0.337028,0.613674,2.424686,0.594950,0.355878,2.428609,0.898213,0.623222,2.501168,0.626723,0.348559,2.506018,0.944780,0.567052,2.613590,0.035355,0.389602,2.624504,0.323794
28.000000,1.924473,0.520616,0.282918,-0.992406,0.545910,0.218113,-0.919804,0.563434,0.218793,-0.919704,0.581918,0.220384,-0.919376,0.498358,0.219980,-0.901225,0.480140,0.221591,-0.901094,0.463122,0.223749,-0.901634,0.609842,0.244035,-0.515298,0.437050,0.246577,-0.412470,0.549527,0.347728,-0.852681,0.499602,0.341882,-0.824306,0.725346,0.524413,-0.271848,0.322665,0.504746,-0.224284,0.945765,0.738353,-0.759472,0.064252,0.639055,-0.727064,0.967840,0.313356,-1.264881,0.144265,0.238158,-1.302107,0.956315,0.187279,-1.375666,0.160004,0.104547,-1.442926,0.910860,0.170530,-1.270038,0.202724,0.097981,-1.309473,0.921760,0.213707,-1.249383,0.208255,0.150890,-1.281276,0.636728,1.275973,-0.084702,0.353948,1.266804,0.088789,0.619672,1.883537,-0.024226,0.365330,1.888070,0.399109,0.610865,2.425720,0.601306,0.353096,2.429187,1.029603,0.619379,2.503417,0.633679,0.344891,2.507111,1.083886,0.562661,2.614434,0.026280,0.385167,2.625101,0.450736
29.000000,2.002768,0.529944,0.281568,-1.012571,0.556307,0.215870,-0.940444,0.575009,0.216733,-0.940261,0.594422,0.218522,-0.939950,0.506336,0.218224,-0.928921,0.487037,0.220255,-0.928769,0.469356,0.222639,-0.929290,0.619897,0.243575,-0.534855,0.438367,0.245939,-0.461814,0.557828,0.347239,-0.871967,0.505457,0.341747,-0.852305,0.728269,0.524928,-0.284125,0.323521,0.502315,-0.287178,0.950038,0.742575,-0.744175,0.065965,0.640008,-0.762202,1.003314,0.294252,-1.248733,0.136204,0.240902,-1.281110,0.988662,0.187993,-1.348368,0.147831,0.098195,-1.416401,0.965979,0.163387,-1.266222,0.188683,0.089963,-1.290585,0.966187,0.191115,-1.242890,0.196366,0.147674,-1.263034,0.638500,1.281138,-0.079478,0.353312,1.267783,0.083574,0.619688,1.887709,-0.013112,0.364877,1.893599,0.452233,0.608498,2.434353,0.643450,0.347128,2.436673,1.150843,0.616173,2.514617,0.679660,0.337196,2.515584,1.211266,0.559235,2.627462,0.052540,0.376633,2.636002,0.569892
30.000000,2.064596,0.531613,0.287615,-1.125402,0.559156,0.220189,-1.062319,0.577403,0.220902,-1.062009,0.596242,0.222825,-1.061846,0.509376,0.221725,-1.054729,0.490527,0.223224,-1.054646,0.473533,0.225255,-1.055303,0.621463,0.246665,-0.649222,0.443941,0.246569,-0.595508,0.559923,0.350094,-0.973781,0.508406,0.345206,-0.959435,0.730948,0.526010,-0.317708,0.325535,0.499975,-0.419861,0.948405,0.747907,-0.639350,0.064849,0.631192,-0.915843,1.029306,0.288653,-0.995958,0.140412,0.248921,-1.406971,1.044271,0.163391,-1.073103,0.153670,0.109674,-1.544145,1.026796,0.141237,-0.999921,0.196351,0.101037,-1.417833,1.004072,0.188443,-0.992739,0.202840,0.158664,-1.384819,0.638265,1.280956,-0.053084,0.352119,1.262162,0.056797,0.616404,1.884977,0.096437,0.355383,1.882312,0.376314,0.592765,2.430202,0.801449,0.325421,2.424754,1.120481,0.596896,2.510379,0.844960,0.313459,2.502958,1.201422,0.543589,2.625365,0.266102,0.355482,2.624947,0.528747
31.000000,2.127980,0.536804,0.295901,-0.960499,0.563606,0.228530,-0.906754,0.581061,0.228430,-0.906504,0.598823,0.229664,-0.906353,0.515333,0.230474,-0.891721,0.497247,0.231577,-0.891765,0.481314,0.233472,-0.892451,0.620445,0.251354,-0.541787,0.452211,0.251544,-0.452817,0.563387,0.353933,-0.824624,0.514338,0.350880,-0.801027,0.732067,0.525964,-0.297487,0.332872,0.500120,-0.282134,0.940205,0.745732,-0.649773,0.064659,0.628560,-0.845245,1.027295,0.278973,-1.058869,0.136534,0.252176,-1.288527,1.009824,0.147042,-1.151771,0.147872,0.112469,-1.425018,0.980242,0.129630,-1.063678,0.190019,0.103078,-1.302326,0.970011,0.184419,-1.050063,0.197597,0.161690,-1.270523,0.639908,1.273518,-0.055013,0.352316,1.249191,0.058945,0.616172,1.875350,0.086124,0.354672,1.862645,0.264228,0.592046,2.415632,0.737754,0.324707,2.402238,0.764776,0.596427,2.489510,0.772666,0.312873,2.473429,0.805096,0.542306,2.605603,0.216867,0.355475,2.600049,0.171935
32.000000,2.191246,0.541489,0.299472,-0.898099,0.568140,0.231147,-0.842697,0.584763,0.230988,-0.842361,0.601661,0.232144,-0.842134,0.520578,0.232597,-0.830107,0.502328,0.233349,-0.830105,0.486147,0.235047,-0.830667,0.620605,0.253333,-0.478853,0.454980,0.251701,-0.402436,0.566721,0.356112,-0.764414,0.517510,0.353668,-0.744086,0.732516,0.526015,-0.272300,0.335980,0.498726,-0.245749,0.928717,0.731142,-0.697558,0.064158,0.625297,-0.777856,0.985899,0.278775,-1.191937,0.136505,0.253777,-1.330588,1.006002,0.146791,-1.300206,0.146104,0.115262,-1.475472,0.970890,0.131638,-1.202686,0.190863,0.105711,-1.346871,0.949337,0.186936,-1.181870,0.200483,0.165238,-1.310654,0.640373,1.268518,-0.054984,0.352318,1.241319,0.058707,0.613004,1.868634,0.110745,0.352424,1.850560,0.233658,0.586253,2.404189,0.743643,0.319847,2.387482,0.705730,0.590472,2.474939,0.778620,0.307412,2.455739,0.742903,0.534348,2.591055,0.221534,0.350729,2.585088,0.118456
33.000000,2.255141,0.539246,0.305390,-0.910284,0.565713,0.237555,-0.851077,0.582175,0.237350,-0.850812,0.598959,0.238294,-0.850589,0.517209,0.237583,-0.839456,0.499084,0.237681,-0.839379,0.482612,0.238906,-0.839935,0.618491,0.256726,-0.463832,0.452091,0.253035,-0.403811,0.564688,0.360732,-0.773602,0.514027,0.359511,-0.755068,0.730941,0.526762,-0.246031,0.334711,0.498421,-0.239502,0.938663,0.702630,-0.669529,0.068042,0.626160,-0.765690,0.966052,0.284826,-1.182616,0.126134,0.271147,-1.445270,0.962696,0.150952,-1.287169,0.119919,0.121898,-1.606005,0.964678,0.128684,-1.193451,0.178968,0.108122,-1.511530,0.936738,0.184412,-1.170856,0.188313,0.170321,-1.441412,0.640256,1.273545,-0.052608,0.352734,1.242916,0.056369,0.610933,1.870519,0.094434,0.351581,1.853763,0.222771,0.582031,2.404376,0.730044,0.317838,2.391069,0.727768,0.586068,2.476201,0.767092,0.305052,2.460476,0.766613,0.530768,2.591896,0.199421,0.347721,2.587355,0.133218
34.000000,2.318456,0.537193,0.313516,-0.932064,0.563247,0.244472,-0.879110,0.579787,0.244105,-0.878822,0.596520,0.244653,-0.878501,0.514385,0.245281,-0.851851,0.496238,0.245689,-0.851676,0.479733,0.247052,-0.852056,0.617681,0.260678,-0.521992,0.449901,0.257671,-0.404327,0.563950,0.364040,-0.806388,0.512403,0.365418,-0.766267,0.730813,0.529112,-0.350702,0.333486,0.501725,-0.167556,0.965776,0.702016,-0.794551,0.065118,0.636947,-0.456741,0.952919,0.291621,-1.270570,0.125587,0.271248,-0.898324,0.935707,0.154415,-1.386960,0.120106,0.125166,-1.010926,0.893337,0.141603,-1.275632,0.179169,0.110724,-0.893405,0.879334,0.198728,-1.247549,0.189946,0.172080,-0.879284,0.641428,1.279385,-0.085496,0.352806,1.255073,0.089515,0.611170,1.884205,0.087094,0.351941,1.874752,0.381270,0.582799,2.423499,0.771307,0.319186,2.420302,1.008243,0.587065,2.496967,0.813395,0.306294,2.491112,1.062457,0.532788,2.611123,0.225603,0.350029,2.618481,0.426448
35.000000,2.380790,0.536371,0.318328,-0.943707,0.562011,0.249005,-0.892007,0.578521,0.248571,-0.891734,0.594998,0.248900,-0.891417,0.512588,0.249972,-0.860505,0.494480,0.250433,-0.860249,0.477932,0.251763,-0.860570,0.616749,0.263490,-0.537147,0.448663,0.260596,-0.404609,0.563892,0.366353,-0.819571,0.511786,0.369056,-0.773399,0.730616,0.529906,-0.366454,0.332671,0.503619,-0.150667,0.974042,0.699019,-0.810250,0.063907,0.642155,-0.439272,0.946685,0.295556,-1.281332,0.125242,0.271748,-0.886553,0.926370,0.156832,-1.399697,0.120153,0.127114,-0.999888,0.874272,0.148342,-1.287430,0.179326,0.112673,-0.882673,0.863152,0.205906,-1.257636,0.190809,0.173253,-0.867666,0.642249,1.282407,-0.098834,0.353062,1.262159,0.102889,0.611539,1.890584,0.082409,0.352467,1.885357,0.414512,0.583129,2.432656,0.771552,0.319713,2.434150,1.050455,0.587453,2.506674,0.813677,0.306565,2.505811,1.105366,0.533705,2.620255,0.221370,0.351370,2.632038,0.469380
36.000000,2.444587,0.533674,0.318657,-0.885914,0.559178,0.251044,-0.836954,0.575637,0.250600,-0.836619,0.591277,0.250829,-0.836286,0.509010,0.252052,-0.802685,0.492229,0.252487,-0.802522,0.476558,0.253626,-0.802919,0.613786,0.264970,-0.512199,0.447700,0.262752,-0.339664,0.563726,0.367083,-0.770801,0.509895,0.369813,-0.721810,0.729966,0.529924,-0.349473,0.333361,0.503640,-0.113336,0.972238,0.693291,-0.748852,0.063743,0.647828,-0.486499,0.932203,0.298090,-1.056177,0.125376,0.275730,-0.988767,0.910975,0.163559,-1.142243,0.120588,0.128320,-1.115161,0.855412,0.160035,-1.028665,0.179516,0.113405,-0.985232,0.845407,0.213974,-1.028670,0.191130,0.177208,-0.968851,0.637631,1.282241,-0.095692,0.347049,1.257524,0.099713,0.600138,1.890409,0.105919,0.342684,1.877304,0.342577,0.575252,2.427414,0.778894,0.310062,2.420441,0.862115,0.581247,2.498213,0.818416,0.298924,2.488449,0.905274,0.522803,2.611258,0.245062,0.337333,2.618686,0.284312
37.000000,2.507916,0.530299,0.318224,-0.816488,0.554616,0.251140,-0.772076,0.571388,0.250622,-0.771686,0.586545,0.250878,-0.771311,0.504083,0.252619,-0.735137,0.488211,0.253286,-0.735053,0.473813,0.254745,-0.735478,0.609519,0.265384,-0.483081,0.447016,0.265081,-0.293272,0.563144,0.367292,-0.715196,0.506774,0.369760,-0.662907,0.729384,0.530060,-0.339897,0.333669,0.504131,-0.090969,0.977972,0.685537,-0.722462,0.066598,0.647979,-0.453658,0.927621,0.301413,-1.030545,0.124748,0.276250,-0.918110,0.909559,0.169911,-1.115914,0.115507,0.120743,-1.041732,0.851072,0.169299,-1.007196,0.177905,0.115159,-0.907805,0.847181,0.221504,-1.005168,0.189961,0.179046,-0.898361,0.636379,1.282514,-0.093846,0.345922,1.257289,0.097883,0.596444,1.890293,0.098196,0.338786,1.874568,0.306694,0.574878,2.422977,0.730955,0.307768,2.413675,0.769379,0.582119,2.492821,0.766445,0.297432,2.480687,0.806183,0.521771,2.603280,0.235204,0.333922,2.610950,0.205093
38.000000,2.570759,0.523643,0.318526,-0.845280,0.547260,0.252791,-0.797269,0.564502,0.252010,-0.796952,0.579583,0.252029,-0.796633,0.497744,0.254365,-0.761582,0.482882,0.254747,-0.761356,0.469768,0.256045,-0.761762,0.603353,0.266036,-0.485454,0.446873,0.266337,-0.293373,0.559848,0.368327,-0.734759,0.501245,0.370550,-0.683615,0.724906,0.530334,-0.342463,0.334192,0.504642,-0.051256,0.974944,0.687467,-0.764397,0.066324,0.649573,-0.413619,0.917561,0.301265,-1.047440,0.128164,0.278799,-0.919565,0.902046,0.170270,-1.141484,0.121384,0.121401,-1.041125,0.844652,0.168931,-1.064582,0.183044,0.115369,-0.903045,0.833084,0.221364,-1.049782,0.194555,0.184148,-0.897682,0.636221,1.284839,-0.109960,0.346169,1.260541,0.113976,0.597200,1.892179,0.044863,0.339448,1.877805,0.432804,0.576275,2.423983,0.663496,0.309422,2.415371,1.025980,0.582756,2.493949,0.696929,0.298827,2.482282,1.079025,0.523287,2.605933,0.112927,0.336829,2.614630,0.470457
39.000000,2.634063,0.522665,0.320998,-0.771083,0.545979,0.256553,-0.732802,0.563000,0.255761,-0.732415,0.577967,0.255657,-0.732136,0.497069,0.257696,-0.696111,0.482411,0.257883,-0.695906,0.469619,0.259000,-0.696352,0.600631,0.267738,-0.450279,0.446372,0.268463,-0.261585,0.559044,0.370114,-0.669786,0.500060,0.372254,-0.618308,0.722934,0.530285,-0.305411,0.335150,0.504678,-0.055382,0.967019,0.688464,-0.673545,0.072042,0.650310,-0.463791,0.908729,0.304436,-0.947321,0.127839,0.288022,-0.955063,0.893435,0.174665,-1.019563,0.120889,0.125001,-1.078914,0.836025,0.174795,-0.910966,0.181099,0.124652,-0.957402,0.822753,0.226871,-0.921195,0.191611,0.196551,-0.932508,0.636941,1.282974,-0.109638,0.348204,1.258634,0.113626,0.597392,1.888017,0.059691,0.339725,1.871373,0.385830,0.577135,2.414893,0.668930,0.310646,2.405563,0.879486,0.584612,2.482346,0.702033,0.299958,2.470546,0.922163,0.524359,2.596949,0.125729,0.338912,2.604051,0.342983
40.000000,2.712368,0.521648,0.322151,-0.747274,0.544762,0.258311,-0.709365,0.561562,0.257467,-0.708960,0.576369,0.257284,-0.708652,0.496370,0.259367,-0.672667,0.481842,0.259474,-0.672498,0.469282,0.260516,-0.672935,0.598191,0.268595,-0.431593,0.446001,0.269648,-0.244699,0.557820,0.371039,-0.647759,0.498937,0.373258,-0.596578,0.721052,0.530333,-0.281708,0.335617,0.504714,-0.049521,0.959071,0.691259,-0.638276,0.075219,0.650472,-0.476412,0.902491,0.308557,-0.909902,0.127588,0.291072,-0.970254,0.888123,0.180090,-0.978787,0.120647,0.125378,-1.091987,0.830285,0.180126,-0.867459,0.179820,0.128240,-0.981627,0.816080,0.231727,-0.881124,0.189625,0.201671,-0.946407,0.637101,1.281540,-0.108065,0.348944,1.257096,0.112068,0.597825,1.885516,0.059870,0.340125,1.867873,0.350940,0.577321,2.410235,0.653269,0.311620,2.400855,0.823599,0.585142,2.477002,0.684755,0.300875,2.465486,0.863915,0.525262,2.592106,0.128817,0.340328,2.598783,0.280732
41.000000,2.776217,0.520466,0.322357,-0.753503,0.543174,0.258420,-0.715074,0.559829,0.257508,-0.714723,0.574386,0.257282,-0.714349,0.495233,0.259630,-0.678016,0.480795,0.259740,-0.677917,0.468424,0.260779,-0.678360,0.595307,0.268682,-0.437087,0.445746,0.269916,-0.247904,0.555857,0.371184,-0.654646,0.497926,0.373542,-0.602415,0.717360,0.530357,-0.279309,0.335789,0.504661,-0.049824,0.952720,0.684790,-0.617663,0.074698,0.650566,-0.395877,0.904473,0.308884,-0.872148,0.127462,0.289481,-0.812680,0.890172,0.181140,-0.940752,0.120795,0.125998,-0.926364,0.834894,0.179434,-0.835889,0.179926,0.128342,-0.792922,0.823384,0.231096,-0.846537,0.189481,0.200528,-0.790921,0.635998,1.279292,-0.105423,0.347958,1.253401,0.109197,0.596859,1.878123,0.083486,0.339908,1.857544,0.339500,0.577453,2.396988,0.683719,0.312553,2.385396,0.822463,0.585441,2.463225,0.717152,0.301831,2.449241,0.864553,0.525360,2.576986,0.185904,0.341293,2.583079,0.280056
42.000000,2.839594,0.517299,0.320762,-0.783920,0.540717,0.257498,-0.740771,0.557696,0.256528,-0.740426,0.572357,0.256316,-0.740084,0.491511,0.258854,-0.707445,0.476614,0.259018,-0.707309,0.464103,0.260167,-0.707754,0.592765,0.268443,-0.438356,0.442228,0.269889,-0.268607,0.553160,0.370829,-0.677633,0.492551,0.373039,-0.630252,0.716003,0.531175,-0.276731,0.333981,0.504808,-0.066743,0.953064,0.685511,-0.636197,0.073397,0.656277,-0.537875,0.887092,0.309630,-0.943897,0.125960,0.303839,-1.150678,0.875050,0.182681,-1.019275,0.121351,0.142114,-1.288291,0.817194,0.183886,-0.905773,0.180527,0.140166,-1.144736,0.799037,0.236427,-0.915985,0.189307,0.213359,-1.128804,0.635640,1.278331,-0.095807,0.347061,1.250845,0.099373,0.596566,1.877323,0.082739,0.335970,1.854572,0.294660,0.577051,2.396267,0.665547,0.306488,2.382622,0.722434,0.585488,2.463172,0.696179,0.296124,2.447746,0.757108,0.521238,2.577348,0.152427,0.333901,2.581117,0.161241
43.000000,2.917927,0.515493,0.319586,-0.795876,0.539266,0.256695,-0.751869,0.556402,0.255667,-0.751555,0.571168,0.255470,-0.751229,0.489416,0.258218,-0.719990,0.474175,0.258448,-0.719815,0.461463,0.259697,-0.720289,0.591286,0.268225,-0.442553,0.439808,0.269852,-0.278334,0.551476,0.370582,-0.687920,0.489629,0.372749,-0.642254,0.715044,0.531899,-0.278209,0.332909,0.504980,-0.075292,0.953734,0.685894,-0.651699,0.072664,0.659316,-0.559447,0.882197,0.310062,-0.973359,0.125180,0.308946,-1.175514,0.870214,0.184200,-1.052795,0.121881,0.148071,-1.313279,0.812146,0.186142,-0.938779,0.180895,0.144108,-1.171902,0.793011,0.239007,-0.946131,0.189186,0.217039,-1.154486,0.635485,1.277876,-0.092819,0.346575,1.249775,0.096318,0.596597,1.877096,0.078536,0.334379,1.853798,0.290175,0.577166,2.396363,0.655000,0.304331,2.382305,0.725092,0.585806,2.463723,0.685183,0.294180,2.448253,0.760446,0.519833,2.578166,0.132570,0.331244,2.581071,0.161123
44.000000,2.981286,0.515501,0.319486,-0.781823,0.539168,0.256806,-0.733038,0.556078,0.255825,-0.732593,0.570685,0.255638,-0.732175,0.489474,0.258184,-0.704519,0.474233,0.258375,-0.704409,0.461460,0.259593,-0.704779,0.589554,0.268361,-0.411325,0.439784,0.269873,-0.266316,0.551215,0.370553,-0.667658,0.489665,0.372746,-0.628222,0.710486,0.531562,-0.233976,0.332700,0.505002,-0.078733,0.943331,0.701084,-0.509460,0.071106,0.660913,-0.588384,0.883490,0.312635,-0.716559,0.123032,0.309423,-1.212495,0.873772,0.188308,-0.767754,0.121738,0.154904,-1.347712,0.817851,0.186167,-0.663636,0.180742,0.150013,-1.210493,0.799708,0.239003,-0.687565,0.188532,0.219367,-1.193303,0.635989,1.270547,-0.076437,0.346768,1.245730,0.079978,0.600785,1.864455,0.115665,0.336464,1.845773,0.294250,0.588288,2.381237,0.695599,0.316828,2.373117,0.753571,0.597016,2.446434,0.726654,0.308381,2.437702,0.792048,0.537674,2.564875,0.195831,0.346976,2.570242,0.198626
45.000000,3.040065,0.511976,0.321668,-0.772819,0.534386,0.258367,-0.733841,0.551428,0.257178,-0.733444,0.566519,0.256787,-0.733127,0.486035,0.260259,-0.698129,0.471134,0.260566,-0.697977,0.458587,0.261815,-0.698373,0.586706,0.268786,-0.417832,0.437928,0.270958,-0.256106,0.547068,0.371732,-0.664594,0.486481,0.374089,-0.614487,0.707090,0.528988,-0.243880,0.332631,0.504967,-0.059533,0.938583,0.685787,-0.564953,0.073681,0.660277,-0.599975,0.868976,0.304961,-0.837794,0.132105,0.308914,-1.321409,0.861136,0.184534,-0.900372,0.128622,0.154457,-1.463127,0.806275,0.184820,-0.781375,0.185298,0.150088,-1.325293,0.787671,0.236952,-0.803663,0.196237,0.218694,-1.301015,0.630795,1.261346,-0.076614,0.345601,1.233338,0.080084,0.595476,1.852823,0.112620,0.336149,1.832199,0.297627,0.582162,2.369316,0.707421,0.315788,2.358940,0.770754,0.590888,2.434956,0.739319,0.307542,2.422854,0.810256,0.531062,2.546983,0.204344,0.343450,2.553655,0.215722
46.000000,3.107439,0.506647,0.322183,-0.959577,0.530041,0.258752,-0.914044,0.547479,0.257462,-0.913559,0.562849,0.256988,-0.913204,0.481803,0.260888,-0.879219,0.467130,0.261200,-0.879376,0.454889,0.262390,-0.879554,0.584800,0.269076,-0.568839,0.436442,0.271149,-0.400125,0.542664,0.372179,-0.832756,0.482447,0.374480,-0.785741,0.704337,0.527558,-0.363474,0.330564,0.503943,-0.146274,0.939277,0.685749,-0.705076,0.068130,0.658290,-0.636602,0.868691,0.305128,-1.003824,0.132366,0.305543,-1.336013,0.864939,0.184031,-1.075372,0.130574,0.151851,-1.479353,0.809774,0.182729,-0.972572,0.186910,0.148837,-1.344828,0.789239,0.236666,-0.974111,0.198534,0.215173,-1.316641,0.629845,1.257439,-0.076341,0.344557,1.230912,0.079755,0.595676,1.848523,0.108460,0.335822,1.827273,0.304803,0.582147,2.360337,0.706420,0.315879,2.351292,0.779676,0.590895,2.424577,0.737041,0.307701,2.414595,0.819183,0.530363,2.542140,0.192139,0.343838,2.548155,0.222359
47.000000,3.170328,0.504270,0.322196,-0.987772,0.528179,0.258672,-0.942122,0.545780,0.257379,-0.941626,0.561283,0.256916,-0.941260,0.479660,0.260818,-0.906381,0.464956,0.261117,-0.906530,0.452721,0.262297,-0.906690,0.583808,0.269063,-0.598803,0.435097,0.271065,-0.423907,0.540369,0.372187,-0.861064,0.480302,0.374465,-0.812992,0.702741,0.526505,-0.389881,0.328856,0.503041,-0.165293,0.939683,0.686076,-0.733375,0.065183,0.656479,-0.637297,0.869753,0.305276,-1.023226,0.133044,0.302315,-1.314091,0.866922,0.183431,-1.093619,0.131867,0.149343,-1.453663,0.811056,0.181387,-0.989460,0.188413,0.147064,-1.316952,0.789640,0.236235,-0.993101,0.200379,0.211770,-1.293455,0.628725,1.254735,-0.076318,0.342873,1.228900,0.079712,0.595765,1.845086,0.110152,0.335258,1.823524,0.319598,0.582075,2.353867,0.707310,0.315910,2.345302,0.784452,0.590857,2.417429,0.738367,0.307783,2.408318,0.823051,0.529839,2.537941,0.188849,0.344092,2.543377,0.228006
48.000000,3.233613,0.495438,0.322615,-0.894309,0.520939,0.258712,-0.857139,0.539387,0.257598,-0.856640,0.555755,0.257274,-0.856238,0.470878,0.260769,-0.807346,0.456654,0.260951,-0.807023,0.444705,0.261902,-0.807018,0.579150,0.269126,-0.577047,0.429985,0.270187,-0.326863,0.530885,0.373429,-0.789917,0.470030,0.374449,-0.722282,0.696410,0.526779,-0.362620,0.325739,0.502510,-0.056193,0.939706,0.685655,-0.759965,0.063201,0.654347,-0.340951,0.866592,0.304833,-1.073199,0.129588,0.300447,-0.731907,0.856886,0.183158,-1.155059,0.130344,0.139327,-0.825128,0.806302,0.179704,-1.029834,0.187175,0.145824,-0.688964,0.787570,0.233191,-1.038524,0.196989,0.211724,-0.706994,0.618774,1.255005,-0.090649,0.333500,1.229432,0.094657,0.586570,1.845708,0.046997,0.328592,1.824859,0.352448,0.572687,2.357462,0.630806,0.306219,2.348805,0.822580,0.582774,2.421902,0.661750,0.296723,2.412003,0.862264,0.517260,2.541454,0.097178,0.331902,2.546913,0.267093
49.000000,3.295918,0.492063,0.323209,-0.880306,0.517888,0.258931,-0.848449,0.536583,0.257963,-0.847988,0.553239,0.257702,-0.847584,0.467707,0.260685,-0.791548,0.453587,0.260891,-0.791112,0.441889,0.261774,-0.791102,0.577164,0.269164,-0.550406,0.428161,0.269350,-0.307721,0.527158,0.374489,-0.784757,0.466589,0.374507,-0.706032,0.693215,0.526465,-0.358057,0.324693,0.501441,-0.040822,0.939873,0.682393,-0.762322,0.062810,0.652887,-0.302587,0.867412,0.303529,-1.071351,0.126706,0.297550,-0.682287,0.854351,0.182147,-1.153670,0.127762,0.132298,-0.774821,0.804726,0.177043,-1.032049,0.183051,0.143524,-0.645105,0.787516,0.228765,-1.038123,0.191255,0.210842,-0.659708,0.615889,1.255449,-0.097469,0.329440,1.229843,0.101693,0.584519,1.847039,0.038331,0.326592,1.826560,0.371899,0.570720,2.359372,0.629765,0.303923,2.350921,0.864594,0.581092,2.424152,0.661514,0.294116,2.414983,0.906587,0.514679,2.543219,0.091306,0.329762,2.548433,0.304415
50.000000,3.375718,0.491364,0.321470,-0.871731,0.517821,0.256456,-0.843740,0.536555,0.255435,-0.843269,0.553168,0.255150,-0.842891,0.467273,0.257558,-0.785315,0.452917,0.257324,-0.784981,0.440841,0.257649,-0.785048,0.577136,0.266081,-0.546819,0.426402,0.265401,-0.301872,0.526649,0.373127,-0.781275,0.465133,0.371695,-0.694697,0.693559,0.521241,-0.363658,0.324643,0.500384,-0.044995,0.938228,0.676556,-0.757326,0.060404,0.652659,-0.394114,0.868939,0.301000,-1.033306,0.127256,0.291969,-0.890720,0.856568,0.178960,-1.095550,0.129174,0.132371,-1.003303,0.806370,0.173457,-0.956559,0.183691,0.141969,-0.866757,0.789223,0.225102,-0.987129,0.193814,0.207083,-0.868245,0.618448,1.251881,-0.108459,0.331654,1.227587,0.112110,0.586791,1.840905,0.084637,0.332640,1.825508,0.428628,0.577718,2.352507,0.725773,0.319672,2.347061,0.979237,0.589797,2.418355,0.762612,0.313798,2.410225,1.028455,0.521926,2.532165,0.213426,0.344427,2.544356,0.445911
51.000000,3.438987,0.490701,0.321131,-0.803082,0.517952,0.255731,-0.770097,0.536751,0.254848,-0.769546,0.553315,0.254675,-0.769210,0.466851,0.255926,-0.721544,0.452391,0.255262,-0.721352,0.440216,0.255123,-0.721494,0.577189,0.265251,-0.490221,0.425730,0.261908,-0.261128,0.526161,0.372889,-0.705193,0.464315,0.370038,-0.637385,0.693866,0.521272,-0.321635,0.323506,0.498225,-0.037571,0.937364,0.676886,-0.728737,0.060612,0.652070,-0.499299,0.868225,0.300719,-0.971491,0.130984,0.291000,-1.152106,0.856724,0.178480,-1.034968,0.136962,0.132486,-1.282403,0.805323,0.172227,-0.901328,0.189309,0.141688,-1.132053,0.788023,0.224205,-0.928676,0.198737,0.206186,-1.126756,0.616567,1.252218,-0.102753,0.330949,1.227960,0.106441,0.585206,1.841897,0.103083,0.330512,1.826265,0.414472,0.572865,2.354505,0.722128,0.311638,2.348102,0.938371,0.584519,2.420537,0.756656,0.303864,2.411668,0.983638,0.514679,2.534751,0.211778,0.335584,2.545259,0.443746
52.000000,3.502384,0.490604,0.320627,-0.791270,0.518204,0.254805,-0.754961,0.536990,0.254061,-0.754407,0.553495,0.254014,-0.754080,0.466802,0.254276,-0.710576,0.452207,0.253323,-0.710425,0.439917,0.252913,-0.710592,0.577234,0.264355,-0.470718,0.425227,0.259330,-0.254492,0.525976,0.372492,-0.688913,0.463988,0.368690,-0.627953,0.694067,0.521177,-0.304802,0.322324,0.496837,-0.038028,0.936129,0.676430,-0.707415,0.060707,0.651705,-0.533013,0.867594,0.300262,-0.943011,0.132840,0.290470,-1.190936,0.856590,0.178107,-1.007203,0.140756,0.132527,-1.321787,0.804460,0.171481,-0.876222,0.192119,0.141614,-1.172380,0.787010,0.223518,-0.902250,0.201393,0.205818,-1.165857,0.615305,1.252627,-0.098294,0.330182,1.228005,0.102027,0.584344,1.842804,0.109929,0.329123,1.826612,0.398018,0.570282,2.355953,0.720805,0.306937,2.348605,0.903448,0.581548,2.422017,0.754447,0.298087,2.412477,0.946193,0.511291,2.536511,0.211652,0.330829,2.545663,0.416282
53.000000,3.566211,0.491461,0.319904,-0.935263,0.519886,0.253123,-0.884229,0.538402,0.252881,-0.883647,0.554622,0.253220,-0.883206,0.467878,0.250520,-0.850994,0.452852,0.248943,-0.851133,0.440304,0.248091,-0.851241,0.577424,0.263541,-0.535086,0.425209,0.254553,-0.372451,0.526165,0.372395,-0.807609,0.464432,0.367639,-0.763528,0.693456,0.521203,-0.344448,0.318971,0.496822,-0.159029,0.935658,0.680520,-0.751325,0.060187,0.650248,-0.717158,0.866516,0.300085,-1.069681,0.138501,0.283694,-1.437524,0.855443,0.178280,-1.142622,0.146356,0.129891,-1.584789,0.802636,0.171959,-1.025075,0.199290,0.139919,-1.441890,0.784903,0.224099,-1.036323,0.209791,0.201980,-1.415871,0.615770,1.253956,-0.086960,0.330391,1.230164,0.090508,0.586980,1.843040,0.109339,0.329640,1.828345,0.380102,0.575408,2.356992,0.716814,0.311324,2.349931,0.854828,0.586006,2.423021,0.750794,0.302836,2.413681,0.893840,0.518595,2.537474,0.208703,0.337425,2.547124,0.320392
54.000000,3.629578,0.492298,0.319924,-0.893868,0.520032,0.253148,-0.858517,0.538567,0.252905,-0.857942,0.554745,0.253254,-0.857732,0.468009,0.250694,-0.820600,0.452941,0.249240,-0.820520,0.440370,0.248575,-0.820782,0.577418,0.263578,-0.532571,0.425172,0.254982,-0.361693,0.527192,0.372418,-0.775947,0.465585,0.367840,-0.725578,0.693587,0.520992,-0.340916,0.318747,0.496826,-0.154983,0.937007,0.677452,-0.687541,0.061913,0.644264,-0.649513,0.865698,0.297197,-0.875755,0.142017,0.282375,-1.347376,0.853651,0.175836,-0.925609,0.152671,0.129772,-1.484032,0.800046,0.170173,-0.801647,0.205431,0.139885,-1.337448,0.783196,0.221869,-0.834043,0.216011,0.201489,-1.322338,0.616030,1.252288,-0.086017,0.330758,1.227953,0.089466,0.587252,1.841334,0.108201,0.329670,1.823894,0.342898,0.575465,2.354681,0.711186,0.311255,2.345914,0.793918,0.586018,2.419541,0.743093,0.302751,2.408811,0.830410,0.519077,2.536833,0.203510,0.337451,2.544119,0.255248
55.000000,3.692821,0.492714,0.320109,-0.821036,0.520208,0.253307,-0.785260,0.538673,0.253049,-0.784741,0.554776,0.253401,-0.784525,0.468207,0.251205,-0.748423,0.453140,0.249994,-0.748287,0.440547,0.249634,-0.748604,0.577234,0.263762,-0.483625,0.425026,0.255979,-0.307164,0.527877,0.372528,-0.710365,0.466410,0.368350,-0.660506,0.693660,0.521018,-0.298471,0.318543,0.497035,-0.122714,0.938023,0.676272,-0.623497,0.062190,0.642061,-0.629923,0.864452,0.296147,-0.806975,0.143989,0.281234,-1.319545,0.852157,0.174891,-0.856574,0.155699,0.129494,-1.457334,0.797282,0.169785,-0.734488,0.208563,0.139860,-1.309096,0.780691,0.221225,-0.766582,0.219010,0.200784,-1.293745,0.616108,1.251611,-0.082169,0.331054,1.227362,0.085540,0.587909,1.841057,0.110072,0.329725,1.822757,0.304503,0.575926,2.354310,0.710073,0.311254,2.345142,0.745488,0.586234,2.418919,0.742665,0.302748,2.407920,0.780480,0.520525,2.536960,0.199433,0.337659,2.543630,0.200651
56.000000,3.756738,0.492846,0.319943,-0.981025,0.519829,0.253201,-0.932643,0.538119,0.252876,-0.932102,0.554142,0.253155,-0.931750,0.468467,0.251211,-0.895932,0.453347,0.250025,-0.896030,0.440637,0.249689,-0.896236,0.577008,0.263619,-0.584745,0.425313,0.256094,-0.404791,0.527826,0.371847,-0.853054,0.466695,0.368100,-0.803571,0.692987,0.520187,-0.372017,0.319113,0.496441,-0.166818,0.939735,0.675090,-0.648549,0.063579,0.634742,-0.658192,0.861893,0.294059,-0.870057,0.150527,0.273488,-1.313054,0.846842,0.174770,-0.928478,0.157866,0.124263,-1.450406,0.793456,0.169735,-0.809113,0.209635,0.138437,-1.306887,0.777974,0.220909,-0.832890,0.221037,0.198807,-1.289448,0.616232,1.242471,-0.080753,0.331005,1.215343,0.084074,0.587937,1.829165,0.109001,0.328752,1.808697,0.309422,0.575840,2.336524,0.707596,0.311085,2.329705,0.769483,0.586234,2.399686,0.739347,0.302705,2.392344,0.806994,0.520000,2.520652,0.193598,0.337345,2.528216,0.221520
57.000000,3.819071,0.497375,0.319765,-0.805780,0.523050,0.253979,-0.762281,0.540365,0.253916,-0.761831,0.555781,0.254389,-0.761433,0.473034,0.251584,-0.724703,0.457688,0.250360,-0.724667,0.444426,0.250044,-0.724995,0.577168,0.265031,-0.464350,0.427146,0.257157,-0.278230,0.530334,0.371562,-0.699718,0.469546,0.367875,-0.648798,0.693041,0.520906,-0.292808,0.320078,0.496931,-0.084312,0.938547,0.679777,-0.570690,0.065206,0.630729,-0.567594,0.861252,0.293916,-0.731323,0.154042,0.273708,-1.141810,0.847177,0.175108,-0.781341,0.159180,0.124405,-1.267959,0.794147,0.169727,-0.663320,0.212401,0.140822,-1.118726,0.778581,0.220387,-0.694250,0.223842,0.199988,-1.116408,0.615791,1.238154,-0.080908,0.330693,1.210515,0.084221,0.585195,1.823176,0.111795,0.327576,1.803356,0.339720,0.573585,2.331944,0.715348,0.309532,2.325099,0.838314,0.583525,2.395661,0.748356,0.301130,2.388203,0.881167,0.519571,2.513188,0.210025,0.335381,2.520037,0.298134
58.000000,3.880438,0.501015,0.319176,-0.836391,0.525686,0.253891,-0.791370,0.542378,0.253870,-0.790840,0.557516,0.254374,-0.790358,0.476543,0.251523,-0.756372,0.461025,0.250353,-0.756383,0.447441,0.250088,-0.756740,0.577292,0.265053,-0.478323,0.428860,0.257269,-0.304830,0.533218,0.370872,-0.723405,0.472722,0.367189,-0.676203,0.693220,0.521267,-0.297768,0.320396,0.497225,-0.126511,0.938570,0.685268,-0.608245,0.065278,0.626691,-0.675931,0.860099,0.293930,-0.809876,0.159333,0.273889,-1.328749,0.845885,0.175621,-0.867240,0.165985,0.127072,-1.468098,0.793229,0.169834,-0.748849,0.220648,0.143018,-1.319734,0.777883,0.220373,-0.773579,0.232141,0.200741,-1.303239,0.615918,1.238693,-0.078843,0.330670,1.211012,0.082080,0.585192,1.824263,0.158956,0.327605,1.804754,0.353001,0.573673,2.332408,0.802536,0.309714,2.326552,0.885171,0.583551,2.395919,0.840204,0.301334,2.389823,0.931536,0.520697,2.513916,0.299420,0.335586,2.520972,0.338381
59.000000,3.943299,0.501012,0.320064,-1.016999,0.525504,0.254854,-0.995165,0.542153,0.254626,-0.994593,0.557249,0.254975,-0.994238,0.476726,0.253186,-0.944388,0.461584,0.252205,-0.944318,0.448543,0.252186,-0.944564,0.577236,0.265444,-0.723659,0.430549,0.259277,-0.475928,0.533225,0.371150,-0.912067,0.473185,0.367472,-0.843674,0.693195,0.520480,-0.507317,0.321964,0.497213,-0.191031,0.938012,0.682717,-0.779980,0.068184,0.627331,-0.570599,0.860341,0.291178,-0.942212,0.158284,0.275662,-1.072252,0.846088,0.169761,-0.993135,0.164691,0.130917,-1.173200,0.795336,0.162000,-0.882995,0.219016,0.143882,-1.041416,0.779372,0.215001,-0.904388,0.230571,0.201290,-1.047436,0.617662,1.225479,-0.097116,0.333547,1.199654,0.100415,0.588503,1.803535,0.091419,0.330314,1.780933,0.387714,0.577157,2.305247,0.701390,0.311465,2.299849,0.893225,0.587174,2.365093,0.735511,0.302675,2.362716,0.936699,0.522972,2.488474,0.180732,0.337606,2.489859,0.353314
60.000000,4.005600,0.501309,0.319200,-1.004507,0.525548,0.254203,-0.978461,0.542261,0.253819,-0.977903,0.557477,0.254068,-0.977625,0.477091,0.252982,-0.934289,0.462184,0.252086,-0.934317,0.449387,0.252115,-0.934568,0.577869,0.264870,-0.693183,0.432102,0.259354,-0.478844,0.534043,0.369830,-0.895518,0.474909,0.367154,-0.835700,0.694335,0.517920,-0.481368,0.325968,0.497129,-0.234392,0.939978,0.676020,-0.801468,0.078116,0.627467,-0.754287,0.859971,0.290147,-0.996501,0.157703,0.277349,-1.498071,0.845363,0.169830,-1.052987,0.163758,0.133218,-1.642355,0.794634,0.162052,-0.942114,0.218647,0.145828,-1.509720,0.778792,0.214712,-0.960006,0.229392,0.202995,-1.478571,0.620818,1.225423,-0.093191,0.338926,1.199054,0.096333,0.590438,1.804888,0.090580,0.331706,1.782287,0.348412,0.578412,2.308140,0.692394,0.312886,2.301141,0.832821,0.588534,2.369147,0.724881,0.304483,2.363414,0.871483,0.523051,2.489894,0.169276,0.338675,2.492988,0.284940
61.000000,4.067512,0.501268,0.317607,-0.999553,0.525347,0.253022,-0.972064,0.542184,0.252484,-0.971495,0.557481,0.252612,-0.971193,0.477044,0.252201,-0.929505,0.462184,0.251398,-0.929525,0.449417,0.251469,-0.929787,0.578218,0.263420,-0.681359,0.432298,0.259043,-0.473366,0.534100,0.367806,-0.888685,0.475160,0.365735,-0.830703,0.695359,0.515688,-0.467219,0.327187,0.496951,-0.248679,0.941862,0.668361,-0.794826,0.080847,0.629594,-0.804912,0.859855,0.286086,-0.994745,0.157463,0.277850,-1.567232,0.845054,0.169604,-1.050381,0.164053,0.135438,-1.716682,0.794386,0.161889,-0.939953,0.217733,0.146517,-1.580849,0.778643,0.213021,-0.958664,0.228554,0.203225,-1.546511,0.624189,1.223646,-0.082345,0.341726,1.197393,0.085397,0.594458,1.802094,0.129046,0.333883,1.779193,0.331734,0.582288,2.302132,0.746841,0.315660,2.295185,0.829395,0.592534,2.362394,0.780923,0.307585,2.356069,0.868878,0.525380,2.484446,0.231395,0.342504,2.489154,0.281125
62.000000,4.130794,0.499990,0.317508,-1.023403,0.524419,0.252980,-0.986189,0.541437,0.252405,-0.985552,0.556748,0.252498,-0.985095,0.476477,0.252238,-0.941631,0.461800,0.251503,-0.941723,0.449209,0.251648,-0.941898,0.578228,0.263440,-0.664107,0.432417,0.259206,-0.449860,0.533423,0.367789,-0.901875,0.474429,0.365739,-0.841378,0.695371,0.515869,-0.441865,0.329433,0.496957,-0.214881,0.942742,0.666609,-0.773874,0.081460,0.627733,-0.732289,0.858169,0.285613,-0.978445,0.166191,0.277956,-1.424531,0.842991,0.169670,-1.036989,0.177114,0.147473,-1.563656,0.793576,0.161836,-0.921306,0.224047,0.151139,-1.427683,0.778522,0.212561,-0.941418,0.234633,0.204468,-1.403329,0.624867,1.224402,-0.082010,0.342271,1.197346,0.085111,0.594614,1.804053,0.087488,0.334040,1.781621,0.306847,0.582020,2.305324,0.668993,0.315743,2.298568,0.756828,0.592179,2.366127,0.697659,0.307746,2.359947,0.792078,0.525315,2.487678,0.140319,0.342474,2.492339,0.188522
63.000000,4.209074,0.498234,0.317222,-0.890556,0.523134,0.253028,-0.863567,0.540406,0.252425,-0.862988,0.555737,0.252506,-0.862640,0.475818,0.252655,-0.815029,0.461543,0.252132,-0.815141,0.449178,0.252458,-0.815413,0.577912,0.263543,-0.590474,0.433722,0.260599,-0.352505,0.533017,0.367773,-0.786720,0.473714,0.365550,-0.720507,0.695760,0.515309,-0.365587,0.331067,0.497329,-0.132835,0.944465,0.675922,-0.671293,0.083068,0.627237,-0.597692,0.857774,0.288527,-0.864051,0.168872,0.275212,-1.250761,0.842592,0.176361,-0.912364,0.176944,0.147103,-1.384123,0.793711,0.166060,-0.803160,0.223059,0.149513,-1.248948,0.779114,0.216402,-0.828439,0.233788,0.202977,-1.228375,0.625275,1.219731,-0.080162,0.344257,1.191724,0.083196,0.595194,1.796764,0.066857,0.336503,1.775286,0.283802,0.582521,2.300767,0.600650,0.318297,2.292921,0.694779,0.592647,2.363108,0.626014,0.310773,2.354544,0.726454,0.526693,2.478923,0.090036,0.344176,2.487266,0.150721
64.000000,4.272917,0.493385,0.317800,-0.829403,0.517039,0.253593,-0.819685,0.533743,0.252849,-0.819150,0.549710,0.252803,-0.818802,0.473683,0.253970,-0.754284,0.460754,0.253684,-0.754304,0.448983,0.254097,-0.754548,0.576243,0.263667,-0.594125,0.435074,0.261766,-0.296968,0.529314,0.368046,-0.748366,0.472546,0.365639,-0.660381,0.696192,0.514373,-0.398843,0.332833,0.497143,-0.051804,0.945273,0.675114,-0.711450,0.084994,0.627301,-0.426125,0.854497,0.282131,-0.880585,0.168677,0.277624,-1.025412,0.835816,0.173835,-0.931549,0.175891,0.149942,-1.142744,0.790501,0.162832,-0.819591,0.222138,0.153291,-1.009002,0.777889,0.211219,-0.843812,0.233631,0.206610,-1.004157,0.625933,1.219283,-0.098071,0.347546,1.190919,0.101267,0.595439,1.794045,0.030212,0.338763,1.773830,0.334420,0.582964,2.297969,0.573055,0.321275,2.291158,0.718445,0.593639,2.361055,0.600199,0.314653,2.352997,0.745532,0.527062,2.473358,0.065320,0.344273,2.484744,0.222199
65.000000,4.335186,0.487362,0.318082,-0.902776,0.511086,0.254217,-0.901190,0.527981,0.253356,-0.900660,0.544775,0.253184,-0.900222,0.471090,0.255383,-0.823158,0.459718,0.255355,-0.823345,0.448733,0.255933,-0.823335,0.575217,0.264485,-0.689813,0.438322,0.264336,-0.344400,0.526087,0.368136,-0.828017,0.471113,0.365857,-0.723783,0.698307,0.515310,-0.509931,0.336768,0.497119,-0.053988,0.946643,0.678021,-0.943341,0.093868,0.624334,-0.510582,0.849452,0.284596,-1.211536,0.169574,0.280777,-1.124092,0.830383,0.178472,-1.287316,0.175943,0.156836,-1.253041,0.784886,0.167704,-1.172087,0.221674,0.160840,-1.089943,0.774005,0.214450,-1.176356,0.233808,0.212434,-1.085871,0.626098,1.221244,-0.107539,0.351803,1.192914,0.110717,0.595329,1.795119,-0.000606,0.341576,1.775231,0.359072,0.582991,2.297763,0.552895,0.327620,2.292640,0.771009,0.593862,2.361575,0.579039,0.322849,2.354582,0.800048,0.527109,2.469768,0.024181,0.345914,2.484152,0.252573
66.000000,4.397602,0.487734,0.317853,-0.884176,0.511514,0.254280,-0.875923,0.528456,0.253373,-0.875306,0.545123,0.253186,-0.874788,0.471111,0.255779,-0.804009,0.459855,0.255901,-0.804054,0.449110,0.256627,-0.804122,0.575311,0.264667,-0.665133,0.438809,0.266222,-0.331572,0.526147,0.367652,-0.806560,0.470824,0.365683,-0.709368,0.698312,0.516806,-0.474474,0.337032,0.496615,-0.069285,0.944963,0.677998,-0.850170,0.092811,0.628901,-0.455857,0.847767,0.284704,-1.152760,0.169880,0.285659,-1.025860,0.830391,0.177784,-1.272106,0.176659,0.160010,-1.137673,0.785213,0.165236,-1.108622,0.221236,0.164469,-0.999043,0.774253,0.211851,-1.143494,0.233599,0.216577,-1.001791,0.624204,1.220057,-0.109064,0.349021,1.189331,0.112362,0.589367,1.789597,0.007553,0.339357,1.768272,0.370939,0.576402,2.285635,0.575074,0.324051,2.275678,0.797631,0.587641,2.349326,0.603293,0.318887,2.335959,0.830796,0.520684,2.455355,0.025347,0.341558,2.467450,0.277992
67.000000,4.459424,0.487633,0.317498,-0.873729,0.511836,0.253943,-0.864122,0.528810,0.253042,-0.863467,0.545401,0.252895,-0.862931,0.471137,0.255442,-0.794695,0.459878,0.255495,-0.794685,0.449185,0.256132,-0.794787,0.575301,0.264683,-0.653714,0.439057,0.265890,-0.328515,0.525026,0.367481,-0.796654,0.469716,0.365116,-0.702119,0.698150,0.517247,-0.462123,0.336699,0.494565,-0.071888,0.944480,0.674495,-0.823715,0.091351,0.635757,-0.395468,0.847487,0.285369,-0.989555,0.169506,0.288784,-0.910782,0.830784,0.178073,-1.040826,0.176449,0.164051,-1.014975,0.785514,0.165398,-0.907842,0.219172,0.166295,-0.877300,0.774361,0.212065,-0.954961,0.232040,0.217557,-0.886864,0.623909,1.220109,-0.107725,0.346210,1.189194,0.111097,0.587404,1.789705,0.015599,0.338285,1.767694,0.369589,0.574199,2.282433,0.588090,0.322507,2.271117,0.793327,0.584936,2.346097,0.615391,0.317065,2.330814,0.827926,0.519938,2.452619,0.059881,0.340961,2.463922,0.273124
68.000000,4.521807,0.488431,0.320190,-0.970649,0.512275,0.257576,-0.941398,0.529098,0.256228,-0.940747,0.545697,0.255588,-0.940251,0.471779,0.259061,-0.894761,0.460621,0.258778,-0.894900,0.450005,0.259025,-0.895024,0.575313,0.266881,-0.657007,0.439212,0.267725,-0.424557,0.525027,0.369254,-0.860349,0.469836,0.366619,-0.797252,0.697924,0.518612,-0.452230,0.336848,0.494257,-0.167797,0.943318,0.676075,-0.701479,0.095281,0.638228,-0.571205,0.846681,0.288374,-0.849363,0.171337,0.297831,-1.200534,0.829781,0.182187,-0.890417,0.176328,0.176988,-1.327256,0.785830,0.166804,-0.788148,0.219057,0.181511,-1.202900,0.774419,0.212679,-0.815638,0.231890,0.229420,-1.182053,0.623080,1.209391,-0.083484,0.346169,1.176325,0.086812,0.585716,1.775052,0.055501,0.334714,1.749187,0.305524,0.567566,2.263191,0.597333,0.313564,2.253665,0.709208,0.576539,2.323707,0.622212,0.306424,2.313062,0.741004,0.514692,2.437919,0.096603,0.334767,2.446391,0.169920
69.000000,4.617055,0.488600,0.321461,-0.956860,0.512373,0.259819,-0.928323,0.529199,0.258081,-0.927670,0.545971,0.257107,-0.927199,0.471793,0.262238,-0.882352,0.460674,0.262015,-0.882429,0.450101,0.262227,-0.882665,0.575412,0.269284,-0.652198,0.439403,0.270304,-0.407312,0.525054,0.370033,-0.849912,0.469722,0.367657,-0.790579,0.697720,0.519765,-0.451592,0.338588,0.494621,-0.088404,0.942596,0.681436,-0.748744,0.095741,0.637000,-0.328776,0.845622,0.288287,-0.996111,0.172280,0.299476,-0.863455,0.828210,0.180465,-1.067452,0.176340,0.178410,-0.974639,0.785667,0.161538,-0.967729,0.218456,0.180438,-0.861072,0.774580,0.208868,-0.965918,0.231417,0.228841,-0.849266,0.621902,1.208260,-0.107251,0.346096,1.174733,0.110818,0.582643,1.770994,0.011582,0.332504,1.743939,0.345980,0.562671,2.257940,0.564037,0.307233,2.246504,0.735129,0.572069,2.319356,0.590733,0.300046,2.307493,0.765047,0.507917,2.430241,0.047969,0.325010,2.436044,0.206255
70.000000,4.680869,0.488688,0.322093,-0.959297,0.512607,0.261312,-0.933615,0.529473,0.259467,-0.933070,0.546306,0.258463,-0.932625,0.472045,0.264195,-0.880971,0.461045,0.264045,-0.881054,0.450656,0.264316,-0.881184,0.575607,0.271756,-0.660778,0.439775,0.272539,-0.400348,0.525093,0.370223,-0.854895,0.469724,0.368017,-0.785043,0.697272,0.521551,-0.461621,0.339756,0.494636,-0.086391,0.941460,0.683831,-0.777965,0.095259,0.634831,-0.342169,0.844417,0.288613,-1.041031,0.174432,0.299866,-0.896602,0.826714,0.180434,-1.115839,0.176569,0.179027,-1.011622,0.785262,0.161405,-1.017948,0.218338,0.180306,-0.897580,0.774717,0.208735,-1.011503,0.231314,0.228677,-0.882506,0.618449,1.203903,-0.115462,0.345502,1.169334,0.119023,0.578139,1.761008,-0.011117,0.329756,1.732938,0.355027,0.557367,2.245038,0.533608,0.302747,2.232417,0.746154,0.566884,2.306855,0.559189,0.295489,2.294287,0.779504,0.501821,2.415134,0.011792,0.318542,2.418159,0.211360
71.000000,4.744222,0.490281,0.320605,-0.873017,0.514478,0.261201,-0.832445,0.531091,0.259414,-0.831935,0.547413,0.258447,-0.831432,0.472948,0.264109,-0.793273,0.461782,0.264000,-0.793342,0.451379,0.264284,-0.793501,0.575495,0.272653,-0.528670,0.439828,0.273009,-0.331574,0.525257,0.369371,-0.761644,0.469802,0.366923,-0.708311,0.694809,0.521739,-0.351382,0.339719,0.495324,-0.075672,0.918773,0.683768,-0.662573,0.094968,0.634907,-0.403496,0.839088,0.293745,-0.891805,0.177316,0.301095,-0.982608,0.824057,0.184914,-0.953141,0.177514,0.179366,-1.101472,0.784773,0.164841,-0.857035,0.218216,0.181966,-0.978539,0.774542,0.212421,-0.863252,0.231277,0.231110,-0.965176,0.616201,1.193978,-0.104436,0.344734,1.162440,0.107979,0.577949,1.747966,0.004775,0.329740,1.725168,0.303282,0.557982,2.233561,0.530393,0.303332,2.223375,0.674803,0.567636,2.295497,0.553602,0.296084,2.284306,0.704067,0.502975,2.403538,0.023865,0.319572,2.410020,0.146223
72.000000,4.807541,0.490797,0.325262,-0.800770,0.514683,0.267168,-0.762631,0.531156,0.265727,-0.762073,0.547551,0.264993,-0.761574,0.473949,0.269728,-0.724646,0.463010,0.269676,-0.724796,0.452958,0.270057,-0.724937,0.575267,0.278701,-0.469911,0.441840,0.278718,-0.282936,0.525141,0.371350,-0.693198,0.470449,0.369099,-0.641891,0.691883,0.524586,-0.290047,0.341054,0.498106,-0.072209,0.916172,0.677347,-0.626718,0.098517,0.636017,-0.502157,0.834805,0.293793,-0.890041,0.182562,0.301298,-1.189523,0.820087,0.186616,-0.954825,0.180636,0.180410,-1.332200,0.782515,0.166223,-0.860327,0.218269,0.182412,-1.214315,0.772666,0.212670,-0.862616,0.231567,0.230925,-1.175585,0.609946,1.192306,-0.078159,0.344433,1.160672,0.081385,0.573174,1.741213,0.024402,0.329240,1.720315,0.246941,0.553800,2.226528,0.535446,0.303702,2.219036,0.589676,0.563385,2.288435,0.557186,0.296500,2.279133,0.614120,0.499715,2.392520,0.039165,0.320675,2.404467,0.060338
73.000000,4.870368,0.491194,0.325284,-0.768362,0.515274,0.267091,-0.735901,0.531489,0.265664,-0.735340,0.547646,0.264968,-0.734822,0.475088,0.269640,-0.694689,0.464268,0.269600,-0.694833,0.454331,0.270007,-0.694973,0.574791,0.279319,-0.463430,0.443330,0.279197,-0.262659,0.524852,0.371477,-0.667498,0.470661,0.369122,-0.611817,0.688734,0.524849,-0.286665,0.341629,0.498316,-0.069953,0.911026,0.676432,-0.643841,0.105574,0.636505,-0.518927,0.831493,0.293908,-0.901016,0.184589,0.301228,-1.197589,0.817895,0.186723,-0.958975,0.181004,0.180657,-1.337170,0.780761,0.166388,-0.873449,0.218142,0.182107,-1.218405,0.770943,0.212670,-0.865865,0.231542,0.230663,-1.183017,0.607070,1.190563,-0.067113,0.343568,1.158746,0.070268,0.571878,1.734734,0.055013,0.329016,1.713353,0.252199,0.553572,2.215378,0.549170,0.303964,2.207604,0.610463,0.563057,2.276782,0.572538,0.296692,2.267166,0.637105,0.499897,2.380223,0.053201,0.321162,2.391137,0.090344
74.000000,4.933776,0.491607,0.325809,-0.789698,0.515383,0.268252,-0.752398,0.531527,0.266772,-0.752136,0.547421,0.265974,-0.751969,0.475096,0.270677,-0.700080,0.464268,0.270704,-0.699971,0.454325,0.271136,-0.700225,0.572008,0.280568,-0.491195,0.443172,0.282051,-0.310130,0.524655,0.372615,-0.679860,0.470692,0.370365,-0.618362,0.686118,0.524216,-0.328203,0.341589,0.499300,-0.125073,0.906969,0.675197,-0.648321,0.107735,0.643121,-0.599526,0.827093,0.295966,-0.894769,0.185373,0.307467,-1.267930,0.814453,0.189801,-0.941444,0.182059,0.189441,-1.397886,0.778369,0.170857,-0.841792,0.219865,0.193297,-1.269596,0.769164,0.217050,-0.859350,0.233300,0.238065,-1.249486,0.613402,1.187326,-0.066580,0.345827,1.158533,0.069748,0.582952,1.732219,0.145880,0.338951,1.712221,0.258148,0.571204,2.206318,0.717200,0.320506,2.201226,0.668803,0.580486,2.265523,0.749011,0.313949,2.259253,0.702571,0.520411,2.374897,0.246690,0.343642,2.385207,0.172708
75.000000,5.013020,0.493263,0.327463,-0.808645,0.515442,0.270306,-0.776118,0.531595,0.268627,-0.775664,0.547178,0.267659,-0.775202,0.475390,0.273379,-0.730335,0.464489,0.273754,-0.730363,0.454477,0.274440,-0.730586,0.569541,0.282754,-0.507203,0.443145,0.285726,-0.308635,0.524711,0.374176,-0.704510,0.471262,0.373291,-0.645051,0.683263,0.522296,-0.336151,0.341796,0.503017,-0.122142,0.904415,0.670629,-0.646774,0.102227,0.645637,-0.565144,0.822572,0.296048,-0.866445,0.187448,0.307378,-1.211504,0.811192,0.190842,-0.916368,0.183568,0.188880,-1.339941,0.776641,0.172942,-0.818042,0.220337,0.193150,-1.212487,0.767041,0.218646,-0.834348,0.234270,0.238557,-1.193034,0.615802,1.184387,-0.071293,0.346339,1.157528,0.074629,0.584655,1.728124,0.070784,0.340082,1.711774,0.270608,0.574495,2.205209,0.588613,0.323151,2.200835,0.666126,0.584328,2.266318,0.612080,0.316430,2.259369,0.696351,0.524356,2.371437,0.100568,0.346302,2.383069,0.153391
76.000000,5.076277,0.494230,0.328705,-0.803485,0.515525,0.271853,-0.770661,0.531591,0.270160,-0.770141,0.546895,0.269186,-0.769524,0.475493,0.275003,-0.727942,0.464558,0.275495,-0.728043,0.454517,0.276249,-0.728266,0.567701,0.284479,-0.498218,0.443132,0.287763,-0.296239,0.524724,0.375607,-0.700902,0.471526,0.375178,-0.643785,0.680974,0.522023,-0.327237,0.341768,0.506060,-0.107001,0.902261,0.670560,-0.623156,0.098571,0.649876,-0.553615,0.820726,0.296648,-0.830132,0.188274,0.308612,-1.189394,0.809999,0.191856,-0.878102,0.184118,0.189637,-1.317154,0.775747,0.174959,-0.781521,0.220422,0.195111,-1.191568,0.765798,0.220393,-0.799258,0.234538,0.240511,-1.171469,0.617588,1.184466,-0.073656,0.346763,1.158179,0.077064,0.587113,1.727092,0.065020,0.342761,1.712968,0.278224,0.579966,2.203436,0.580366,0.329379,2.200229,0.675281,0.590515,2.265233,0.603891,0.323088,2.258786,0.706002,0.529810,2.369355,0.093241,0.352613,2.381476,0.154231
77.000000,5.140163,0.495622,0.328697,-0.976524,0.516104,0.272513,-0.927910,0.531980,0.270911,-0.927404,0.547056,0.270054,-0.926851,0.475520,0.275427,-0.901065,0.464547,0.275936,-0.901217,0.454452,0.276727,-0.901364,0.567274,0.285419,-0.576550,0.441779,0.289272,-0.442556,0.525185,0.375893,-0.847718,0.471548,0.375475,-0.810805,0.677527,0.521811,-0.383106,0.341132,0.509198,-0.202891,0.892144,0.670286,-0.703046,0.098470,0.653741,-0.632293,0.815418,0.301658,-0.985844,0.187963,0.319472,-1.249824,0.805839,0.197748,-1.049404,0.184049,0.200774,-1.376623,0.772153,0.180610,-0.955465,0.220194,0.209250,-1.256630,0.761167,0.226828,-0.958902,0.234447,0.252953,-1.231449,0.617604,1.182992,-0.073851,0.347734,1.158306,0.077134,0.587117,1.724794,0.085899,0.342700,1.711717,0.282558,0.579733,2.195791,0.637796,0.328307,2.196081,0.701280,0.589873,2.254754,0.665235,0.321958,2.253363,0.734622,0.528621,2.365007,0.148316,0.351640,2.379200,0.179763
78.000000,5.204095,0.491435,0.331033,-0.900767,0.511230,0.277605,-0.844139,0.526905,0.276152,-0.843730,0.541985,0.275282,-0.843238,0.471667,0.280453,-0.823214,0.461135,0.281108,-0.823215,0.450912,0.282279,-0.823488,0.563522,0.289663,-0.492957,0.439181,0.295265,-0.356523,0.521682,0.377276,-0.765612,0.468409,0.376359,-0.734957,0.673768,0.522034,-0.305139,0.340012,0.510288,-0.135373,0.891176,0.670370,-0.569384,0.098902,0.653718,-0.593368,0.810858,0.304183,-0.768297,0.187751,0.325161,-1.235637,0.803655,0.200570,-0.819363,0.181560,0.210569,-1.351625,0.769353,0.183445,-0.732626,0.215050,0.216254,-1.224338,0.757437,0.230384,-0.741776,0.231182,0.257997,-1.211334,0.617511,1.176308,-0.074017,0.348407,1.153283,0.077260,0.587208,1.714964,0.087576,0.343832,1.702017,0.286293,0.579204,2.182895,0.629692,0.327671,2.187324,0.697433,0.589280,2.240703,0.656771,0.321151,2.244923,0.729889,0.528086,2.353420,0.138654,0.351502,2.369954,0.177528
79.000000,5.267848,0.490160,0.331446,-0.749673,0.509755,0.278816,-0.705476,0.525204,0.277382,-0.705089,0.540069,0.276526,-0.704588,0.470230,0.281661,-0.676236,0.459722,0.282323,-0.676269,0.449463,0.283526,-0.676502,0.560760,0.290771,-0.395987,0.437320,0.296754,-0.242255,0.519983,0.377466,-0.636050,0.466980,0.376413,-0.595649,0.671172,0.522090,-0.242164,0.338442,0.511993,-0.044467,0.886205,0.675105,-0.532721,0.098867,0.654055,-0.494203,0.809239,0.310168,-0.750627,0.187262,0.327111,-1.125266,0.802419,0.203874,-0.805565,0.178984,0.212779,-1.253712,0.768455,0.187145,-0.717312,0.211407,0.218586,-1.136037,0.756618,0.234392,-0.724342,0.228500,0.260031,-1.109149,0.617958,1.172306,-0.074122,0.350745,1.151911,0.077354,0.590131,1.708124,0.092202,0.347339,1.697307,0.287505,0.583005,2.175176,0.625282,0.331426,2.182532,0.681632,0.593119,2.233069,0.652281,0.324913,2.240262,0.712446,0.533579,2.346161,0.138087,0.357243,2.365621,0.170795
80.000000,5.329671,0.489023,0.331444,-0.567042,0.508383,0.279857,-0.538384,0.523539,0.278474,-0.537950,0.538367,0.277651,-0.537576,0.469796,0.282697,-0.499889,0.459395,0.283412,-0.499912,0.449283,0.284684,-0.500175,0.558793,0.291988,-0.310562,0.437127,0.298490,-0.122664,0.518629,0.377445,-0.484483,0.466302,0.375843,-0.433277,0.669437,0.522012,-0.196192,0.338430,0.511912,0.047326,0.879793,0.671821,-0.489086,0.101941,0.653903,-0.393400,0.806644,0.309833,-0.654734,0.185368,0.326569,-0.996836,0.798813,0.203545,-0.699761,0.172798,0.211114,-1.112017,0.763115,0.186838,-0.600831,0.208328,0.216750,-0.999068,0.752265,0.234055,-0.623065,0.226856,0.259044,-0.983306,0.616690,1.170258,-0.077339,0.353436,1.150837,0.080597,0.590050,1.700038,0.036007,0.347643,1.689715,0.265227,0.582343,2.174265,0.497334,0.332045,2.171429,0.593386,0.592736,2.235074,0.517074,0.325788,2.229050,0.617077,0.532681,2.335474,0.037857,0.356741,2.350842,0.104374
81.000000,5.409440,0.486273,0.324780,-0.467263,0.504219,0.279092,-0.435123,0.518774,0.277726,-0.434611,0.533681,0.276978,-0.434229,0.468015,0.282586,-0.398492,0.457823,0.283229,-0.398387,0.447896,0.284478,-0.398593,0.554759,0.292147,-0.224129,0.436268,0.300928,-0.044963,0.516512,0.371082,-0.391911,0.464574,0.368669,-0.343786,0.668477,0.521857,-0.135635,0.337889,0.512141,0.093771,0.877570,0.667049,-0.378127,0.104409,0.652464,-0.372462,0.804640,0.313344,-0.481770,0.184665,0.329616,-0.994767,0.796619,0.206464,-0.515174,0.171117,0.214079,-1.107419,0.759956,0.190888,-0.421120,0.207827,0.221368,-0.995281,0.748741,0.237022,-0.451993,0.226703,0.262501,-0.982561,0.614618,1.157672,-0.080147,0.354809,1.143130,0.083664,0.592826,1.675787,-0.025899,0.350872,1.668447,0.268466,0.583949,2.148290,0.395037,0.335706,2.142182,0.603300,0.594673,2.208915,0.411712,0.329761,2.201931,0.627378,0.538407,2.303575,-0.069056,0.357084,2.308627,0.113273
82.000000,5.471297,0.485324,0.320048,-0.520821,0.502962,0.277631,-0.489732,0.517160,0.276334,-0.489216,0.532003,0.275728,-0.488861,0.467762,0.281796,-0.453638,0.457667,0.282844,-0.453416,0.447820,0.284430,-0.453653,0.553187,0.292132,-0.268890,0.436246,0.301291,-0.090376,0.515793,0.367268,-0.440564,0.464236,0.363603,-0.392359,0.668339,0.519777,-0.151197,0.338072,0.511393,0.053556,0.878958,0.664076,-0.374544,0.109969,0.650610,-0.415882,0.804007,0.317347,-0.458922,0.184547,0.332652,-1.037050,0.796500,0.209300,-0.489388,0.169454,0.217409,-1.160420,0.758861,0.194141,-0.389632,0.207897,0.225653,-1.035521,0.747343,0.241019,-0.426080,0.226940,0.266450,-1.019515,0.610756,1.153665,-0.081193,0.354816,1.138335,0.084853,0.592678,1.668613,-0.023601,0.351968,1.659856,0.255713,0.583833,2.138937,0.428231,0.335875,2.128401,0.607757,0.594569,2.199655,0.447319,0.329820,2.188860,0.633072,0.537551,2.291046,-0.035332,0.356647,2.290185,0.115949
83.000000,5.534113,0.485040,0.321369,-0.552412,0.502859,0.278825,-0.519943,0.517079,0.277672,-0.519445,0.531879,0.277218,-0.519029,0.467480,0.282749,-0.483795,0.457419,0.283910,-0.483805,0.447684,0.285646,-0.484035,0.553011,0.294260,-0.286734,0.436223,0.303174,-0.110899,0.515461,0.368475,-0.468542,0.464134,0.364955,-0.420722,0.667912,0.520502,-0.175579,0.338072,0.511333,0.045599,0.875481,0.664561,-0.452672,0.116951,0.650109,-0.413567,0.800836,0.321248,-0.600731,0.184464,0.332157,-1.037038,0.791834,0.214286,-0.642790,0.169534,0.217489,-1.159040,0.754900,0.198076,-0.545866,0.207116,0.224392,-1.043660,0.743437,0.245407,-0.569673,0.225775,0.265617,-1.023150,0.607175,1.146706,-0.072342,0.353926,1.128295,0.075705,0.588140,1.657892,0.037740,0.348879,1.642344,0.250203,0.581467,2.123111,0.463650,0.334209,2.114693,0.579250,0.592125,2.182902,0.486415,0.328533,2.172889,0.601464,0.535181,2.280331,0.011939,0.356532,2.284377,0.093389
84.000000,5.627949,0.485867,0.321919,-0.598019,0.503316,0.280883,-0.558254,0.517577,0.280051,-0.557821,0.532315,0.279895,-0.557392,0.467828,0.284137,-0.527599,0.457677,0.285298,-0.527652,0.447938,0.287070,-0.527888,0.553153,0.298590,-0.289720,0.436228,0.306023,-0.141851,0.516004,0.369537,-0.503473,0.464354,0.365109,-0.462140,0.664987,0.521159,-0.175385,0.337301,0.511384,0.029106,0.871651,0.664686,-0.478648,0.119869,0.650938,-0.457636,0.797021,0.324338,-0.765763,0.185136,0.335520,-1.089383,0.787858,0.217670,-0.826865,0.169771,0.221903,-1.215686,0.752550,0.201149,-0.727129,0.207738,0.228882,-1.111286,0.741437,0.247919,-0.736836,0.226418,0.269709,-1.078759,0.601886,1.149045,-0.070539,0.353872,1.063964,0.073757,0.578575,1.660415,0.042513,0.342253,1.645678,0.251229,0.569751,2.124669,0.484756,0.327957,2.116068,0.584346,0.579584,2.185638,0.507071,0.322322,2.173943,0.608056,0.525089,2.281119,0.022592,0.351916,2.287609,0.099476
85.000000,5.690701,0.483058,0.332322,-0.619142,0.502441,0.289770,-0.582053,0.516933,0.289246,-0.581611,0.531610,0.289165,-0.581178,0.465974,0.291630,-0.547681,0.455940,0.292266,-0.547743,0.446334,0.293432,-0.547986,0.552307,0.304024,-0.317210,0.435898,0.308817,-0.151016,0.513685,0.380657,-0.525265,0.462188,0.373901,-0.479497,0.663887,0.524087,-0.178433,0.338048,0.512211,0.035750,0.869010,0.664066,-0.519812,0.119217,0.650529,-0.372943,0.794785,0.324356,-0.750507,0.185076,0.335258,-0.917230,0.786969,0.219267,-0.805462,0.169813,0.220966,-1.031855,0.752177,0.204819,-0.707381,0.207806,0.227760,-0.917645,0.741244,0.250634,-0.720988,0.226283,0.268951,-0.902862,0.599812,1.149466,-0.082201,0.355888,1.046652,0.085014,0.571266,1.656302,0.002610,0.338603,1.642255,0.282658,0.561820,2.117657,0.423144,0.324582,2.108484,0.587564,0.573448,2.179122,0.440673,0.319427,2.165063,0.614542,0.512620,2.272369,-0.030414,0.347022,2.282963,0.134856
86.000000,5.751541,0.482875,0.337783,-0.515346,0.502365,0.296170,-0.477527,0.516902,0.295971,-0.477136,0.531502,0.296109,-0.476748,0.465765,0.297348,-0.444245,0.455717,0.297933,-0.444140,0.446173,0.298983,-0.444418,0.552053,0.310645,-0.228306,0.435802,0.314012,-0.064187,0.513266,0.385923,-0.427137,0.461847,0.379468,-0.382963,0.663342,0.526226,-0.145804,0.339314,0.514918,0.092238,0.866350,0.662061,-0.480787,0.133557,0.650868,-0.385245,0.793336,0.327692,-0.692510,0.188112,0.338687,-0.984629,0.784495,0.223937,-0.744165,0.173580,0.227072,-1.119709,0.750881,0.208465,-0.653161,0.209879,0.232500,-1.022734,0.740404,0.253609,-0.664066,0.227761,0.273181,-0.984017,0.600462,1.142469,-0.081959,0.358201,1.058160,0.084800,0.573582,1.643450,0.021924,0.345027,1.629949,0.282238,0.566205,2.100705,0.449935,0.329118,2.094305,0.593967,0.578897,2.159823,0.468286,0.323665,2.149902,0.618248,0.515251,2.255614,-0.007250,0.350967,2.265542,0.133198
87.000000,5.814316,0.482100,0.337562,-0.554062,0.501400,0.296545,-0.518576,0.515578,0.296115,-0.518134,0.530025,0.296092,-0.517689,0.465727,0.298389,-0.481709,0.455738,0.299186,-0.481700,0.446211,0.300421,-0.481903,0.550559,0.311810,-0.272439,0.436840,0.317407,-0.094366,0.512392,0.385589,-0.466638,0.461855,0.379353,-0.418211,0.662492,0.530231,-0.169912,0.340742,0.515153,0.063554,0.858413,0.682787,-0.491645,0.145825,0.647723,-0.412835,0.788270,0.328580,-0.688740,0.190755,0.339022,-1.064532,0.778466,0.224222,-0.735591,0.174995,0.226488,-1.185784,0.747376,0.208258,-0.640780,0.210456,0.232266,-1.089566,0.735755,0.253016,-0.658475,0.228931,0.273860,-1.060703,0.599238,1.142629,-0.081925,0.358216,1.089361,0.084778,0.572840,1.646266,0.023145,0.345077,1.632410,0.284734,0.564542,2.102176,0.445094,0.329464,2.092546,0.600674,0.577307,2.161805,0.462028,0.324122,2.148105,0.625606,0.514127,2.252387,-0.000644,0.350816,2.260156,0.142446
88.000000,5.876141,0.485131,0.337095,-0.551861,0.502456,0.295846,-0.512937,0.516052,0.295382,-0.512468,0.530167,0.295386,-0.512017,0.468275,0.297890,-0.480728,0.458176,0.298924,-0.480753,0.448444,0.300623,-0.480948,0.550559,0.313024,-0.263961,0.437331,0.320904,-0.105188,0.514101,0.384867,-0.463795,0.465437,0.379030,-0.421384,0.662491,0.535272,-0.161242,0.341759,0.516031,0.055773,0.858827,0.686271,-0.469579,0.149830,0.643879,-0.447297,0.786529,0.329479,-0.643743,0.192086,0.339115,-1.082792,0.777794,0.227038,-0.685417,0.175065,0.226583,-1.201600,0.746477,0.209984,-0.589768,0.210438,0.232574,-1.107440,0.734227,0.253677,-0.613799,0.229187,0.274872,-1.078159,0.598595,1.144893,-0.076840,0.358125,1.109358,0.079721,0.572579,1.648530,0.039525,0.345175,1.634345,0.270613,0.563451,2.102602,0.453989,0.329597,2.090330,0.585212,0.575502,2.163023,0.469438,0.324220,2.145748,0.608302,0.514556,2.249568,0.033053,0.350745,2.255658,0.122375
89.000000,5.940142,0.486347,0.340647,-0.524970,0.503965,0.300093,-0.480926,0.517639,0.299710,-0.480485,0.531455,0.299801,-0.480068,0.469396,0.301979,-0.456644,0.459170,0.302964,-0.456557,0.449556,0.304528,-0.456880,0.550634,0.317562,-0.218012,0.438173,0.324095,-0.095902,0.515532,0.387565,-0.432063,0.466325,0.381924,-0.400063,0.660121,0.537187,-0.102053,0.342151,0.516688,0.040559,0.854606,0.685385,-0.314430,0.146016,0.645932,-0.501690,0.786549,0.331948,-0.423457,0.194080,0.345754,-1.153510,0.778159,0.230352,-0.446692,0.180921,0.238026,-1.272812,0.746775,0.214733,-0.365357,0.214726,0.245355,-1.175240,0.734796,0.256264,-0.396074,0.231257,0.285474,-1.143459,0.594930,1.144843,-0.057353,0.355791,1.110027,0.060146,0.570456,1.637762,0.062327,0.341475,1.619266,0.203603,0.558061,2.082696,0.461555,0.325858,2.067185,0.510036,0.568065,2.139145,0.475490,0.319581,2.119759,0.530328,0.513110,2.231069,0.052453,0.349656,2.232071,0.040449
90.000000,6.016776,0.492653,0.340970,-0.513351,0.509274,0.302492,-0.465897,0.523120,0.302472,-0.465421,0.536512,0.303076,-0.464864,0.474097,0.304300,-0.441853,0.463280,0.305599,-0.441878,0.453457,0.307447,-0.442092,0.552852,0.323603,-0.197709,0.440464,0.329517,-0.079368,0.521330,0.388177,-0.420132,0.471319,0.382950,-0.388896,0.660258,0.541552,-0.095554,0.345995,0.522075,0.037270,0.843143,0.685975,-0.381046,0.147142,0.646124,-0.491530,0.780838,0.336112,-0.551136,0.200171,0.345516,-1.128381,0.773197,0.235729,-0.589085,0.187942,0.238370,-1.239238,0.744988,0.219836,-0.499001,0.221162,0.245251,-1.167254,0.732657,0.260271,-0.522277,0.237099,0.284973,-1.126238,0.592261,1.146508,-0.057392,0.355542,1.115910,0.060186,0.563706,1.638839,0.057769,0.339498,1.621221,0.218578,0.545994,2.081731,0.445475,0.320949,2.069323,0.525449,0.554075,2.138423,0.460053,0.314781,2.122338,0.546789,0.503357,2.228368,0.025317,0.340681,2.233795,0.056163
91.000000,6.079661,0.496238,0.341027,-0.513678,0.512511,0.303519,-0.465072,0.526431,0.303659,-0.464597,0.539602,0.304494,-0.464019,0.476907,0.305332,-0.441469,0.465765,0.306802,-0.441517,0.455802,0.308811,-0.441718,0.554364,0.326347,-0.193139,0.441867,0.332077,-0.076962,0.524606,0.388404,-0.419456,0.474167,0.383454,-0.388843,0.660388,0.544110,-0.093876,0.348071,0.524886,0.035095,0.839163,0.686201,-0.395231,0.147527,0.646299,-0.482784,0.778379,0.338731,-0.585512,0.203078,0.345401,-1.120095,0.771085,0.238727,-0.625796,0.191045,0.238640,-1.227294,0.743986,0.222758,-0.535920,0.224151,0.245293,-1.160312,0.731475,0.262821,-0.557756,0.240030,0.284767,-1.123011,0.590930,1.147508,-0.057295,0.355273,1.119300,0.060075,0.560664,1.639077,0.057057,0.338142,1.621825,0.224103,0.541460,2.080645,0.445642,0.318083,2.069603,0.531144,0.548961,2.137352,0.460859,0.311944,2.122763,0.552827,0.499534,2.227149,0.020108,0.336345,2.233855,0.062150
92.000000,6.141488,0.499884,0.334089,-0.448719,0.513356,0.301920,-0.394510,0.526732,0.302475,-0.393957,0.539756,0.303856,-0.393369,0.480408,0.304309,-0.379395,0.469816,0.306466,-0.379581,0.460111,0.308464,-0.379730,0.554375,0.325855,-0.128285,0.444109,0.333208,-0.054591,0.527456,0.380972,-0.358074,0.479642,0.377580,-0.339677,0.658231,0.542097,-0.034025,0.349288,0.528754,0.006681,0.837440,0.672099,-0.324195,0.156428,0.646329,-0.504691,0.775700,0.343641,-0.573804,0.204215,0.348660,-1.120492,0.770183,0.242298,-0.618360,0.193173,0.244792,-1.234201,0.741423,0.226297,-0.540693,0.226737,0.250379,-1.160005,0.726764,0.267289,-0.554141,0.243071,0.288954,-1.119153,0.590985,1.147697,-0.037735,0.356440,1.120253,0.040500,0.561004,1.635028,0.069260,0.342799,1.621223,0.171395,0.542067,2.076659,0.457979,0.326200,2.069357,0.451619,0.551633,2.133402,0.472983,0.320171,2.122130,0.469149,0.511229,2.218700,0.048590,0.343442,2.228073,-0.025787
93.000000,6.205335,0.499661,0.342672,-0.473305,0.513414,0.310136,-0.424499,0.526935,0.310084,-0.424093,0.540007,0.310706,-0.423700,0.480110,0.312566,-0.408663,0.469521,0.314197,-0.408694,0.459823,0.315878,-0.408996,0.555160,0.329650,-0.145529,0.444071,0.337885,-0.067649,0.528107,0.387452,-0.374655,0.479304,0.384641,-0.355547,0.658691,0.541452,-0.026400,0.353775,0.529116,0.006685,0.836932,0.660062,-0.276765,0.159763,0.647045,-0.518705,0.774002,0.346758,-0.446914,0.206519,0.354110,-1.153172,0.769094,0.244807,-0.473947,0.196389,0.253268,-1.270389,0.741161,0.228905,-0.398816,0.228315,0.256701,-1.186178,0.726202,0.270207,-0.423725,0.244127,0.293344,-1.146070,0.590215,1.142004,-0.031324,0.357226,1.064861,0.033906,0.561876,1.620880,0.068185,0.342819,1.600622,0.139972,0.543549,2.060752,0.435866,0.326139,2.048133,0.402193,0.551691,2.116694,0.448469,0.320069,2.100048,0.418392,0.510734,2.204730,0.030268,0.344016,2.208843,-0.056345
94.000000,6.269121,0.499383,0.351206,-0.485458,0.513358,0.317221,-0.438507,0.526906,0.317017,-0.438120,0.539995,0.317444,-0.437757,0.479886,0.319624,-0.422109,0.469301,0.320984,-0.422111,0.459609,0.322456,-0.422442,0.555241,0.334688,-0.154976,0.444031,0.343023,-0.073987,0.527946,0.394651,-0.383539,0.478959,0.392059,-0.363532,0.658649,0.540507,-0.027168,0.355392,0.529226,0.001665,0.833485,0.654352,-0.271168,0.164424,0.648539,-0.546636,0.772743,0.348942,-0.434736,0.208102,0.357224,-1.209221,0.768537,0.247806,-0.460196,0.198285,0.256378,-1.328338,0.740665,0.231464,-0.381360,0.229549,0.259046,-1.245626,0.725417,0.272832,-0.409984,0.245212,0.294974,-1.202527,0.589802,1.142092,-0.033378,0.358177,1.052064,0.035906,0.562412,1.618166,0.069985,0.344154,1.598754,0.162017,0.544662,2.057364,0.442084,0.327809,2.045514,0.448242,0.552923,2.112627,0.456002,0.321625,2.097172,0.467701,0.511553,2.203614,0.030641,0.347649,2.206238,-0.012445
95.000000,6.330979,0.500255,0.353553,-0.496268,0.513990,0.318586,-0.442876,0.527193,0.318527,-0.442507,0.540077,0.319150,-0.442222,0.481252,0.320948,-0.435753,0.470625,0.322448,-0.435637,0.460896,0.324180,-0.435999,0.555021,0.338105,-0.168055,0.445257,0.345460,-0.086874,0.527800,0.397824,-0.394790,0.479809,0.395334,-0.374593,0.658070,0.542301,-0.039294,0.355147,0.532627,-0.024376,0.832302,0.663892,-0.275658,0.162669,0.653232,-0.599069,0.771209,0.356375,-0.443095,0.210970,0.358130,-1.279832,0.767740,0.255078,-0.467812,0.199722,0.256307,-1.402160,0.739927,0.237478,-0.385743,0.230420,0.259425,-1.315122,0.723996,0.279114,-0.417335,0.246236,0.295539,-1.273017,0.593132,1.149049,-0.033857,0.359335,1.111329,0.036443,0.572350,1.620549,0.112548,0.348944,1.607483,0.201702,0.560267,2.062615,0.551962,0.335038,2.047867,0.574291,0.564764,2.118645,0.573223,0.328646,2.098557,0.603242,0.530593,2.204929,0.131835,0.358987,2.208930,0.108489
96.000000,6.425766,0.500100,0.352867,-0.496702,0.513968,0.318018,-0.446294,0.527036,0.317871,-0.445884,0.539869,0.318416,-0.445536,0.481434,0.320527,-0.431461,0.471102,0.322079,-0.431380,0.461687,0.323933,-0.431669,0.555027,0.338103,-0.174671,0.446540,0.346080,-0.083720,0.527683,0.397451,-0.399560,0.480093,0.394728,-0.376195,0.659155,0.542048,-0.054126,0.356057,0.533501,-0.008553,0.833831,0.653791,-0.309108,0.162651,0.653209,-0.526126,0.770202,0.355371,-0.478798,0.211522,0.358609,-1.138548,0.766427,0.254232,-0.511489,0.202027,0.257945,-1.250905,0.738127,0.238143,-0.426197,0.232630,0.260365,-1.169163,0.723011,0.278472,-0.452746,0.247532,0.295648,-1.133000,0.589324,1.145302,-0.043684,0.359740,1.065975,0.046387,0.568356,1.615756,0.038014,0.349204,1.602601,0.202554,0.556873,2.056066,0.421436,0.334907,2.041243,0.547413,0.562883,2.113602,0.435087,0.328701,2.093385,0.570933,0.525260,2.192719,0.000695,0.358074,2.196334,0.106160
97.000000,6.487578,0.499963,0.352988,-0.499276,0.513901,0.318526,-0.450577,0.526836,0.318292,-0.450159,0.539602,0.318745,-0.449798,0.481441,0.321164,-0.433036,0.471242,0.322748,-0.432952,0.461963,0.324665,-0.433232,0.554988,0.338684,-0.179734,0.447201,0.347019,-0.083979,0.527601,0.397328,-0.403233,0.480190,0.394919,-0.378413,0.659615,0.541843,-0.061237,0.356592,0.533549,-0.002286,0.834785,0.649311,-0.321919,0.162844,0.652633,-0.510956,0.769636,0.354410,-0.480134,0.211604,0.359419,-1.122519,0.765761,0.253891,-0.513359,0.202989,0.259588,-1.234766,0.737103,0.238670,-0.426089,0.233834,0.261729,-1.151274,0.722335,0.278316,-0.453333,0.248351,0.296323,-1.116425,0.587349,1.142967,-0.050010,0.359984,1.052345,0.052759,0.565895,1.612501,0.024649,0.349137,1.598606,0.208033,0.554258,2.051418,0.407328,0.334600,2.036284,0.542876,0.561118,2.109177,0.421078,0.328415,2.088839,0.565835,0.520872,2.187262,-0.015109,0.356597,2.189809,0.091940
98.000000,6.551407,0.499960,0.353413,-0.487654,0.513879,0.319035,-0.439904,0.526796,0.318699,-0.439482,0.539559,0.319063,-0.439075,0.481351,0.321787,-0.424990,0.471149,0.323381,-0.424941,0.461859,0.325370,-0.425248,0.554888,0.339288,-0.165911,0.447176,0.348232,-0.084098,0.527553,0.397893,-0.389716,0.480284,0.395579,-0.369611,0.659681,0.541777,-0.047994,0.356893,0.533179,-0.019170,0.834951,0.642051,-0.326987,0.168817,0.651067,-0.566826,0.769044,0.356173,-0.527009,0.212181,0.359125,-1.207518,0.764379,0.259449,-0.564429,0.202977,0.258971,-1.327749,0.735570,0.244199,-0.481416,0.233768,0.261648,-1.241730,0.721016,0.282586,-0.502752,0.248471,0.296589,-1.200024,0.589141,1.141292,-0.032482,0.360144,1.089153,0.035018,0.568652,1.611105,0.141169,0.349944,1.597853,0.206791,0.557485,2.043474,0.595876,0.335725,2.037074,0.549201,0.562368,2.096953,0.619932,0.329474,2.088505,0.573798,0.527211,2.188372,0.188387,0.360151,2.193530,0.088553
99.000000,6.613255,0.496855,0.360412,-0.444848,0.510758,0.326085,-0.405837,0.523958,0.325653,-0.405460,0.537338,0.325831,-0.405117,0.478351,0.328955,-0.383914,0.468446,0.330503,-0.383756,0.459459,0.332326,-0.384107,0.554373,0.345039,-0.163998,0.446602,0.354271,-0.056714,0.525115,0.404495,-0.360217,0.478167,0.402940,-0.331271,0.659754,0.543127,-0.055023,0.357190,0.536137,0.036457,0.833071,0.640158,-0.297215,0.168771,0.652431,-0.456749,0.765580,0.355541,-0.378252,0.213596,0.361948,-1.067316,0.762732,0.258955,-0.404457,0.204112,0.264369,-1.178761,0.732687,0.244375,-0.318930,0.233931,0.267493,-1.092480,0.718191,0.282241,-0.349361,0.248724,0.301785,-1.060373,0.587828,1.141048,-0.036745,0.360490,1.104898,0.039370,0.568655,1.607915,0.045920,0.351387,1.596591,0.206883,0.557553,2.040446,0.410838,0.337501,2.033106,0.524211,0.562994,2.094855,0.423810,0.331732,2.085072,0.545165,0.526695,2.184039,0.003793,0.360207,2.187088,0.086735
100.000000,6.676090,0.494652,0.364266,-0.436745,0.508578,0.329777,-0.399187,0.521915,0.329279,-0.398816,0.535658,0.329354,-0.398474,0.476351,0.332715,-0.375818,0.466656,0.334230,-0.375649,0.457867,0.335974,-0.376001,0.553897,0.347942,-0.163973,0.446185,0.357366,-0.048645,0.523289,0.408170,-0.353826,0.476675,0.406825,-0.322925,0.659835,0.543802,-0.058884,0.357485,0.538077,0.049755,0.831924,0.638845,-0.295090,0.168756,0.653287,-0.438341,0.763822,0.355098,-0.375435,0.214429,0.363868,-1.051075,0.761651,0.258733,-0.402652,0.204782,0.267443,-1.162722,0.731124,0.244657,-0.317039,0.234035,0.270806,-1.076701,0.716779,0.282101,-0.346634,0.248869,0.304874,-1.044393,0.587455,1.141053,-0.040605,0.361042,1.112279,0.043312,0.568764,1.606859,0.020296,0.352787,1.596503,0.206962,0.557935,2.039645,0.381080,0.339122,2.032206,0.519070,0.564040,2.094510,0.393423,0.333686,2.084385,0.539448,0.525946,2.182694,-0.030215,0.360640,2.185652,0.082756
101.000000,6.739894,0.492267,0.371972,-0.451267,0.506637,0.336170,-0.410353,0.520155,0.335314,-0.409944,0.534101,0.334913,-0.409524,0.474194,0.339028,-0.385938,0.464723,0.340030,-0.385911,0.456192,0.341217,-0.386166,0.552898,0.349967,-0.166841,0.445782,0.359857,-0.049500,0.520975,0.413655,-0.364670,0.474595,0.412430,-0.334871,0.659754,0.542857,-0.046253,0.358332,0.538027,0.046333,0.829760,0.636793,-0.256317,0.175285,0.652788,-0.440778,0.761918,0.354928,-0.363688,0.214688,0.369385,-1.064086,0.761036,0.258295,-0.383236,0.205357,0.273885,-1.185428,0.731286,0.244521,-0.300006,0.234540,0.277627,-1.097472,0.716932,0.281921,-0.335448,0.249247,0.310977,-1.060392,0.588401,1.122777,-0.034653,0.364896,1.053314,0.037250,0.570533,1.586467,0.024546,0.357738,1.573784,0.170467,0.557921,2.019353,0.394335,0.340992,2.013625,0.469658,0.563927,2.071237,0.407991,0.334967,2.064523,0.489152,0.525356,2.164079,-0.014653,0.363479,2.167743,0.031365
102.000000,6.817688,0.492016,0.379536,-0.534322,0.506244,0.342421,-0.490730,0.519772,0.341836,-0.490368,0.533670,0.341677,-0.490002,0.473647,0.344383,-0.474244,0.464200,0.345040,-0.474226,0.455699,0.345838,-0.474614,0.552223,0.354160,-0.207531,0.445513,0.362476,-0.121050,0.520424,0.420547,-0.431306,0.474485,0.418426,-0.409215,0.657488,0.543773,-0.050801,0.358329,0.537880,-0.019372,0.827124,0.639617,-0.266854,0.174231,0.653846,-0.536298,0.760881,0.355925,-0.397109,0.214640,0.372068,-1.165761,0.759624,0.259774,-0.420972,0.205351,0.274336,-1.284581,0.730883,0.246501,-0.340858,0.234466,0.277746,-1.198709,0.716642,0.284903,-0.370847,0.249213,0.311516,-1.158019,0.587728,1.124790,-0.023568,0.364836,1.045924,0.026037,0.568442,1.589074,0.041608,0.357121,1.574846,0.147589,0.553516,2.019283,0.403046,0.338815,2.011344,0.431940,0.559489,2.071837,0.416062,0.332519,2.061773,0.450978,0.516254,2.163701,-0.007598,0.362743,2.168439,-0.002679
103.000000,6.881445,0.492016,0.382834,-0.546083,0.506165,0.345243,-0.502215,0.519689,0.344732,-0.501853,0.533540,0.344660,-0.501496,0.473465,0.347050,-0.486686,0.463990,0.347658,-0.486657,0.455471,0.348372,-0.487062,0.551883,0.356358,-0.215609,0.445293,0.364187,-0.133997,0.520310,0.423549,-0.442126,0.474483,0.421490,-0.420987,0.656355,0.544132,-0.053162,0.358307,0.537783,-0.034097,0.825564,0.641840,-0.268172,0.173483,0.654074,-0.554610,0.760594,0.356608,-0.407620,0.214577,0.373194,-1.182923,0.759063,0.260789,-0.431938,0.205301,0.274445,-1.299852,0.730672,0.247716,-0.354004,0.234402,0.277754,-1.214589,0.716508,0.286699,-0.382309,0.249191,0.311778,-1.174486,0.587344,1.126032,-0.018429,0.364754,1.043658,0.020853,0.567447,1.589848,0.053778,0.356939,1.574702,0.140064,0.551145,2.018220,0.408896,0.337371,2.009961,0.423309,0.556879,2.070586,0.422148,0.330777,2.060166,0.442246,0.512213,2.163100,-0.003916,0.362322,2.168187,-0.012276
104.000000,6.945391,0.492015,0.381560,-0.506881,0.505919,0.344154,-0.462500,0.519424,0.343582,-0.462179,0.533267,0.343448,-0.461829,0.473253,0.346274,-0.449013,0.463760,0.347059,-0.448875,0.455201,0.347964,-0.449319,0.551355,0.355777,-0.187698,0.444629,0.364477,-0.114410,0.520196,0.422538,-0.407557,0.474434,0.421025,-0.388468,0.656425,0.536594,-0.049937,0.358284,0.537727,-0.025340,0.825866,0.624157,-0.256408,0.176864,0.651924,-0.552392,0.758932,0.356579,-0.372079,0.214777,0.373763,-1.193284,0.756808,0.262168,-0.393140,0.205501,0.275152,-1.306166,0.728650,0.248674,-0.312290,0.234999,0.278771,-1.225199,0.715157,0.286999,-0.344432,0.249643,0.312591,-1.186508,0.591673,1.121348,-0.021333,0.369289,1.037140,0.023825,0.575943,1.579579,0.071322,0.363062,1.571037,0.176681,0.562323,2.006139,0.466864,0.347995,2.006534,0.515295,0.566712,2.056243,0.484938,0.342014,2.056209,0.539312,0.527712,2.154326,0.067727,0.374101,2.163596,0.080312
105.000000,7.006252,0.492023,0.380971,-0.513087,0.505887,0.343434,-0.470088,0.519428,0.342807,-0.469791,0.533270,0.342622,-0.469484,0.472841,0.345749,-0.453038,0.463204,0.346654,-0.452873,0.454580,0.347668,-0.453329,0.551275,0.355313,-0.200952,0.443977,0.364365,-0.111390,0.520261,0.422474,-0.415450,0.474427,0.421450,-0.391884,0.656455,0.536534,-0.069930,0.358591,0.539123,-0.024999,0.825585,0.625040,-0.259477,0.176175,0.650112,-0.548068,0.759010,0.357009,-0.323971,0.214849,0.373442,-1.184208,0.756862,0.262661,-0.334988,0.205440,0.274838,-1.286426,0.728381,0.250083,-0.253362,0.234958,0.278672,-1.195480,0.714898,0.288180,-0.294017,0.249613,0.312621,-1.171269,0.594143,1.120247,-0.022816,0.370026,1.038550,0.025059,0.578691,1.576258,0.102510,0.364559,1.567643,0.208554,0.568288,1.997651,0.520417,0.351435,1.997166,0.563890,0.574261,2.047549,0.540579,0.346006,2.046000,0.590246,0.530575,2.146441,0.124703,0.378582,2.154745,0.135956
106.000000,7.069005,0.491025,0.380331,-0.521777,0.504343,0.342994,-0.478004,0.517894,0.342317,-0.477716,0.531937,0.342088,-0.477388,0.471465,0.345632,-0.458436,0.461980,0.346735,-0.458253,0.453433,0.347953,-0.458692,0.550429,0.355318,-0.206246,0.443165,0.365294,-0.109568,0.520012,0.422241,-0.423506,0.473729,0.421509,-0.396500,0.656478,0.537108,-0.079532,0.358937,0.542460,-0.023923,0.824825,0.627428,-0.276512,0.175684,0.651430,-0.542022,0.758519,0.357123,-0.342514,0.214836,0.373744,-1.181519,0.756537,0.263469,-0.360786,0.205346,0.274829,-1.290373,0.728195,0.251006,-0.280674,0.234816,0.279228,-1.202305,0.714714,0.288703,-0.315462,0.249401,0.313496,-1.171161,0.595026,1.121109,-0.029024,0.370615,1.039773,0.031149,0.579804,1.577357,0.110480,0.365737,1.569165,0.235809,0.571945,1.996399,0.544777,0.354850,1.996045,0.601856,0.579110,2.046394,0.566441,0.349833,2.044237,0.629804,0.533323,2.143794,0.151175,0.382879,2.153576,0.174248
107.000000,7.130865,0.485983,0.380168,-0.392343,0.499621,0.342844,-0.361632,0.512363,0.342039,-0.361316,0.526037,0.341725,-0.361012,0.469026,0.345878,-0.335113,0.460157,0.346982,-0.335042,0.451910,0.348213,-0.335397,0.545662,0.355259,-0.158855,0.442829,0.365609,-0.027566,0.513984,0.421838,-0.320620,0.470358,0.421124,-0.285348,0.654509,0.537134,-0.071922,0.359138,0.543834,0.059487,0.820340,0.627216,-0.277481,0.174611,0.651563,-0.390339,0.756631,0.355307,-0.368068,0.214928,0.373825,-0.970494,0.755236,0.263350,-0.413458,0.206304,0.275458,-1.078088,0.727083,0.250839,-0.346122,0.235848,0.280381,-0.999012,0.713517,0.288114,-0.352232,0.249724,0.314470,-0.965305,0.590586,1.121313,-0.046502,0.370594,1.080186,0.048830,0.571935,1.574755,0.011762,0.363830,1.567596,0.209977,0.562890,1.996126,0.356276,0.354712,1.991955,0.466606,0.573135,2.048138,0.367702,0.348860,2.039890,0.482693,0.522737,2.133738,-0.037706,0.378043,2.146309,0.044931
108.000000,7.224572,0.486510,0.383219,-0.428250,0.500699,0.345123,-0.395545,0.513747,0.344253,-0.395335,0.527290,0.343852,-0.395057,0.469264,0.347973,-0.377864,0.460268,0.348824,-0.377874,0.451969,0.349786,-0.378234,0.546080,0.355774,-0.166593,0.442815,0.365577,-0.062954,0.514393,0.424017,-0.343697,0.470418,0.422695,-0.319475,0.653480,0.537159,-0.073267,0.359316,0.543680,0.038742,0.818339,0.626849,-0.295819,0.170442,0.651562,-0.411669,0.756627,0.355017,-0.431222,0.214829,0.374175,-1.044289,0.755292,0.263314,-0.468751,0.206165,0.275454,-1.155128,0.727212,0.250718,-0.397761,0.235963,0.280519,-1.071521,0.713543,0.288000,-0.412492,0.249928,0.315073,-1.037301,0.587536,1.119345,-0.046230,0.369348,1.046879,0.048571,0.560686,1.569830,0.024975,0.354764,1.557382,0.202077,0.544816,1.987752,0.378271,0.335847,1.978492,0.473120,0.553980,2.040558,0.392846,0.329845,2.026634,0.492169,0.500664,2.125431,-0.021950,0.356294,2.134917,0.046234
109.000000,7.286449,0.486616,0.384357,-0.444794,0.501022,0.346116,-0.408932,0.514181,0.345257,-0.408648,0.527709,0.344873,-0.408343,0.469331,0.348840,-0.388387,0.460304,0.349595,-0.388304,0.451987,0.350478,-0.388684,0.546193,0.356264,-0.170565,0.442801,0.365648,-0.069465,0.514479,0.425139,-0.357117,0.470460,0.423174,-0.328842,0.652840,0.537950,-0.073342,0.359437,0.543606,0.031008,0.817001,0.627654,-0.312185,0.167748,0.651439,-0.442978,0.756633,0.354997,-0.475113,0.214717,0.374354,-1.056089,0.755449,0.263240,-0.512136,0.206140,0.275421,-1.167741,0.727402,0.250697,-0.439632,0.236236,0.280776,-1.082679,0.713572,0.287938,-0.455511,0.250162,0.315629,-1.048412,0.584752,1.119375,-0.046393,0.367767,1.035128,0.048742,0.555037,1.569397,0.030508,0.348882,1.553885,0.199237,0.536626,1.985802,0.396517,0.326847,1.972395,0.475020,0.545346,2.039179,0.412195,0.320743,2.020710,0.494951,0.492016,2.122831,-0.017407,0.346061,2.129261,0.047093
110.000000,7.348792,0.486458,0.388559,-0.501762,0.501102,0.348942,-0.468279,0.514327,0.348026,-0.467960,0.527865,0.347562,-0.467602,0.469107,0.351465,-0.445139,0.460036,0.352023,-0.445054,0.451681,0.352688,-0.445465,0.546232,0.356827,-0.219854,0.442786,0.365942,-0.103953,0.514473,0.429222,-0.411230,0.470095,0.426322,-0.379254,0.652904,0.538391,-0.085950,0.362348,0.543561,0.013323,0.816985,0.628243,-0.311392,0.169811,0.651227,-0.455258,0.756700,0.353813,-0.419875,0.214808,0.374290,-1.061368,0.755603,0.263163,-0.445721,0.205994,0.275108,-1.172548,0.727694,0.250651,-0.370198,0.235700,0.279798,-1.085854,0.714004,0.287687,-0.396711,0.249783,0.315446,-1.053101,0.584707,1.121459,-0.045156,0.369098,1.034263,0.047555,0.555748,1.569957,0.037611,0.349115,1.555540,0.173487,0.537864,1.988741,0.404940,0.327624,1.976764,0.447780,0.546266,2.041965,0.418908,0.321493,2.025395,0.466957,0.493617,2.127153,0.001486,0.347658,2.133784,0.021701
111.000000,7.409626,0.487474,0.387715,-0.502659,0.502968,0.348857,-0.466023,0.516803,0.347858,-0.465701,0.530489,0.347322,-0.465351,0.469707,0.351137,-0.443644,0.460438,0.351642,-0.443557,0.451977,0.352286,-0.443957,0.547434,0.356756,-0.213104,0.442862,0.365875,-0.103250,0.515971,0.428711,-0.410590,0.470246,0.424835,-0.381151,0.652959,0.539587,-0.084499,0.360684,0.543493,0.012986,0.818035,0.628514,-0.309556,0.167978,0.651454,-0.464492,0.757112,0.353801,-0.414360,0.214880,0.372865,-1.062614,0.755640,0.263185,-0.440742,0.206441,0.274728,-1.172680,0.727473,0.251634,-0.359316,0.235930,0.279424,-1.084485,0.713828,0.288622,-0.388637,0.249853,0.315032,-1.053410,0.584510,1.123314,-0.045903,0.369071,1.036151,0.048372,0.557088,1.570204,0.038340,0.349489,1.558104,0.175754,0.543428,1.990706,0.412841,0.330854,1.979487,0.459121,0.552055,2.043783,0.427172,0.324479,2.028249,0.479066,0.504503,2.129825,0.009801,0.352832,2.136140,0.029573
112.000000,7.472535,0.488220,0.386644,-0.501425,0.504211,0.348527,-0.461436,0.518378,0.347615,-0.461103,0.532131,0.347184,-0.460720,0.470171,0.350607,-0.439997,0.460759,0.351088,-0.439887,0.452226,0.351727,-0.440276,0.548235,0.356728,-0.205243,0.442948,0.365686,-0.098796,0.517006,0.427866,-0.409445,0.470396,0.423335,-0.380574,0.653009,0.540132,-0.083713,0.359648,0.543444,0.014036,0.818127,0.628804,-0.308874,0.166899,0.651783,-0.466545,0.757433,0.353797,-0.407374,0.214937,0.371791,-1.056925,0.755702,0.263414,-0.433319,0.206810,0.274449,-1.166073,0.727113,0.252706,-0.349668,0.236031,0.279035,-1.077844,0.713576,0.289605,-0.380546,0.249856,0.314567,-1.047695,0.584414,1.125255,-0.046540,0.368954,1.037024,0.049071,0.558095,1.571155,0.038792,0.349638,1.560694,0.177120,0.546802,1.992033,0.416944,0.332750,1.981276,0.464413,0.555378,2.045066,0.431261,0.326266,2.030148,0.484703,0.510567,2.131561,0.012759,0.355738,2.137589,0.033222
113.000000,7.534278,0.491972,0.386292,-0.444550,0.507893,0.348218,-0.409347,0.522250,0.347317,-0.408995,0.535620,0.346906,-0.408665,0.472187,0.350468,-0.389225,0.462191,0.351092,-0.389065,0.453362,0.351884,-0.389458,0.550753,0.356677,-0.182912,0.443839,0.366103,-0.079262,0.520918,0.427513,-0.363678,0.473761,0.423991,-0.336399,0.655300,0.541254,-0.075602,0.361270,0.544769,0.036765,0.820099,0.642221,-0.301565,0.164986,0.650948,-0.402022,0.758413,0.354476,-0.408124,0.215933,0.372194,-0.934772,0.757025,0.264009,-0.434370,0.208080,0.274783,-1.035100,0.728305,0.253613,-0.352183,0.237598,0.279794,-0.939669,0.714732,0.290280,-0.381681,0.251430,0.315279,-0.922558,0.590834,1.123685,-0.038877,0.374106,1.034669,0.041479,0.570251,1.571741,0.040383,0.357978,1.560913,0.134159,0.559728,1.990255,0.412782,0.346399,1.980284,0.385424,0.567232,2.042616,0.427453,0.340956,2.029040,0.400854,0.524560,2.130894,0.017603,0.374557,2.135710,-0.037741
114.000000,7.613597,0.491859,0.389990,-0.455440,0.507874,0.350839,-0.417686,0.522216,0.350090,-0.417328,0.535604,0.349808,-0.416983,0.472189,0.352878,-0.398191,0.462195,0.353446,-0.398069,0.453365,0.354133,-0.398452,0.550893,0.359141,-0.180620,0.443995,0.367317,-0.079835,0.520815,0.430674,-0.369960,0.473466,0.426620,-0.343712,0.655013,0.548288,-0.047965,0.362059,0.544719,0.022784,0.819192,0.649186,-0.205021,0.166042,0.650299,-0.426346,0.758961,0.354427,-0.272471,0.216561,0.372228,-0.980182,0.758178,0.264028,-0.289895,0.208648,0.274787,-1.087078,0.729513,0.253585,-0.220912,0.238419,0.279960,-0.997245,0.715555,0.290246,-0.251269,0.252254,0.315543,-0.970305,0.585542,1.124135,-0.028337,0.372817,1.035145,0.030998,0.560412,1.572334,0.036647,0.352084,1.559062,0.116068,0.540636,1.989278,0.370242,0.333329,1.975848,0.350559,0.547125,2.041948,0.380733,0.326689,2.024584,0.364839,0.502359,2.128270,-0.017965,0.356559,2.131253,-0.075919
115.000000,7.677423,0.491780,0.390827,-0.460562,0.507861,0.351479,-0.422020,0.522197,0.350841,-0.421679,0.535586,0.350675,-0.421337,0.472199,0.353386,-0.401713,0.462225,0.353942,-0.401564,0.453397,0.354616,-0.401952,0.550988,0.360285,-0.181059,0.444088,0.367698,-0.083664,0.520744,0.431457,-0.373732,0.473279,0.427065,-0.346441,0.654704,0.551864,-0.040516,0.362159,0.544659,0.003798,0.818992,0.651550,-0.197759,0.166258,0.650146,-0.438554,0.759380,0.353653,-0.277517,0.216790,0.372229,-1.003529,0.759026,0.263900,-0.296699,0.208918,0.274754,-1.112177,0.730104,0.253494,-0.228068,0.238885,0.280040,-1.023760,0.715994,0.289782,-0.256919,0.252666,0.315690,-0.994162,0.582057,1.125126,-0.022075,0.371544,1.035730,0.024752,0.555946,1.572849,0.037631,0.349006,1.558805,0.105650,0.534196,1.988920,0.373382,0.328670,1.974329,0.341708,0.540172,2.041807,0.384340,0.321815,2.023086,0.356064,0.496371,2.126666,-0.014170,0.350394,2.129270,-0.087855
116.000000,7.741162,0.491775,0.389993,-0.478475,0.507867,0.350680,-0.442324,0.522172,0.349988,-0.442050,0.535567,0.349802,-0.441787,0.472583,0.352776,-0.418012,0.462672,0.353441,-0.417716,0.453880,0.354218,-0.418148,0.551025,0.359994,-0.202522,0.444861,0.367619,-0.085698,0.520671,0.430873,-0.391576,0.473265,0.426778,-0.358505,0.654635,0.547538,-0.082101,0.362334,0.544182,0.008009,0.819082,0.642865,-0.243245,0.166269,0.649312,-0.464662,0.758920,0.353664,-0.311374,0.217207,0.372420,-1.090813,0.758507,0.265449,-0.331590,0.210054,0.274717,-1.198757,0.729360,0.255709,-0.250652,0.239973,0.280348,-1.114668,0.715311,0.291138,-0.284616,0.253252,0.316264,-1.082210,0.583796,1.124067,-0.047135,0.371564,1.035363,0.049675,0.564947,1.569750,0.048538,0.358674,1.557867,0.225326,0.555465,1.981441,0.458001,0.346206,1.970399,0.577048,0.563042,2.033157,0.477014,0.340201,2.019175,0.603825,0.519021,2.119958,0.067929,0.368383,2.121831,0.162589
117.000000,7.804986,0.491739,0.389742,-0.495606,0.507984,0.350203,-0.456379,0.522252,0.349380,-0.455978,0.535636,0.349038,-0.455629,0.472714,0.352518,-0.437049,0.462783,0.353268,-0.436834,0.454010,0.354088,-0.437193,0.551345,0.359596,-0.204220,0.445392,0.367447,-0.105505,0.520580,0.430811,-0.404114,0.473238,0.426636,-0.377655,0.655510,0.547681,-0.080866,0.362416,0.544113,-0.014156,0.821395,0.644223,-0.273855,0.165516,0.650008,-0.498276,0.760574,0.354337,-0.422160,0.218898,0.373152,-1.094490,0.760112,0.265859,-0.449039,0.213170,0.275606,-1.206048,0.731208,0.255985,-0.372100,0.241275,0.281354,-1.116254,0.717481,0.291523,-0.398877,0.253727,0.317139,-1.084248,0.584341,1.123994,-0.031849,0.371417,1.033555,0.034541,0.564887,1.570197,0.091459,0.357142,1.556294,0.160774,0.553180,1.981426,0.484006,0.340851,1.969542,0.448515,0.559432,2.033190,0.501575,0.334407,2.018323,0.466745,0.516068,2.120968,0.096245,0.363580,2.122838,0.010992
118.000000,7.868810,0.491736,0.389623,-0.507107,0.508165,0.350016,-0.466470,0.522381,0.349109,-0.466039,0.535728,0.348660,-0.465668,0.472911,0.352439,-0.449031,0.462938,0.353229,-0.448875,0.454177,0.354043,-0.449209,0.551544,0.359336,-0.207103,0.445844,0.367276,-0.116372,0.520527,0.430648,-0.413408,0.473228,0.426497,-0.389619,0.655963,0.547830,-0.079340,0.362590,0.544055,-0.020252,0.822127,0.645274,-0.298092,0.165335,0.650071,-0.502491,0.761427,0.354789,-0.465755,0.220134,0.373709,-1.087943,0.761123,0.266145,-0.495550,0.215198,0.276327,-1.199516,0.732561,0.256155,-0.418797,0.242229,0.282142,-1.108931,0.718989,0.291714,-0.443032,0.254072,0.317750,-1.077548,0.584392,1.123224,-0.026191,0.371190,1.031716,0.028878,0.564464,1.570199,0.099571,0.355762,1.553939,0.141723,0.551080,1.980486,0.484580,0.337685,1.967882,0.413717,0.556644,2.032282,0.501456,0.330995,2.016683,0.430775,0.513306,2.121154,0.097392,0.360956,2.122632,-0.023816
119.000000,7.930787,0.493062,0.389218,-0.543069,0.510029,0.348645,-0.505833,0.523832,0.347773,-0.505429,0.536709,0.347406,-0.505038,0.474702,0.351064,-0.485154,0.464485,0.351875,-0.485085,0.455509,0.352767,-0.485452,0.551859,0.358666,-0.253710,0.446649,0.366236,-0.147918,0.521127,0.430438,-0.451219,0.473718,0.426039,-0.423208,0.655989,0.547885,-0.103284,0.362819,0.543847,-0.046059,0.825509,0.650035,-0.315926,0.163117,0.649805,-0.523057,0.762885,0.353908,-0.458284,0.220125,0.373193,-1.084775,0.762875,0.264220,-0.482510,0.215324,0.275679,-1.194779,0.734096,0.254410,-0.405431,0.242874,0.282065,-1.105108,0.720090,0.290167,-0.434070,0.254698,0.317736,-1.073713,0.584922,1.124241,-0.025011,0.371073,1.032046,0.027631,0.564980,1.570563,0.095592,0.355778,1.554360,0.142936,0.551805,1.981041,0.488583,0.338270,1.968568,0.435038,0.557518,2.032811,0.505864,0.331514,2.017437,0.455452,0.514156,2.121721,0.099295,0.362018,2.123177,0.001233
120.000000,8.024566,0.492987,0.390553,-0.499376,0.510013,0.348918,-0.476293,0.523854,0.347864,-0.475977,0.536822,0.347359,-0.475521,0.474705,0.351538,-0.440868,0.464518,0.352267,-0.440845,0.455592,0.353074,-0.441126,0.552246,0.358042,-0.242849,0.447273,0.366192,-0.101687,0.521105,0.430979,-0.426140,0.473879,0.427132,-0.378914,0.658076,0.548756,-0.122702,0.362932,0.544178,0.037068,0.829574,0.660787,-0.388092,0.163147,0.654835,-0.389152,0.766796,0.352970,-0.561375,0.218386,0.373062,-0.965848,0.765246,0.263499,-0.600321,0.213377,0.274254,-1.076274,0.736924,0.253376,-0.518743,0.238197,0.277411,-0.982808,0.724025,0.288981,-0.536765,0.249498,0.314438,-0.957806,0.585514,1.125637,-0.047271,0.370652,1.087071,0.049892,0.564687,1.570889,0.059610,0.355350,1.555750,0.215781,0.551486,1.981412,0.460606,0.338051,1.970002,0.514802,0.557533,2.033238,0.479971,0.331500,2.019216,0.537688,0.510913,2.122061,0.072039,0.360725,2.125950,0.092287
121.000000,8.087813,0.492920,0.391388,-0.482369,0.510001,0.349105,-0.460056,0.523882,0.347938,-0.459756,0.536936,0.347336,-0.459291,0.474706,0.351810,-0.423057,0.464540,0.352481,-0.423030,0.455646,0.353233,-0.423305,0.552591,0.357616,-0.237246,0.447650,0.366148,-0.083775,0.521091,0.431362,-0.411883,0.473982,0.427836,-0.362326,0.659113,0.549638,-0.125978,0.362941,0.544523,0.057286,0.832376,0.666154,-0.395056,0.163167,0.657274,-0.365370,0.769055,0.352528,-0.565460,0.217323,0.372929,-0.937827,0.766787,0.262964,-0.604766,0.211988,0.273196,-1.047558,0.738530,0.252630,-0.522462,0.235508,0.274890,-0.953028,0.726027,0.288293,-0.540609,0.246698,0.312565,-0.929695,0.586040,1.127012,-0.055392,0.370311,1.101762,0.058027,0.564437,1.571542,0.048413,0.354944,1.557362,0.231460,0.551173,1.981539,0.451559,0.337738,1.971600,0.530890,0.557535,2.033370,0.471716,0.331425,2.021125,0.553924,0.508647,2.122159,0.063619,0.359580,2.128485,0.109357
122.000000,8.151675,0.494004,0.394068,-0.538290,0.510850,0.350572,-0.506674,0.524861,0.349575,-0.506344,0.537998,0.348983,-0.505791,0.475038,0.352709,-0.472886,0.464730,0.353295,-0.472771,0.455703,0.354010,-0.473042,0.553596,0.358085,-0.283393,0.446980,0.366383,-0.117819,0.521486,0.433271,-0.463200,0.475122,0.430521,-0.416491,0.660316,0.561778,-0.182607,0.362236,0.546864,0.039920,0.844261,0.683172,-0.466404,0.156717,0.654081,-0.324965,0.779310,0.351689,-0.659966,0.202424,0.366636,-0.768687,0.775452,0.261602,-0.710713,0.196508,0.262498,-0.872884,0.745586,0.247421,-0.623346,0.220041,0.259627,-0.779111,0.735774,0.282697,-0.636554,0.230385,0.299715,-0.761163,0.594424,1.139833,-0.064159,0.370809,1.126023,0.067203,0.569517,1.594697,0.048461,0.357774,1.584497,0.293297,0.557269,2.005224,0.478957,0.340654,2.002226,0.663117,0.564339,2.058714,0.501695,0.334130,2.052676,0.692688,0.515819,2.150529,0.074047,0.363705,2.163194,0.227758
123.000000,8.213494,0.494753,0.394014,-0.530500,0.511453,0.349199,-0.498352,0.525107,0.348089,-0.498036,0.538038,0.347333,-0.497548,0.476019,0.351302,-0.467037,0.465559,0.351900,-0.466949,0.456265,0.352725,-0.467243,0.552923,0.355933,-0.292526,0.446764,0.364955,-0.126319,0.521479,0.432853,-0.456206,0.475749,0.430431,-0.411981,0.660260,0.562092,-0.191916,0.361514,0.546859,0.033279,0.847349,0.685947,-0.429111,0.148019,0.653392,-0.194130,0.792380,0.344236,-0.596072,0.183611,0.366489,-0.530124,0.789652,0.253791,-0.640851,0.170384,0.254761,-0.614341,0.758504,0.239806,-0.558632,0.201213,0.255878,-0.534723,0.749007,0.274957,-0.574214,0.215965,0.299355,-0.525219,0.597114,1.143301,-0.074083,0.371167,1.130195,0.077044,0.569574,1.595874,0.035296,0.357285,1.586711,0.286587,0.557130,2.006150,0.480459,0.340557,2.001775,0.636893,0.564494,2.060606,0.503995,0.334077,2.052836,0.665571,0.515976,2.149616,0.083322,0.363506,2.160663,0.213196
124.000000,8.276428,0.492885,0.399198,-0.649716,0.510724,0.352524,-0.615634,0.524564,0.351451,-0.615347,0.537556,0.350566,-0.614961,0.474594,0.354083,-0.589907,0.464116,0.354436,-0.589926,0.454759,0.355157,-0.590201,0.552358,0.357309,-0.383300,0.444776,0.365567,-0.244369,0.519375,0.438585,-0.565764,0.474410,0.436792,-0.528564,0.659665,0.564716,-0.254168,0.360500,0.547392,-0.059575,0.850183,0.683565,-0.469859,0.149015,0.650370,-0.202661,0.798205,0.342564,-0.651819,0.173681,0.358587,-0.455476,0.794578,0.253898,-0.704861,0.154500,0.237868,-0.531613,0.759801,0.240038,-0.625863,0.187735,0.240483,-0.465420,0.749893,0.275350,-0.632645,0.203147,0.291548,-0.452403,0.601027,1.140233,-0.076135,0.373521,1.122086,0.078990,0.571537,1.590843,0.037541,0.357325,1.585475,0.299671,0.559286,1.997785,0.519682,0.340697,1.997369,0.663178,0.567038,2.052735,0.547556,0.334793,2.049163,0.692875,0.518580,2.142438,0.126134,0.363999,2.156411,0.233966
125.000000,8.338135,0.495744,0.400753,-0.816444,0.513565,0.355196,-0.777507,0.526957,0.353961,-0.777268,0.539036,0.352725,-0.776971,0.475929,0.356203,-0.761321,0.464733,0.356320,-0.761412,0.455067,0.356791,-0.761801,0.552684,0.357984,-0.500221,0.444741,0.365652,-0.405719,0.519821,0.440008,-0.714424,0.475723,0.440409,-0.689430,0.659584,0.564562,-0.322647,0.359409,0.547058,-0.211077,0.861970,0.673081,-0.558933,0.145514,0.648449,-0.451038,0.807249,0.337498,-0.809182,0.160536,0.355789,-0.799065,0.804560,0.247946,-0.867623,0.142435,0.236518,-0.894651,0.766799,0.237531,-0.802253,0.169143,0.235127,-0.841137,0.760186,0.274058,-0.795698,0.183663,0.286481,-0.800811,0.600757,1.133834,-0.064812,0.372273,1.115823,0.067103,0.571425,1.578149,0.086262,0.353913,1.569425,0.276505,0.558071,1.976448,0.581208,0.335799,1.973254,0.641913,0.564890,2.028840,0.609849,0.330353,2.023656,0.671469,0.517488,2.122497,0.183188,0.360779,2.129980,0.208640
126.000000,8.416928,0.495209,0.400539,-0.556538,0.513123,0.355304,-0.526055,0.526299,0.354059,-0.525784,0.538170,0.352797,-0.525441,0.475808,0.356173,-0.502569,0.464686,0.356251,-0.502616,0.455042,0.356743,-0.503046,0.550466,0.357984,-0.330538,0.444659,0.365033,-0.209266,0.517469,0.439696,-0.485029,0.475444,0.440244,-0.451442,0.659220,0.565439,-0.190474,0.358084,0.547056,-0.159919,0.861306,0.684717,-0.383658,0.143962,0.644748,-0.360232,0.835134,0.339768,-0.700341,0.147299,0.355964,-0.749816,0.841132,0.250366,-0.756400,0.130125,0.237613,-0.846736,0.805145,0.237708,-0.675288,0.155466,0.238242,-0.786765,0.797822,0.274211,-0.740756,0.169654,0.287684,-0.753697,0.596346,1.141270,-0.057942,0.368770,1.123030,0.060564,0.562884,1.583377,0.062184,0.346488,1.571390,0.255245,0.544806,1.979874,0.469441,0.328911,1.973415,0.623181,0.549891,2.033219,0.491194,0.323422,2.024095,0.651780,0.509858,2.122874,0.082119,0.352106,2.130767,0.198707
127.000000,8.480879,0.494596,0.400406,-0.475129,0.512226,0.355201,-0.449115,0.525069,0.354023,-0.448868,0.536699,0.352624,-0.448551,0.475666,0.356107,-0.421761,0.464669,0.356194,-0.421763,0.455053,0.356701,-0.422221,0.547686,0.357646,-0.275444,0.444832,0.364892,-0.133582,0.515581,0.439461,-0.411678,0.475308,0.439901,-0.372771,0.658660,0.565288,-0.152204,0.357808,0.547044,-0.104037,0.853989,0.685191,-0.334284,0.144149,0.640477,-0.290790,0.846422,0.348318,-0.579510,0.143403,0.356297,-0.687333,0.851464,0.260177,-0.622655,0.124594,0.239678,-0.782637,0.815915,0.243564,-0.616936,0.151969,0.239701,-0.725609,0.807899,0.277317,-0.614012,0.166461,0.288201,-0.692462,0.588533,1.141867,-0.055430,0.366207,1.122045,0.058048,0.555763,1.583122,0.036154,0.344190,1.569689,0.215135,0.536398,1.979983,0.408265,0.326821,1.969896,0.546749,0.541060,2.033296,0.426627,0.321443,2.018901,0.570472,0.504220,2.118353,0.023464,0.348278,2.123258,0.128587
128.000000,8.544530,0.494675,0.401665,-0.550402,0.512249,0.356223,-0.509185,0.525074,0.354842,-0.509040,0.536691,0.353311,-0.508692,0.475755,0.357249,-0.496056,0.464738,0.357158,-0.495963,0.455080,0.357420,-0.496480,0.547554,0.358172,-0.277515,0.444881,0.364941,-0.188055,0.515619,0.439490,-0.462816,0.475303,0.440113,-0.442437,0.657821,0.565126,-0.149334,0.357412,0.546951,-0.111312,0.852896,0.690297,-0.319123,0.144843,0.631007,-0.403357,0.875830,0.354681,-0.579411,0.132482,0.356683,-0.867423,0.891121,0.262255,-0.622537,0.107134,0.241081,-0.969281,0.851446,0.243576,-0.596219,0.132610,0.239696,-0.921689,0.843576,0.278378,-0.596672,0.146555,0.286389,-0.876760,0.591141,1.134465,-0.043634,0.366897,1.121774,0.046334,0.560313,1.565444,0.089024,0.346724,1.553687,0.267425,0.540867,1.955390,0.521959,0.329667,1.948250,0.696668,0.545318,2.006080,0.549306,0.323703,1.995978,0.731691,0.509625,2.095588,0.150955,0.353457,2.100158,0.284377
129.000000,8.608420,0.494676,0.401515,-0.537929,0.512244,0.356157,-0.502046,0.525064,0.354775,-0.501875,0.536653,0.353260,-0.501633,0.476144,0.357213,-0.488991,0.465375,0.357059,-0.488966,0.456009,0.357162,-0.489432,0.547608,0.358251,-0.279504,0.446098,0.364354,-0.196102,0.515282,0.439358,-0.455430,0.475298,0.439979,-0.436273,0.657849,0.557534,-0.145037,0.357773,0.541936,-0.116227,0.852341,0.673464,-0.308967,0.149438,0.606646,-0.433418,0.897230,0.354624,-0.576220,0.119770,0.351011,-0.945755,0.919523,0.261343,-0.620543,0.091488,0.239038,-1.047966,0.887509,0.242414,-0.592552,0.113067,0.231787,-1.014934,0.878489,0.277945,-0.588539,0.126671,0.275581,-0.960472,0.588921,1.119735,-0.025697,0.369071,1.044172,0.028022,0.560239,1.542919,0.098378,0.346828,1.526366,0.198153,0.541051,1.931867,0.512352,0.329868,1.917050,0.535997,0.545789,1.981599,0.537003,0.323888,1.963629,0.560272,0.509393,2.067309,0.144382,0.353553,2.062497,0.144281
130.000000,8.672270,0.494448,0.401413,-0.493823,0.511993,0.356322,-0.466308,0.524751,0.354965,-0.466100,0.536317,0.353459,-0.465899,0.476132,0.357190,-0.448135,0.465396,0.357015,-0.448141,0.456113,0.357133,-0.448564,0.547512,0.358489,-0.273130,0.446941,0.364066,-0.183225,0.514621,0.439222,-0.422151,0.475196,0.439750,-0.396583,0.658527,0.554109,-0.136099,0.358547,0.538777,-0.099093,0.854535,0.658314,-0.297614,0.152480,0.598087,-0.431821,0.903992,0.354532,-0.555051,0.116238,0.346748,-0.893791,0.924266,0.260433,-0.598385,0.086293,0.236236,-0.993562,0.894777,0.241600,-0.587574,0.108426,0.225549,-0.951687,0.885715,0.277696,-0.568374,0.122009,0.268225,-0.904209,0.587254,1.116356,-0.020719,0.370436,1.026579,0.023058,0.559620,1.538444,0.094854,0.346975,1.519211,0.176226,0.540172,1.926286,0.496970,0.330044,1.907791,0.496712,0.544910,1.976250,0.521393,0.324093,1.954175,0.519177,0.508646,2.058242,0.134980,0.353459,2.051358,0.104921
131.000000,8.736108,0.496215,0.403401,-0.590723,0.513295,0.358513,-0.559370,0.525743,0.356926,-0.559114,0.536951,0.355156,-0.558857,0.477503,0.359314,-0.547462,0.466621,0.358841,-0.547484,0.457173,0.358591,-0.547895,0.547538,0.359147,-0.339728,0.447874,0.364105,-0.270678,0.515015,0.439791,-0.507926,0.476836,0.440947,-0.490241,0.658500,0.551353,-0.173882,0.359308,0.537715,-0.170340,0.855110,0.652414,-0.309090,0.156683,0.597089,-0.431281,0.907739,0.355552,-0.539613,0.118312,0.348378,-0.827010,0.928423,0.260397,-0.571881,0.088652,0.243713,-0.905744,0.906769,0.241517,-0.558843,0.105400,0.228205,-0.875560,0.894973,0.277733,-0.550618,0.118600,0.269360,-0.839562,0.587396,1.108956,-0.020727,0.370712,1.038165,0.023180,0.559702,1.527345,0.091628,0.348575,1.510524,0.187191,0.540373,1.915061,0.493145,0.332358,1.896055,0.550600,0.545076,1.965174,0.520690,0.326233,1.941606,0.578206,0.509102,2.048478,0.130063,0.355939,2.041494,0.166900
132.000000,8.815905,0.496872,0.404430,-0.533065,0.513641,0.359450,-0.505492,0.526035,0.357890,-0.505095,0.537110,0.356095,-0.504756,0.477713,0.359979,-0.490576,0.466786,0.359391,-0.490606,0.457302,0.359043,-0.490906,0.547562,0.359657,-0.323085,0.448255,0.364175,-0.252922,0.515324,0.440863,-0.462329,0.477679,0.442323,-0.441945,0.658706,0.552009,-0.171648,0.359311,0.537953,-0.135829,0.855867,0.653386,-0.300079,0.155232,0.600158,-0.365260,0.909273,0.351512,-0.521199,0.113317,0.349581,-0.743205,0.930632,0.254747,-0.554665,0.081176,0.248489,-0.823689,0.910408,0.235234,-0.538648,0.100664,0.230115,-0.784975,0.897007,0.272931,-0.531266,0.115198,0.269514,-0.753989,0.590606,1.109315,-0.020516,0.371497,1.075296,0.023228,0.564394,1.531775,0.092126,0.351081,1.513496,0.161279,0.546258,1.924056,0.493762,0.337670,1.907673,0.477326,0.551642,1.974684,0.520427,0.332278,1.954170,0.499503,0.516046,2.058098,0.152081,0.361238,2.054610,0.080358
133.000000,8.879694,0.497175,0.405104,-0.507438,0.513776,0.360151,-0.480691,0.526130,0.358603,-0.480275,0.537146,0.356797,-0.479928,0.477804,0.360535,-0.463562,0.466852,0.359870,-0.463561,0.457342,0.359449,-0.463852,0.547571,0.360167,-0.307392,0.448400,0.364303,-0.241704,0.515539,0.441329,-0.439755,0.478049,0.442957,-0.416221,0.658714,0.552242,-0.167922,0.359405,0.538420,-0.122419,0.855948,0.650502,-0.298198,0.154515,0.602342,-0.320892,0.908616,0.347880,-0.521514,0.110875,0.349992,-0.676724,0.931605,0.250566,-0.557489,0.079642,0.249605,-0.756025,0.911317,0.230713,-0.538077,0.100530,0.231020,-0.715344,0.897133,0.268909,-0.530425,0.114215,0.271203,-0.686371,0.591390,1.109983,-0.020356,0.371616,1.089406,0.023187,0.565910,1.535671,0.094795,0.352031,1.517170,0.155562,0.548933,1.927761,0.496170,0.339898,1.913330,0.462050,0.554947,1.978365,0.522598,0.334844,1.960054,0.483430,0.518427,2.061071,0.162638,0.363473,2.059816,0.063112
134.000000,8.942678,0.496913,0.405054,-0.650205,0.513582,0.360562,-0.613113,0.526027,0.359127,-0.612813,0.537096,0.357447,-0.612471,0.477347,0.360720,-0.599546,0.466398,0.360028,-0.599698,0.456995,0.359567,-0.600078,0.547678,0.361058,-0.365847,0.448262,0.364401,-0.293201,0.515566,0.441516,-0.557221,0.477610,0.443073,-0.537466,0.658508,0.551483,-0.189836,0.359411,0.538466,-0.167327,0.856612,0.632205,-0.306193,0.153551,0.608368,-0.447012,0.903087,0.340073,-0.522246,0.111493,0.354016,-0.898128,0.926758,0.248839,-0.555465,0.076779,0.256239,-0.992330,0.899926,0.229831,-0.537064,0.097564,0.237645,-0.952613,0.886916,0.266845,-0.529862,0.112942,0.274595,-0.908736,0.592128,1.110757,-0.019908,0.375878,1.043671,0.022526,0.566890,1.538109,0.129079,0.352355,1.520910,0.182349,0.549806,1.926988,0.564944,0.339820,1.914097,0.549113,0.555624,1.977757,0.592994,0.334745,1.961214,0.577783,0.518177,2.063205,0.218005,0.363487,2.061678,0.150518
135.000000,9.006282,0.500118,0.405156,-0.717028,0.516389,0.361009,-0.674841,0.528546,0.359629,-0.674573,0.539017,0.358031,-0.674309,0.478772,0.361154,-0.667370,0.467118,0.360501,-0.667601,0.457323,0.360107,-0.667898,0.548581,0.361513,-0.406726,0.448193,0.364670,-0.361826,0.517950,0.441791,-0.617351,0.478851,0.443771,-0.605660,0.657561,0.551437,-0.216976,0.359440,0.538515,-0.226670,0.856411,0.633816,-0.315641,0.153586,0.609144,-0.525105,0.913209,0.349835,-0.524373,0.113435,0.364378,-0.987199,0.947709,0.255931,-0.558321,0.075667,0.267856,-1.079790,0.917589,0.234526,-0.550766,0.097136,0.250566,-1.046276,0.904856,0.275253,-0.538182,0.114020,0.286061,-0.998866,0.586810,1.041901,-0.014853,0.378418,1.020192,0.017183,0.565752,1.531683,0.127421,0.351498,1.515429,0.185444,0.546689,1.918579,0.525567,0.339544,1.905803,0.523838,0.551403,1.969292,0.549926,0.334712,1.953255,0.548234,0.514817,2.056841,0.193608,0.363307,2.053453,0.128257
136.000000,9.070196,0.500678,0.405393,-0.659529,0.516913,0.361672,-0.620854,0.529041,0.360357,-0.620606,0.539402,0.358823,-0.620349,0.479095,0.361701,-0.610071,0.467321,0.361049,-0.610206,0.457450,0.360647,-0.610552,0.548675,0.362103,-0.375281,0.448192,0.364901,-0.312798,0.518461,0.442257,-0.567986,0.479156,0.444180,-0.551979,0.656786,0.551418,-0.206461,0.359475,0.538557,-0.191348,0.856349,0.636218,-0.313313,0.153403,0.609695,-0.497752,0.914030,0.354197,-0.523056,0.114913,0.370551,-0.970844,0.949148,0.260452,-0.555630,0.075352,0.273305,-1.063764,0.918855,0.237981,-0.543060,0.097705,0.256704,-1.026419,0.907171,0.279003,-0.532965,0.115353,0.291949,-0.981113,0.583408,1.026262,-0.015902,0.379494,1.011047,0.018216,0.564307,1.525072,0.119505,0.351136,1.509570,0.187471,0.543913,1.909943,0.500477,0.338981,1.897946,0.518076,0.548094,1.960206,0.524349,0.334455,1.945202,0.541659,0.512305,2.047781,0.174452,0.362602,2.044978,0.125398
137.000000,9.134017,0.499015,0.406280,-0.624509,0.516347,0.362800,-0.588386,0.528672,0.361728,-0.588288,0.539157,0.360438,-0.588177,0.478511,0.362370,-0.581497,0.466939,0.361586,-0.581526,0.457229,0.361033,-0.581959,0.548674,0.363516,-0.342838,0.448204,0.364955,-0.297444,0.517692,0.443364,-0.532543,0.478128,0.444814,-0.520505,0.655482,0.551493,-0.175849,0.359486,0.538166,-0.160641,0.852140,0.648133,-0.295400,0.153725,0.610074,-0.442645,0.911288,0.362707,-0.517238,0.111122,0.371938,-0.944996,0.945614,0.270353,-0.552655,0.070897,0.273986,-1.040723,0.920775,0.246442,-0.537412,0.091946,0.257378,-1.006811,0.907341,0.285294,-0.526073,0.106856,0.292239,-0.970045,0.583595,1.060734,-0.016734,0.377573,1.057694,0.019086,0.561480,1.525000,0.111796,0.349841,1.509921,0.187721,0.539898,1.908616,0.479215,0.337454,1.894892,0.512573,0.545119,1.958474,0.502527,0.333259,1.941036,0.536111,0.504257,2.044488,0.158248,0.361371,2.041714,0.125325
138.000000,9.212807,0.500521,0.406300,-0.617613,0.518182,0.362897,-0.582205,0.530213,0.361849,-0.582053,0.540512,0.360629,-0.581900,0.480510,0.362477,-0.571876,0.468698,0.361675,-0.571918,0.458708,0.361109,-0.572322,0.549248,0.363969,-0.335480,0.448565,0.364966,-0.282242,0.518179,0.443347,-0.528515,0.479116,0.444769,-0.512572,0.655001,0.551441,-0.172935,0.359528,0.539148,-0.161177,0.852261,0.638740,-0.291250,0.153762,0.610261,-0.459614,0.912122,0.362941,-0.508620,0.107795,0.373696,-0.939016,0.943224,0.270832,-0.541499,0.071217,0.280804,-1.030130,0.918460,0.249439,-0.527071,0.088516,0.264218,-1.001319,0.906123,0.287784,-0.517159,0.102498,0.296101,-0.955330,0.584512,1.084845,-0.017038,0.377107,1.077839,0.019432,0.561197,1.526763,0.102065,0.349830,1.511917,0.187982,0.537846,1.910774,0.479688,0.335731,1.897579,0.514777,0.542483,1.960495,0.503272,0.331087,1.943550,0.538590,0.502848,2.045828,0.154760,0.358819,2.044632,0.125311
139.000000,9.291716,0.502365,0.406383,-0.629925,0.520366,0.363121,-0.590020,0.532111,0.362148,-0.589823,0.542251,0.361048,-0.589560,0.482806,0.362587,-0.582421,0.470741,0.361746,-0.582441,0.460418,0.361154,-0.582815,0.550328,0.364540,-0.334983,0.448974,0.364966,-0.285939,0.519071,0.443347,-0.535291,0.480173,0.444733,-0.523018,0.654207,0.551307,-0.170666,0.359535,0.539560,-0.171119,0.852203,0.638096,-0.282346,0.153717,0.610497,-0.470359,0.912975,0.363297,-0.499234,0.105447,0.375309,-0.933029,0.943973,0.271909,-0.531925,0.070469,0.283826,-1.023153,0.919113,0.251624,-0.517622,0.086665,0.267885,-0.994157,0.906698,0.289142,-0.507819,0.100434,0.298991,-0.947072,0.585121,1.097321,-0.017051,0.376735,1.086963,0.019478,0.561086,1.527925,0.098102,0.349838,1.513160,0.188202,0.537161,1.911967,0.480912,0.335254,1.899227,0.523395,0.541548,1.961662,0.504880,0.330520,1.945113,0.548165,0.502297,2.046707,0.152594,0.358152,2.046357,0.132589
140.000000,9.353943,0.505666,0.406240,-0.732960,0.523346,0.363119,-0.685943,0.534677,0.362147,-0.685727,0.544300,0.361052,-0.685455,0.485527,0.362601,-0.681931,0.473080,0.361779,-0.682000,0.462169,0.361207,-0.682404,0.551902,0.364669,-0.389539,0.449611,0.365017,-0.357133,0.522295,0.443296,-0.624081,0.482497,0.444720,-0.616481,0.653926,0.551326,-0.178848,0.359694,0.539627,-0.213218,0.855559,0.641836,-0.271207,0.153811,0.611441,-0.491282,0.916188,0.363342,-0.489463,0.104150,0.376303,-0.930148,0.950513,0.275407,-0.519250,0.071002,0.285008,-1.017983,0.924088,0.253165,-0.505797,0.087526,0.270151,-0.987681,0.911840,0.289292,-0.497997,0.100695,0.300583,-0.941876,0.589261,1.099405,-0.017305,0.380920,1.040107,0.019683,0.567773,1.527450,0.092294,0.355435,1.514129,0.206163,0.546232,1.911867,0.507766,0.341244,1.900494,0.583043,0.550506,1.961815,0.534644,0.336825,1.945811,0.611788,0.510935,2.048025,0.153404,0.364643,2.047749,0.173720
141.000000,9.414779,0.506133,0.406228,-0.685998,0.523658,0.363255,-0.644014,0.535063,0.362317,-0.643782,0.544717,0.361241,-0.643497,0.485742,0.362664,-0.636071,0.473296,0.361841,-0.636136,0.462374,0.361271,-0.636520,0.552408,0.364904,-0.374797,0.449859,0.365136,-0.326412,0.523019,0.443304,-0.587254,0.483073,0.444858,-0.574723,0.654079,0.552482,-0.179668,0.359701,0.541231,-0.195870,0.856449,0.642204,-0.275929,0.153835,0.614578,-0.482314,0.916754,0.365953,-0.510727,0.104411,0.377884,-0.929370,0.949237,0.279598,-0.541217,0.072049,0.287466,-1.017192,0.923324,0.255426,-0.530435,0.088487,0.273378,-0.983950,0.911767,0.292118,-0.520721,0.101392,0.303237,-0.940645,0.592211,1.100285,-0.021474,0.382509,1.023431,0.023906,0.569954,1.525990,0.081076,0.356035,1.514076,0.227623,0.549893,1.909523,0.503389,0.342615,1.899069,0.601903,0.554163,1.959642,0.530999,0.338508,1.945302,0.631327,0.514920,2.047017,0.143662,0.367083,2.046597,0.203985
142.000000,9.492567,0.506534,0.406217,-0.668753,0.524027,0.363337,-0.628365,0.535505,0.362435,-0.628123,0.545190,0.361385,-0.627835,0.485944,0.362681,-0.619091,0.473488,0.361856,-0.619154,0.462545,0.361285,-0.619533,0.552994,0.365106,-0.373371,0.450035,0.365189,-0.313349,0.523625,0.443303,-0.573325,0.483465,0.444927,-0.558865,0.654246,0.553708,-0.177888,0.359705,0.542276,-0.187970,0.857611,0.643587,-0.280954,0.153863,0.617081,-0.476087,0.916452,0.366694,-0.515472,0.104540,0.378964,-0.932913,0.948352,0.280522,-0.546297,0.072664,0.288560,-1.021823,0.922812,0.255754,-0.535025,0.089074,0.274793,-0.987640,0.911338,0.292858,-0.525545,0.101822,0.304673,-0.944314,0.593724,1.100837,-0.024126,0.383434,1.017892,0.026602,0.570636,1.525070,0.074774,0.356122,1.513685,0.234520,0.551098,1.908003,0.496253,0.342894,1.897869,0.606690,0.555375,1.958207,0.523459,0.338877,1.944648,0.636059,0.516178,2.046096,0.133168,0.367726,2.045603,0.209292
143.000000,9.555511,0.506181,0.406247,-0.670035,0.523979,0.363305,-0.628262,0.535420,0.362320,-0.628017,0.545143,0.361204,-0.627710,0.485557,0.362807,-0.619873,0.473173,0.362043,-0.619924,0.462388,0.361483,-0.620279,0.553009,0.364962,-0.367759,0.450228,0.365260,-0.313227,0.523590,0.443296,-0.573019,0.483415,0.445011,-0.559791,0.654754,0.553796,-0.177947,0.360597,0.542569,-0.188846,0.857276,0.668889,-0.284497,0.153853,0.619294,-0.474760,0.916870,0.368579,-0.516011,0.105119,0.379174,-0.901362,0.948596,0.279917,-0.546632,0.073213,0.288728,-0.988931,0.923425,0.255524,-0.535586,0.089542,0.274126,-0.952616,0.911476,0.292844,-0.526588,0.102072,0.304433,-0.912731,0.596166,1.103704,-0.021870,0.382419,1.069005,0.024548,0.571080,1.527033,0.086712,0.356057,1.515268,0.181543,0.552338,1.908468,0.511040,0.343012,1.897973,0.507888,0.557185,1.958380,0.537687,0.339088,1.944947,0.530986,0.517133,2.046669,0.153959,0.367714,2.045949,0.098701
144.000000,9.633239,0.506501,0.406120,-0.600036,0.524424,0.363301,-0.555888,0.535818,0.362324,-0.555726,0.545459,0.361245,-0.555543,0.485926,0.362741,-0.551991,0.473484,0.361945,-0.552005,0.462629,0.361350,-0.552385,0.553241,0.365133,-0.299962,0.450300,0.365223,-0.268584,0.523948,0.443247,-0.507094,0.483582,0.444984,-0.500132,0.654308,0.554275,-0.149522,0.359887,0.543817,-0.158568,0.856993,0.663159,-0.279911,0.154142,0.621283,-0.453420,0.916189,0.368151,-0.509268,0.105413,0.382128,-0.902507,0.947579,0.278723,-0.544547,0.073588,0.289018,-0.993692,0.922042,0.255203,-0.528541,0.090101,0.275688,-0.959075,0.910141,0.292704,-0.518911,0.102656,0.306186,-0.914613,0.592879,1.049709,-0.021861,0.382172,1.080961,0.024512,0.570428,1.523764,0.073258,0.356012,1.511909,0.185802,0.550918,1.904526,0.448615,0.342919,1.893079,0.513448,0.555743,1.953897,0.470908,0.338968,1.939673,0.537031,0.515681,2.040765,0.107169,0.367653,2.038120,0.114058
145.000000,9.695073,0.507136,0.406163,-0.593536,0.524831,0.363497,-0.550085,0.536123,0.362556,-0.549935,0.545683,0.361528,-0.549762,0.486550,0.362870,-0.545856,0.474093,0.362050,-0.545886,0.463164,0.361437,-0.546282,0.553326,0.365478,-0.294725,0.450577,0.365330,-0.262645,0.524477,0.443254,-0.500452,0.484330,0.445047,-0.493212,0.654172,0.554517,-0.145864,0.359803,0.545051,-0.151219,0.857049,0.660086,-0.277729,0.154220,0.624875,-0.449616,0.915803,0.366179,-0.500306,0.105638,0.385595,-0.908893,0.947635,0.275116,-0.536071,0.073874,0.289500,-1.002317,0.921192,0.253536,-0.516589,0.090507,0.277072,-0.968129,0.909405,0.291773,-0.508492,0.103108,0.307890,-0.921258,0.592057,1.037117,-0.021956,0.382023,1.085169,0.024561,0.570317,1.520385,0.072069,0.356262,1.508528,0.194070,0.550835,1.899884,0.447353,0.342987,1.887941,0.514038,0.555693,1.948641,0.470047,0.339049,1.934253,0.537482,0.515616,2.036078,0.106421,0.367549,2.031765,0.139385
146.000000,9.772844,0.507915,0.406158,-0.600498,0.525589,0.363615,-0.556578,0.536710,0.362744,-0.556408,0.546236,0.361794,-0.556233,0.487698,0.362879,-0.551736,0.475136,0.362050,-0.551773,0.464090,0.361426,-0.552162,0.553777,0.366171,-0.296336,0.450951,0.365363,-0.263064,0.524563,0.443242,-0.506248,0.484675,0.445020,-0.498037,0.654198,0.554615,-0.140599,0.361591,0.545026,-0.147881,0.857591,0.655588,-0.257220,0.154333,0.624852,-0.431657,0.916540,0.362242,-0.464329,0.103710,0.385467,-0.897414,0.950556,0.272641,-0.494970,0.071016,0.289193,-0.989788,0.922703,0.251044,-0.477793,0.089246,0.276903,-0.960038,0.910671,0.289293,-0.471930,0.101902,0.307669,-0.910715,0.591636,1.067938,-0.021792,0.382237,1.032497,0.024307,0.567105,1.520232,0.075577,0.354043,1.505803,0.148647,0.542472,1.899642,0.453014,0.337008,1.886476,0.438257,0.547004,1.948183,0.475313,0.332829,1.932879,0.457420,0.505910,2.035722,0.118848,0.359719,2.030825,0.037902
147.000000,9.835642,0.508874,0.405920,-0.559939,0.526038,0.363191,-0.522027,0.537018,0.362259,-0.521748,0.546488,0.361338,-0.521422,0.488858,0.362633,-0.509818,0.476554,0.361825,-0.509814,0.465592,0.361236,-0.510178,0.553796,0.366086,-0.294178,0.451396,0.365366,-0.230513,0.524882,0.442890,-0.478353,0.485661,0.444621,-0.461262,0.655552,0.554624,-0.142949,0.361638,0.545084,-0.138734,0.857604,0.655448,-0.257934,0.154557,0.622997,-0.429833,0.917204,0.360104,-0.471162,0.101843,0.384099,-0.887932,0.951156,0.270921,-0.496990,0.068829,0.288732,-0.976753,0.924646,0.248943,-0.478033,0.087074,0.275857,-0.941354,0.912759,0.286993,-0.477776,0.099580,0.306920,-0.900485,0.591103,1.045914,-0.024300,0.382253,1.022151,0.026878,0.567108,1.520470,0.075693,0.354290,1.506120,0.189809,0.542538,1.900204,0.454640,0.337089,1.887359,0.516915,0.547097,1.948791,0.476796,0.332878,1.933753,0.540666,0.506908,2.035805,0.122896,0.359803,2.031919,0.129111
148.000000,9.899496,0.509302,0.405630,-0.550556,0.526228,0.362731,-0.513752,0.537171,0.361744,-0.513452,0.546632,0.360844,-0.513103,0.489359,0.362354,-0.499726,0.477204,0.361573,-0.499717,0.466326,0.361019,-0.500068,0.553821,0.365951,-0.294112,0.451679,0.365362,-0.220016,0.525084,0.442565,-0.471426,0.486163,0.444238,-0.451862,0.656684,0.554610,-0.148023,0.361691,0.545155,-0.131508,0.857965,0.654807,-0.269286,0.154582,0.622191,-0.423977,0.917495,0.357956,-0.476428,0.100931,0.383408,-0.877963,0.951133,0.269124,-0.501612,0.067541,0.288295,-0.966203,0.925198,0.247075,-0.481600,0.086189,0.275049,-0.927300,0.913469,0.284833,-0.482663,0.098719,0.306460,-0.889908,0.590836,1.038726,-0.026499,0.382243,1.018091,0.029132,0.567155,1.520764,0.075852,0.354501,1.506577,0.210419,0.542821,1.900378,0.459333,0.337195,1.887658,0.546679,0.547440,1.948983,0.481331,0.332913,1.933972,0.571492,0.508025,2.035424,0.123842,0.359876,2.032385,0.158595
149.000000,9.961324,0.511744,0.405618,-0.566437,0.527918,0.362703,-0.526577,0.538343,0.361732,-0.526311,0.547472,0.360839,-0.525991,0.491921,0.362185,-0.516283,0.479586,0.361327,-0.516294,0.468299,0.360742,-0.516654,0.553943,0.365952,-0.284386,0.451906,0.365324,-0.229903,0.525554,0.442493,-0.480711,0.487794,0.444076,-0.465456,0.656102,0.554584,-0.139027,0.361374,0.545005,-0.146828,0.857064,0.651012,-0.250622,0.153915,0.623999,-0.498397,0.917421,0.359358,-0.442984,0.101893,0.383368,-0.998374,0.952340,0.274558,-0.465479,0.067780,0.288181,-1.090848,0.925844,0.251020,-0.446867,0.086492,0.274780,-1.053457,0.913353,0.286366,-0.449219,0.098887,0.306333,-1.009540,0.590821,1.086082,-0.023557,0.379149,1.070467,0.026104,0.567007,1.520911,0.082747,0.354091,1.507744,0.203962,0.542922,1.900721,0.474245,0.337235,1.887957,0.541646,0.547538,1.949391,0.497519,0.332828,1.934470,0.566506,0.508413,2.035813,0.138629,0.360010,2.032830,0.153117
150.000000,10.024184,0.511662,0.405604,-0.577917,0.527876,0.362687,-0.537746,0.538319,0.361728,-0.537468,0.547471,0.360841,-0.537158,0.491674,0.362105,-0.530672,0.479259,0.361225,-0.530663,0.468001,0.360643,-0.531025,0.554013,0.365955,-0.291460,0.451871,0.365303,-0.248505,0.525529,0.442482,-0.488752,0.487743,0.444051,-0.477297,0.655867,0.553552,-0.139995,0.361347,0.543328,-0.152113,0.856992,0.649096,-0.267111,0.152771,0.624424,-0.485648,0.917690,0.358565,-0.493149,0.102019,0.382453,-0.982134,0.953112,0.274407,-0.525082,0.067444,0.284860,-1.070379,0.927036,0.249695,-0.506676,0.086141,0.270018,-1.040946,0.913895,0.284632,-0.501047,0.099190,0.302798,-0.997538,0.589972,1.049489,-0.023388,0.381607,1.033041,0.025952,0.567258,1.519247,0.081726,0.354499,1.506981,0.210323,0.544074,1.897772,0.471931,0.337529,1.886219,0.548925,0.548538,1.946931,0.495789,0.332992,1.932880,0.573940,0.509958,2.032065,0.134720,0.360201,2.030521,0.164184
151.000000,10.102963,0.511561,0.405596,-0.579160,0.527846,0.362682,-0.538792,0.538349,0.361728,-0.538502,0.547543,0.360851,-0.538191,0.491597,0.362045,-0.533717,0.479233,0.361145,-0.533702,0.467953,0.360565,-0.534069,0.554126,0.365961,-0.292233,0.451869,0.365286,-0.255967,0.525542,0.442473,-0.489243,0.487718,0.444042,-0.480318,0.655794,0.552988,-0.140376,0.361295,0.542458,-0.156553,0.856938,0.647982,-0.278704,0.152410,0.624660,-0.477119,0.917968,0.357876,-0.510495,0.102182,0.382008,-0.960063,0.953777,0.274094,-0.543168,0.067518,0.283108,-1.048953,0.928036,0.248662,-0.523639,0.086136,0.267866,-1.019383,0.914420,0.283391,-0.518087,0.099448,0.301072,-0.975203,0.589611,1.038372,-0.023230,0.383055,1.020773,0.025803,0.567392,1.517957,0.081548,0.354756,1.506283,0.215390,0.544657,1.895590,0.471194,0.337677,1.884729,0.555688,0.549014,1.944954,0.495395,0.333054,1.931503,0.580971,0.510863,2.029417,0.133891,0.360286,2.028536,0.173975
152.000000,10.179752,0.511547,0.405428,-0.580701,0.527901,0.362665,-0.541817,0.538439,0.361722,-0.541545,0.547665,0.360851,-0.541254,0.491521,0.361993,-0.534529,0.479153,0.361076,-0.534638,0.467900,0.360472,-0.535010,0.554164,0.366008,-0.288503,0.451848,0.365273,-0.260369,0.525591,0.442310,-0.492077,0.487711,0.443726,-0.484343,0.655787,0.553568,-0.127435,0.361290,0.542639,-0.183131,0.857224,0.645336,-0.234649,0.151961,0.625092,-0.519238,0.923531,0.355772,-0.440778,0.101770,0.381829,-0.991756,0.963822,0.271063,-0.466516,0.066550,0.283509,-1.081433,0.933125,0.244983,-0.449964,0.086255,0.268030,-1.051873,0.917965,0.280141,-0.448961,0.099635,0.301088,-1.004980,0.590884,1.093641,-0.010798,0.382572,1.077248,0.013083,0.567552,1.520718,0.121895,0.354657,1.508500,0.185736,0.544567,1.897079,0.542499,0.337714,1.885547,0.520104,0.548745,1.946696,0.569793,0.333061,1.932423,0.544948,0.510989,2.031398,0.214774,0.360346,2.028871,0.134908
153.000000,10.243588,0.510433,0.405777,-0.583569,0.527083,0.362814,-0.543713,0.537936,0.361936,-0.543445,0.547400,0.361127,-0.543151,0.490368,0.361996,-0.536640,0.478183,0.361069,-0.536738,0.467238,0.360417,-0.537108,0.554100,0.366106,-0.289495,0.451677,0.365024,-0.253282,0.525081,0.442453,-0.494085,0.487128,0.443724,-0.485204,0.655746,0.553486,-0.141540,0.360015,0.542321,-0.159918,0.856205,0.640910,-0.295629,0.151533,0.625328,-0.505538,0.923258,0.354473,-0.531333,0.101829,0.381972,-0.991631,0.963656,0.267138,-0.565852,0.066657,0.283605,-1.088027,0.932977,0.242779,-0.543867,0.086758,0.268004,-1.049418,0.917697,0.278946,-0.536607,0.100029,0.301103,-1.002619,0.589761,1.059298,-0.018519,0.380535,1.090420,0.020791,0.568213,1.520816,0.079574,0.354717,1.508790,0.207278,0.546320,1.897849,0.479991,0.338920,1.885828,0.549208,0.550609,1.948320,0.504611,0.334205,1.932560,0.575841,0.513247,2.032324,0.134437,0.362902,2.029142,0.166522
154.000000,10.307491,0.509665,0.406153,-0.585143,0.526435,0.363003,-0.544618,0.537501,0.362189,-0.544350,0.547144,0.361434,-0.544051,0.489603,0.362016,-0.537983,0.477564,0.361062,-0.538070,0.466832,0.360394,-0.538440,0.553995,0.366217,-0.291731,0.451578,0.364861,-0.252498,0.524663,0.442644,-0.495206,0.486757,0.443749,-0.486123,0.655580,0.553447,-0.148668,0.359145,0.542042,-0.156406,0.855081,0.638403,-0.305665,0.151307,0.625381,-0.497018,0.923061,0.353576,-0.534984,0.101551,0.381934,-1.005709,0.963013,0.264289,-0.568067,0.066406,0.283607,-1.103559,0.932404,0.241324,-0.545988,0.086810,0.267886,-1.064381,0.917438,0.278189,-0.539885,0.100140,0.301098,-1.016559,0.588637,1.046333,-0.021247,0.379142,1.094247,0.023494,0.568464,1.520903,0.073950,0.354718,1.508841,0.214730,0.547032,1.897972,0.472551,0.339508,1.886012,0.559162,0.551289,1.948832,0.497120,0.334794,1.932800,0.586158,0.514443,2.032491,0.127237,0.364208,2.029546,0.177909
155.000000,10.370211,0.512000,0.406465,-0.585072,0.528052,0.363309,-0.540892,0.538714,0.362500,-0.540664,0.548121,0.361728,-0.540349,0.491909,0.362209,-0.537810,0.479721,0.361197,-0.537855,0.468685,0.360483,-0.538225,0.554091,0.366312,-0.278372,0.451815,0.364880,-0.253126,0.525603,0.442716,-0.491689,0.488309,0.444073,-0.486342,0.653895,0.553450,-0.128723,0.358991,0.541895,-0.158457,0.855003,0.638496,-0.252579,0.150520,0.625381,-0.483437,0.922853,0.351419,-0.482483,0.099547,0.379035,-0.950064,0.961913,0.262746,-0.515089,0.064009,0.281475,-1.041686,0.931894,0.239006,-0.495345,0.085417,0.264771,-1.013696,0.917200,0.274506,-0.490194,0.098837,0.298980,-0.964010,0.589012,1.078634,-0.020120,0.381174,1.034920,0.022518,0.568406,1.514207,0.060586,0.354857,1.503109,0.213913,0.546340,1.891169,0.449046,0.339514,1.879481,0.554374,0.550029,1.940979,0.472999,0.334659,1.926147,0.579915,0.514386,2.025767,0.103003,0.364209,2.022864,0.170366
156.000000,10.447027,0.511869,0.406428,-0.538493,0.527901,0.363359,-0.500275,0.538559,0.362588,-0.500064,0.547975,0.361849,-0.499859,0.491868,0.362210,-0.490737,0.479697,0.361192,-0.490812,0.468650,0.360472,-0.491207,0.554143,0.366532,-0.269219,0.451823,0.364880,-0.216430,0.525582,0.442633,-0.454741,0.488276,0.443985,-0.440940,0.654314,0.551630,-0.129670,0.359632,0.541609,-0.121505,0.854845,0.636493,-0.244825,0.150848,0.626210,-0.456137,0.922503,0.351166,-0.435452,0.101664,0.380344,-0.955540,0.959480,0.262947,-0.459310,0.065005,0.282110,-1.049137,0.931616,0.239041,-0.440529,0.086657,0.266608,-1.015985,0.917069,0.274566,-0.441003,0.100078,0.300118,-0.968189,0.588912,1.043886,-0.021773,0.381968,1.017373,0.024054,0.568426,1.508894,0.061801,0.354885,1.498185,0.213353,0.546480,1.886874,0.441288,0.339525,1.875512,0.551225,0.550231,1.936333,0.464913,0.334665,1.922519,0.576124,0.514880,2.020952,0.102892,0.364193,2.017444,0.167978
157.000000,10.510832,0.511737,0.406429,-0.527998,0.527702,0.363564,-0.490137,0.538334,0.362893,-0.489922,0.547743,0.362232,-0.489730,0.491812,0.362245,-0.480001,0.479655,0.361198,-0.480072,0.468627,0.360467,-0.480467,0.554139,0.366935,-0.264281,0.451818,0.364883,-0.206824,0.525500,0.442631,-0.445028,0.488260,0.443970,-0.430408,0.654332,0.550753,-0.127878,0.359701,0.541327,-0.111850,0.854397,0.636400,-0.236175,0.150926,0.627016,-0.443450,0.922098,0.351091,-0.414076,0.105503,0.382579,-0.955389,0.957269,0.263179,-0.435335,0.067211,0.282873,-1.048749,0.931284,0.239076,-0.416604,0.088350,0.268438,-1.014588,0.916992,0.274897,-0.419316,0.102721,0.301966,-0.967781,0.588170,1.032119,-0.023493,0.381983,1.008858,0.025710,0.568172,1.505371,0.061267,0.354720,1.494496,0.212984,0.546447,1.883469,0.435241,0.339402,1.872246,0.549560,0.550226,1.932732,0.458627,0.334574,1.919564,0.574172,0.514901,2.017339,0.099063,0.363864,2.013196,0.166518
158.000000,10.574750,0.512631,0.406449,-0.554193,0.528496,0.363618,-0.509369,0.538834,0.362983,-0.509195,0.548068,0.362356,-0.509100,0.493008,0.362229,-0.512162,0.480674,0.361122,-0.512352,0.469407,0.360317,-0.512737,0.554141,0.366976,-0.269273,0.451892,0.364651,-0.251848,0.525589,0.442619,-0.458579,0.488630,0.443926,-0.461480,0.652379,0.550545,-0.125062,0.359283,0.540989,-0.155655,0.853688,0.634075,-0.239186,0.150308,0.626396,-0.492694,0.921978,0.351106,-0.416774,0.105373,0.378033,-0.987429,0.957236,0.263235,-0.458544,0.066451,0.277858,-1.082967,0.930989,0.239662,-0.447386,0.087969,0.262441,-1.051437,0.916714,0.275323,-0.427520,0.102696,0.298412,-0.999730,0.587293,1.026489,-0.012296,0.382382,1.011172,0.014287,0.567735,1.503917,0.098683,0.354632,1.492087,0.131369,0.546426,1.881821,0.471122,0.340408,1.869879,0.389303,0.550229,1.931091,0.494632,0.335878,1.917193,0.406098,0.514921,2.016557,0.159964,0.365652,2.010297,0.009574
159.000000,10.638454,0.511923,0.406338,-0.617811,0.528073,0.363621,-0.569702,0.538531,0.362991,-0.569466,0.547814,0.362377,-0.569176,0.492299,0.362186,-0.567162,0.480001,0.361073,-0.567177,0.468798,0.360275,-0.567495,0.554121,0.367131,-0.294782,0.451692,0.364664,-0.268609,0.525442,0.442596,-0.516284,0.487985,0.443819,-0.511423,0.652114,0.551026,-0.127007,0.359325,0.541018,-0.156417,0.853707,0.639848,-0.241540,0.150711,0.626692,-0.455010,0.921390,0.351119,-0.429141,0.106219,0.378158,-0.923895,0.956605,0.262852,-0.479547,0.066560,0.277707,-1.022829,0.927867,0.239701,-0.465307,0.087822,0.262185,-0.987754,0.914575,0.275571,-0.441589,0.102680,0.298356,-0.935758,0.588085,1.082220,-0.012628,0.378902,1.062422,0.014480,0.567105,1.506769,0.095850,0.354615,1.493940,0.149200,0.546150,1.881991,0.477624,0.340405,1.870203,0.408210,0.550125,1.931237,0.500969,0.335876,1.917343,0.426875,0.513065,2.016926,0.155408,0.365618,2.012074,0.066022
160.000000,10.701347,0.511871,0.406301,-0.629534,0.528054,0.363663,-0.580883,0.538517,0.363085,-0.580629,0.547788,0.362529,-0.580299,0.492232,0.362164,-0.577765,0.479918,0.361023,-0.577773,0.468683,0.360211,-0.578086,0.554114,0.367412,-0.300883,0.451631,0.364665,-0.274725,0.525419,0.442592,-0.528087,0.487776,0.443757,-0.522345,0.651913,0.552845,-0.127127,0.359390,0.541079,-0.159545,0.853756,0.643295,-0.234514,0.151212,0.627170,-0.446889,0.920115,0.351163,-0.441676,0.106906,0.378308,-0.911500,0.954389,0.262784,-0.484211,0.066805,0.277773,-1.008610,0.924808,0.239756,-0.468472,0.087706,0.262058,-0.974758,0.912722,0.276117,-0.451619,0.102636,0.298248,-0.923774,0.588440,1.097113,-0.013296,0.376452,1.076512,0.015207,0.565860,1.508809,0.093265,0.354166,1.495060,0.161895,0.544685,1.882192,0.481263,0.339609,1.870324,0.442774,0.548801,1.931538,0.504575,0.335054,1.917619,0.463618,0.510399,2.017136,0.155103,0.364459,2.013132,0.084536
161.000000,10.777143,0.512452,0.406256,-0.678270,0.528864,0.363541,-0.631196,0.539282,0.362918,-0.630980,0.548504,0.362322,-0.630746,0.492634,0.361994,-0.628235,0.480168,0.360808,-0.628342,0.468832,0.359977,-0.628706,0.554780,0.367152,-0.344757,0.451684,0.364385,-0.318529,0.525722,0.442492,-0.572500,0.488014,0.443698,-0.566807,0.651934,0.552805,-0.158644,0.359436,0.540544,-0.181828,0.854484,0.643559,-0.279656,0.151140,0.627724,-0.481266,0.920039,0.350869,-0.530306,0.105194,0.378318,-0.986301,0.954985,0.262800,-0.569533,0.065033,0.277810,-1.085741,0.924794,0.239793,-0.551617,0.087613,0.262117,-1.051736,0.912223,0.276026,-0.538023,0.102632,0.298309,-0.997903,0.588950,1.098013,-0.016923,0.380015,1.034078,0.018882,0.567145,1.509071,0.097331,0.355259,1.495192,0.229975,0.547038,1.882879,0.517998,0.340838,1.871256,0.601508,0.550943,1.931976,0.545170,0.336392,1.920200,0.630970,0.512395,2.017647,0.173456,0.365698,2.014556,0.214718
162.000000,10.839972,0.512416,0.406794,-0.626592,0.528865,0.364590,-0.584704,0.539278,0.364020,-0.584537,0.548498,0.363339,-0.584340,0.492704,0.362528,-0.582043,0.480265,0.361105,-0.582198,0.468975,0.360094,-0.582543,0.554840,0.367403,-0.319532,0.451875,0.364362,-0.298758,0.525693,0.442592,-0.527554,0.488053,0.443766,-0.522810,0.651845,0.550714,-0.145637,0.359636,0.540207,-0.168611,0.851391,0.641204,-0.255149,0.151846,0.626436,-0.466482,0.918384,0.352267,-0.495090,0.104874,0.378253,-0.965781,0.952899,0.265283,-0.535782,0.064960,0.278258,-1.063146,0.922862,0.243695,-0.527433,0.087557,0.262169,-1.039035,0.910883,0.279580,-0.506071,0.102583,0.298264,-0.980681,0.587186,1.046404,-0.016525,0.380683,1.015577,0.018513,0.565962,1.502207,0.086655,0.354401,1.487633,0.195595,0.544448,1.876956,0.454031,0.339792,1.862852,0.484711,0.548098,1.926099,0.476048,0.335357,1.910463,0.506122,0.509959,2.012422,0.123952,0.364836,2.005754,0.110122
163.000000,10.903828,0.512397,0.407143,-0.593131,0.528846,0.365295,-0.552641,0.539268,0.364757,-0.552456,0.548479,0.364021,-0.552235,0.492681,0.362911,-0.548541,0.480260,0.361332,-0.548674,0.469008,0.360192,-0.549014,0.554853,0.367569,-0.301431,0.452029,0.364346,-0.274863,0.525621,0.442663,-0.499263,0.488052,0.443805,-0.492746,0.651805,0.549603,-0.139194,0.359785,0.540049,-0.158983,0.849819,0.638517,-0.249622,0.152458,0.626142,-0.458859,0.917393,0.352735,-0.483127,0.104859,0.378333,-0.952110,0.951511,0.266413,-0.522644,0.064951,0.279224,-1.048082,0.921523,0.245601,-0.516222,0.087558,0.262385,-1.023896,0.909919,0.281145,-0.494467,0.102586,0.298304,-0.967276,0.586151,1.030638,-0.016409,0.381107,1.008961,0.018428,0.564955,1.498428,0.081547,0.353706,1.483759,0.182399,0.542526,1.873530,0.438122,0.338780,1.858537,0.460345,0.546107,1.922684,0.459544,0.334341,1.905456,0.480961,0.508147,2.009051,0.110058,0.363764,2.001434,0.085871
164.000000,10.966708,0.512951,0.406815,-0.594940,0.529247,0.365185,-0.552783,0.539554,0.364635,-0.552601,0.548627,0.363902,-0.552386,0.492961,0.362707,-0.549876,0.480462,0.361073,-0.550064,0.469109,0.359925,-0.550383,0.554854,0.367554,-0.288416,0.452027,0.364278,-0.276905,0.525803,0.442513,-0.499766,0.488185,0.443608,-0.496886,0.651246,0.549648,-0.130408,0.359792,0.539987,-0.162657,0.850117,0.636406,-0.249718,0.153125,0.623552,-0.458258,0.915905,0.353323,-0.496567,0.103364,0.375053,-0.935652,0.947701,0.267261,-0.538929,0.064948,0.278385,-1.031619,0.921214,0.245684,-0.524360,0.087446,0.261369,-1.009226,0.909603,0.281433,-0.507236,0.102182,0.297296,-0.951313,0.585368,1.026064,-0.013749,0.378992,1.051349,0.015670,0.565229,1.498166,0.088471,0.355078,1.484383,0.128247,0.544317,1.873819,0.441522,0.341346,1.859520,0.360030,0.548285,1.922859,0.461578,0.337362,1.905604,0.373883,0.510231,2.009948,0.128717,0.365804,2.002966,-0.030057
165.000000,11.028537,0.512867,0.406866,-0.618476,0.529141,0.365278,-0.575657,0.539484,0.364723,-0.575437,0.548578,0.363983,-0.575200,0.492776,0.362815,-0.570989,0.480327,0.361173,-0.571084,0.469027,0.360009,-0.571412,0.554803,0.367612,-0.314706,0.452016,0.364314,-0.286277,0.525770,0.442596,-0.522478,0.488180,0.443615,-0.515620,0.651250,0.549676,-0.143454,0.359990,0.539929,-0.173242,0.850174,0.639953,-0.249925,0.153486,0.623605,-0.470586,0.915749,0.353351,-0.466402,0.103711,0.375146,-0.936502,0.948263,0.267252,-0.494447,0.065128,0.278377,-1.030763,0.921583,0.245100,-0.480985,0.087515,0.261405,-1.002830,0.909416,0.280836,-0.475889,0.102418,0.297325,-0.951029,0.584943,1.069519,-0.015409,0.380510,1.021931,0.017418,0.562673,1.497098,0.070793,0.353273,1.482571,0.187974,0.541055,1.870449,0.430617,0.339453,1.855528,0.490508,0.544672,1.919684,0.452513,0.335730,1.902194,0.513177,0.506961,2.006219,0.095808,0.361996,1.998068,0.115120
166.000000,11.108215,0.512853,0.406885,-0.616802,0.529120,0.365315,-0.573587,0.539471,0.364761,-0.573369,0.548569,0.364021,-0.573130,0.492712,0.362851,-0.569140,0.480279,0.361205,-0.569237,0.468998,0.360034,-0.569570,0.554778,0.367650,-0.313292,0.452007,0.364325,-0.284052,0.525766,0.442640,-0.520846,0.488178,0.443612,-0.514011,0.651247,0.549684,-0.144396,0.360064,0.539923,-0.171657,0.850195,0.640962,-0.250417,0.153661,0.623778,-0.471833,0.915598,0.353355,-0.465613,0.103916,0.376271,-0.936585,0.948678,0.267252,-0.494083,0.065217,0.278400,-1.031395,0.921841,0.244745,-0.479697,0.087564,0.261439,-1.002597,0.909268,0.280415,-0.474792,0.102577,0.297386,-0.951263,0.584755,1.084438,-0.016038,0.381664,1.011827,0.018086,0.561660,1.496725,0.066460,0.352795,1.481947,0.199807,0.540023,1.869187,0.427952,0.339072,1.853856,0.508263,0.543594,1.918459,0.450223,0.335367,1.900536,0.531348,0.506004,2.004509,0.090430,0.361168,1.996039,0.133963
167.000000,11.170609,0.513303,0.406869,-0.616324,0.529557,0.365243,-0.572361,0.539850,0.364681,-0.572140,0.548884,0.363960,-0.571893,0.493130,0.362837,-0.568706,0.480619,0.361202,-0.568813,0.469255,0.360034,-0.569164,0.554823,0.367661,-0.312880,0.452034,0.364335,-0.284398,0.526152,0.442622,-0.520037,0.488524,0.443643,-0.514248,0.651204,0.550784,-0.140920,0.359928,0.540488,-0.181526,0.851042,0.646535,-0.242463,0.153665,0.624441,-0.483005,0.915560,0.355277,-0.456341,0.104220,0.376308,-0.927033,0.949772,0.267596,-0.484645,0.066662,0.279072,-1.015419,0.922408,0.244856,-0.468854,0.087869,0.262326,-0.982966,0.909350,0.281690,-0.464478,0.102581,0.297547,-0.937982,0.586191,1.093738,-0.012968,0.379327,1.062695,0.015032,0.562121,1.499485,0.089988,0.352898,1.488411,0.191272,0.540585,1.873006,0.487514,0.339082,1.862455,0.506398,0.544304,1.922228,0.512799,0.335330,1.909283,0.529143,0.507070,2.008944,0.152536,0.361483,2.005048,0.131567
168.000000,11.231947,0.510923,0.406878,-0.564104,0.527184,0.365235,-0.520744,0.537812,0.364656,-0.520440,0.547075,0.363920,-0.520139,0.491104,0.362894,-0.513468,0.479045,0.361300,-0.513497,0.468150,0.360167,-0.513826,0.553653,0.367667,-0.279193,0.451990,0.364581,-0.235084,0.525084,0.442611,-0.475877,0.487791,0.443665,-0.465559,0.651199,0.551152,-0.134917,0.359838,0.540483,-0.149161,0.852541,0.646376,-0.246642,0.153459,0.624766,-0.461622,0.915576,0.351654,-0.457522,0.104226,0.376338,-0.928758,0.949797,0.264827,-0.487491,0.066621,0.279080,-1.017666,0.922428,0.243094,-0.471841,0.087857,0.262345,-0.985103,0.909400,0.279059,-0.465920,0.102584,0.297561,-0.939910,0.586280,1.050152,-0.017235,0.381483,1.032032,0.019654,0.564323,1.500411,0.084709,0.354406,1.489709,0.203756,0.543423,1.873070,0.474397,0.339520,1.862999,0.524172,0.547310,1.922304,0.500101,0.335540,1.910024,0.547666,0.510063,2.009259,0.138516,0.361526,2.005125,0.145885
169.000000,11.309870,0.509701,0.406868,-0.558731,0.526181,0.365137,-0.515041,0.537000,0.364515,-0.514742,0.546363,0.363752,-0.514441,0.489969,0.362892,-0.507705,0.478082,0.361307,-0.507740,0.467396,0.360188,-0.508075,0.553290,0.367603,-0.272371,0.451947,0.364678,-0.227408,0.524544,0.442576,-0.470248,0.487268,0.443674,-0.459713,0.651201,0.551323,-0.133030,0.359802,0.540446,-0.136953,0.853547,0.646241,-0.254307,0.153351,0.625472,-0.447098,0.915567,0.348992,-0.464481,0.104433,0.376388,-0.922124,0.949792,0.262695,-0.493149,0.066540,0.279027,-1.015006,0.922398,0.241601,-0.473780,0.087855,0.262327,-0.975025,0.909395,0.277157,-0.471830,0.102645,0.297575,-0.932521,0.586478,1.035724,-0.020930,0.382992,1.019173,0.023509,0.565897,1.500470,0.082297,0.355219,1.489936,0.213340,0.545750,1.873368,0.470357,0.339901,1.863200,0.537123,0.549875,1.922637,0.496591,0.335763,1.910225,0.561298,0.512046,2.009472,0.133453,0.361776,2.005339,0.158017
170.000000,11.372990,0.509748,0.407042,-0.660867,0.526328,0.365189,-0.616336,0.537126,0.364538,-0.616211,0.546437,0.363760,-0.616076,0.489972,0.363117,-0.614380,0.478050,0.361606,-0.614520,0.467272,0.360521,-0.614964,0.553432,0.367600,-0.335176,0.451921,0.364839,-0.313488,0.524587,0.442635,-0.555754,0.487240,0.444189,-0.551398,0.651081,0.551238,-0.139364,0.359864,0.540447,-0.166112,0.852199,0.646689,-0.251622,0.153361,0.625642,-0.446271,0.913428,0.349071,-0.488647,0.104389,0.376418,-0.901956,0.949085,0.262688,-0.526463,0.067468,0.279827,-0.990738,0.921150,0.240866,-0.512971,0.087741,0.263045,-0.962954,0.907765,0.276688,-0.498171,0.102134,0.297717,-0.914057,0.586382,1.030570,-0.019195,0.384344,1.013399,0.021549,0.565865,1.499795,0.081883,0.355149,1.488899,0.186843,0.545595,1.873300,0.474760,0.340042,1.863349,0.514751,0.549709,1.922730,0.500346,0.335977,1.910295,0.538714,0.511836,2.009510,0.136313,0.363191,2.005434,0.124764
171.000000,11.436398,0.509425,0.407235,-0.653472,0.525899,0.365540,-0.602675,0.536776,0.364881,-0.602578,0.546173,0.364097,-0.602519,0.489230,0.363541,-0.602847,0.477174,0.362071,-0.603108,0.466420,0.361030,-0.603551,0.553040,0.367887,-0.329487,0.451504,0.365462,-0.300750,0.524272,0.442946,-0.543701,0.486676,0.444384,-0.541099,0.651123,0.551244,-0.159031,0.359842,0.541105,-0.183919,0.852178,0.645890,-0.292242,0.153230,0.625563,-0.493004,0.914456,0.350539,-0.514059,0.104273,0.376452,-0.935656,0.949394,0.263438,-0.545312,0.067474,0.280047,-1.022825,0.922108,0.241305,-0.525903,0.087726,0.263248,-0.984391,0.908730,0.277320,-0.520745,0.102061,0.297837,-0.944995,0.587049,1.088053,-0.019040,0.380703,1.073977,0.021437,0.565898,1.509567,0.103676,0.355412,1.500184,0.183155,0.545925,1.881520,0.526497,0.340784,1.872676,0.512091,0.550103,1.931589,0.554510,0.336699,1.919785,0.536469,0.512761,2.015983,0.195862,0.363738,2.015004,0.123373
172.000000,11.500223,0.509353,0.407425,-0.639761,0.525804,0.365742,-0.591310,0.536687,0.365072,-0.591151,0.546096,0.364279,-0.591000,0.488984,0.363752,-0.589492,0.476817,0.362279,-0.589685,0.466018,0.361238,-0.590095,0.552813,0.368007,-0.331559,0.451189,0.365728,-0.296671,0.524060,0.443221,-0.536008,0.486360,0.444562,-0.531061,0.651127,0.551150,-0.172197,0.359779,0.541261,-0.192627,0.852234,0.644734,-0.316348,0.153225,0.625086,-0.504630,0.915368,0.351544,-0.540762,0.104456,0.376484,-0.944804,0.949836,0.264010,-0.572698,0.067584,0.280072,-1.032309,0.922749,0.241602,-0.551129,0.087755,0.263261,-0.991383,0.909320,0.277719,-0.546729,0.102064,0.297853,-0.953508,0.587321,1.100899,-0.019020,0.378542,1.086085,0.021428,0.565900,1.512489,0.109640,0.355632,1.503367,0.181725,0.546146,1.883870,0.535426,0.341405,1.874914,0.511857,0.550436,1.934050,0.563446,0.337268,1.922010,0.535904,0.513171,2.017575,0.204590,0.364274,2.017129,0.123265
173.000000,11.563612,0.511622,0.407513,-0.641667,0.527699,0.365768,-0.595097,0.538177,0.365082,-0.594953,0.547310,0.364283,-0.594819,0.491339,0.363798,-0.594505,0.478809,0.362305,-0.594640,0.467539,0.361251,-0.595042,0.553152,0.368013,-0.329982,0.451218,0.365751,-0.309378,0.524844,0.443230,-0.540600,0.487698,0.444594,-0.537959,0.650720,0.550479,-0.170427,0.359596,0.541226,-0.192212,0.852389,0.639680,-0.306416,0.152872,0.625236,-0.499305,0.913698,0.349690,-0.536689,0.102789,0.375905,-0.959850,0.949280,0.263121,-0.570995,0.067178,0.279978,-1.050792,0.922074,0.240671,-0.550620,0.087080,0.263133,-1.015821,0.908196,0.276213,-0.543188,0.101066,0.297815,-0.970041,0.587347,1.095120,-0.019064,0.378453,1.080141,0.021434,0.565948,1.503493,0.107273,0.355628,1.494531,0.187176,0.546522,1.875751,0.521708,0.341689,1.866499,0.520331,0.550926,1.925416,0.548640,0.337608,1.913744,0.544874,0.513345,2.010690,0.189936,0.365736,2.008473,0.139166
174.000000,11.642895,0.511495,0.408740,-0.601343,0.527712,0.366537,-0.559636,0.538190,0.365794,-0.559449,0.547324,0.364905,-0.559265,0.491248,0.364539,-0.555244,0.478611,0.362904,-0.555242,0.467293,0.361681,-0.555637,0.553151,0.368091,-0.314096,0.451167,0.365755,-0.278264,0.524641,0.443949,-0.509597,0.487237,0.445315,-0.501908,0.649625,0.550674,-0.167229,0.359056,0.540662,-0.172883,0.851548,0.648237,-0.299629,0.152711,0.626491,-0.475446,0.913466,0.348543,-0.517291,0.103484,0.376101,-0.922438,0.949193,0.260250,-0.543535,0.067252,0.279826,-1.012028,0.922308,0.237962,-0.520601,0.087075,0.263025,-0.967540,0.908259,0.273419,-0.522319,0.101124,0.297825,-0.929891,0.587358,1.050373,-0.023509,0.382194,1.029734,0.026014,0.569442,1.502247,0.071550,0.358759,1.494519,0.225554,0.553018,1.875288,0.467178,0.346769,1.866328,0.576377,0.557802,1.925004,0.492553,0.342176,1.913511,0.603592,0.521155,2.010473,0.121811,0.372045,2.008478,0.195274
175.000000,11.706714,0.511394,0.409445,-0.583609,0.527709,0.366971,-0.542179,0.538185,0.366206,-0.541966,0.547318,0.365271,-0.541748,0.491162,0.364900,-0.537069,0.478453,0.363173,-0.537063,0.467107,0.361854,-0.537444,0.553082,0.368171,-0.301443,0.451098,0.365753,-0.262846,0.524413,0.444315,-0.494239,0.486932,0.445717,-0.485720,0.648937,0.551140,-0.165701,0.358563,0.540492,-0.163163,0.851399,0.650342,-0.296169,0.152521,0.627459,-0.463963,0.913379,0.347578,-0.510575,0.103616,0.376044,-0.909592,0.949186,0.257944,-0.535086,0.067264,0.279213,-0.999145,0.922335,0.236071,-0.512773,0.086855,0.262442,-0.954801,0.908263,0.271888,-0.515716,0.101083,0.297687,-0.917340,0.587346,1.036667,-0.025426,0.383961,1.014670,0.027953,0.571059,1.501403,0.061649,0.360450,1.494520,0.226443,0.555655,1.874954,0.451422,0.349240,1.866307,0.567704,0.560519,1.924640,0.476447,0.344516,1.913473,0.593713,0.524367,2.010269,0.107104,0.374554,2.008479,0.186162
176.000000,11.770027,0.511452,0.409172,-0.571468,0.527704,0.366480,-0.528087,0.538155,0.365610,-0.527919,0.547256,0.364625,-0.527753,0.491272,0.364606,-0.525394,0.478680,0.362918,-0.525411,0.467427,0.361638,-0.525774,0.552492,0.367662,-0.281951,0.451108,0.365688,-0.256337,0.524381,0.443824,-0.480895,0.487025,0.445456,-0.475705,0.648669,0.550993,-0.153543,0.357195,0.540186,-0.157229,0.851443,0.649851,-0.284969,0.152501,0.627426,-0.460562,0.913380,0.350103,-0.505224,0.103380,0.376862,-0.916643,0.949153,0.264489,-0.532793,0.067264,0.280777,-1.008002,0.922143,0.244184,-0.512099,0.086742,0.264323,-0.969068,0.908170,0.277881,-0.511290,0.100895,0.299282,-0.925924,0.585496,1.064841,-0.025259,0.378143,1.051650,0.027792,0.569377,1.499235,0.068925,0.360393,1.493113,0.199218,0.554082,1.872299,0.458298,0.349045,1.865163,0.523611,0.558777,1.921190,0.483867,0.344373,1.912436,0.547455,0.523936,2.006843,0.133233,0.374504,2.004980,0.149678
177.000000,11.832376,0.511036,0.409032,-0.557073,0.527306,0.366471,-0.513623,0.537813,0.365613,-0.513399,0.546974,0.364640,-0.513162,0.490695,0.364590,-0.508916,0.478219,0.362918,-0.508996,0.467077,0.361644,-0.509382,0.552277,0.367856,-0.275100,0.450895,0.365894,-0.240892,0.524307,0.443765,-0.469685,0.486614,0.445384,-0.462060,0.648946,0.552789,-0.150885,0.357098,0.543106,-0.150098,0.853527,0.649779,-0.290005,0.152496,0.627794,-0.437282,0.913426,0.349556,-0.512980,0.103026,0.376644,-0.847904,0.948998,0.264248,-0.538487,0.067030,0.281026,-0.926979,0.922133,0.243978,-0.517154,0.086548,0.264705,-0.887538,0.908238,0.277363,-0.519307,0.100561,0.299351,-0.856865,0.585661,1.043658,-0.026471,0.378469,1.069411,0.028872,0.570358,1.499056,0.064280,0.361171,1.492949,0.194327,0.554727,1.872402,0.454876,0.349239,1.865560,0.492301,0.559422,1.921305,0.481099,0.344989,1.913718,0.512679,0.524137,2.006954,0.124543,0.374440,2.005092,0.114102
178.000000,11.912159,0.510796,0.408976,-0.543826,0.527061,0.366474,-0.501383,0.537589,0.365635,-0.501151,0.546777,0.364692,-0.500902,0.490345,0.364592,-0.494829,0.477938,0.362926,-0.494915,0.466859,0.361676,-0.495303,0.552110,0.368080,-0.269114,0.450769,0.366094,-0.226535,0.524264,0.443743,-0.458797,0.486337,0.445371,-0.448832,0.649280,0.553699,-0.148995,0.357033,0.544932,-0.136059,0.854500,0.649416,-0.292451,0.152492,0.628226,-0.417411,0.913410,0.349198,-0.516610,0.102701,0.376474,-0.833604,0.948825,0.264231,-0.541409,0.066780,0.281139,-0.912932,0.922073,0.243872,-0.519974,0.086438,0.264844,-0.872774,0.908242,0.277209,-0.522911,0.100384,0.299369,-0.842584,0.585746,1.035762,-0.029178,0.378600,1.074389,0.031472,0.570504,1.498333,0.056775,0.361325,1.492257,0.194411,0.554659,1.872187,0.442455,0.349131,1.865589,0.489907,0.559331,1.921318,0.468639,0.344959,1.913879,0.510229,0.523825,2.006605,0.110182,0.373741,2.004936,0.112239
179.000000,11.989524,0.511176,0.409144,-0.556398,0.527141,0.366594,-0.512976,0.537592,0.365698,-0.512877,0.546764,0.364711,-0.512811,0.490720,0.364805,-0.509475,0.478215,0.363102,-0.509436,0.467046,0.361801,-0.509880,0.551602,0.368035,-0.272395,0.450753,0.366072,-0.230676,0.524258,0.443737,-0.462804,0.486681,0.445397,-0.456329,0.648909,0.551900,-0.145632,0.356862,0.544727,-0.139819,0.850128,0.657622,-0.247636,0.152335,0.630094,-0.425943,0.911736,0.356140,-0.462424,0.102031,0.379311,-0.896894,0.947988,0.272161,-0.487065,0.066710,0.284703,-0.988247,0.920920,0.249902,-0.469445,0.086618,0.267959,-0.955287,0.907038,0.283816,-0.469556,0.100669,0.301980,-0.909054,0.585711,1.022827,-0.030087,0.384200,1.022099,0.032428,0.571644,1.493153,0.059649,0.361497,1.488487,0.217689,0.555494,1.866648,0.457124,0.349405,1.863224,0.572126,0.559979,1.915947,0.485717,0.345179,1.912196,0.599846,0.525045,2.001971,0.122061,0.374758,2.002098,0.189842
180.000000,12.051810,0.511185,0.408857,-0.551582,0.527107,0.365887,-0.512148,0.537515,0.364926,-0.511993,0.546667,0.363948,-0.511796,0.490784,0.364447,-0.503909,0.478301,0.362851,-0.503854,0.467150,0.361629,-0.504248,0.551361,0.367789,-0.272995,0.450747,0.366057,-0.230332,0.524231,0.443546,-0.465530,0.486863,0.445303,-0.453995,0.649478,0.552498,-0.151375,0.356687,0.544702,-0.140411,0.848916,0.656849,-0.273373,0.151945,0.630671,-0.430798,0.911622,0.356527,-0.480309,0.101399,0.381828,-0.897631,0.947535,0.272014,-0.500154,0.066369,0.286315,-0.988502,0.920731,0.249704,-0.476377,0.086175,0.269944,-0.954673,0.907047,0.283753,-0.484238,0.100490,0.304053,-0.909570,0.585820,1.022946,-0.033012,0.383068,1.055250,0.035477,0.570662,1.493218,0.058856,0.360696,1.488529,0.236154,0.553104,1.866909,0.456792,0.347957,1.863165,0.582694,0.557456,1.916028,0.484564,0.343828,1.912217,0.609693,0.521965,2.002127,0.120958,0.371868,2.002206,0.209243
181.000000,12.114682,0.511716,0.408702,-0.583762,0.527198,0.365814,-0.543536,0.537535,0.364847,-0.543342,0.546663,0.363870,-0.543115,0.491003,0.364437,-0.537422,0.478406,0.362855,-0.537350,0.467178,0.361668,-0.537763,0.551358,0.367760,-0.289016,0.450730,0.366217,-0.249528,0.524567,0.443307,-0.489679,0.487354,0.445246,-0.480028,0.649786,0.551995,-0.151345,0.356700,0.544749,-0.143490,0.847269,0.657325,-0.268741,0.151991,0.630504,-0.419059,0.910308,0.358250,-0.490501,0.099518,0.381507,-0.859446,0.945368,0.274707,-0.522220,0.065493,0.286268,-0.948863,0.918750,0.253232,-0.506820,0.085147,0.270188,-0.918230,0.905343,0.286455,-0.498723,0.098752,0.304343,-0.871952,0.588504,1.025108,-0.031172,0.383055,1.075183,0.033719,0.573398,1.497737,0.097782,0.363274,1.493597,0.231690,0.558367,1.869556,0.523992,0.352316,1.867108,0.570884,0.563450,1.918625,0.552884,0.348075,1.915472,0.597799,0.526348,2.004169,0.189845,0.377798,2.006472,0.191857
182.000000,12.178010,0.512195,0.408636,-0.598388,0.527309,0.365810,-0.557560,0.537570,0.364844,-0.557358,0.546665,0.363869,-0.557129,0.491227,0.364439,-0.552412,0.478522,0.362870,-0.552364,0.467214,0.361713,-0.552779,0.551356,0.367762,-0.298124,0.450718,0.366312,-0.261522,0.524879,0.443170,-0.501874,0.487757,0.445198,-0.493370,0.649948,0.551786,-0.151156,0.356716,0.544763,-0.145777,0.846674,0.658808,-0.266311,0.152181,0.630124,-0.410746,0.909421,0.360076,-0.499532,0.098783,0.381463,-0.840612,0.944017,0.276987,-0.535982,0.065058,0.286454,-0.928528,0.917485,0.255866,-0.522051,0.084510,0.271166,-0.898352,0.904239,0.288733,-0.509276,0.097780,0.305068,-0.852874,0.590035,1.026216,-0.029923,0.383042,1.081603,0.032505,0.574757,1.499866,0.109829,0.364762,1.495806,0.229150,0.560738,1.870771,0.539697,0.354577,1.868832,0.567934,0.566074,1.919856,0.568825,0.350324,1.916985,0.595263,0.528249,2.005054,0.207353,0.380679,2.008228,0.186610
183.000000,12.241308,0.512017,0.408229,-0.647843,0.527274,0.365274,-0.602088,0.537546,0.364270,-0.601910,0.546621,0.363341,-0.601679,0.491037,0.364254,-0.601882,0.478236,0.362822,-0.601923,0.466847,0.361718,-0.602323,0.551311,0.367528,-0.326527,0.450384,0.366453,-0.313409,0.524877,0.443007,-0.545932,0.487546,0.445182,-0.544353,0.649675,0.551779,-0.155027,0.356504,0.544744,-0.180602,0.846192,0.658870,-0.265680,0.152099,0.630125,-0.449400,0.909273,0.359938,-0.498685,0.097246,0.381429,-0.852885,0.943793,0.275998,-0.533478,0.063922,0.286210,-0.930090,0.917055,0.253453,-0.520961,0.083914,0.270184,-0.902254,0.904186,0.287655,-0.508330,0.097525,0.304521,-0.862142,0.589733,1.023843,-0.029235,0.383253,1.027332,0.031763,0.574679,1.497826,0.066518,0.364671,1.493448,0.204970,0.560256,1.870055,0.460485,0.354338,1.866895,0.513467,0.565337,1.919289,0.484778,0.350088,1.915087,0.536055,0.527494,2.005105,0.114556,0.380222,2.007334,0.124843
184.000000,12.305167,0.512002,0.408058,-0.657315,0.527273,0.365075,-0.611149,0.537543,0.364058,-0.610969,0.546604,0.363146,-0.610720,0.491018,0.364194,-0.611555,0.478189,0.362817,-0.611603,0.466758,0.361734,-0.612002,0.551249,0.367430,-0.335739,0.450244,0.366599,-0.326193,0.524879,0.442933,-0.555658,0.487505,0.445181,-0.555029,0.649434,0.551776,-0.158558,0.356371,0.544728,-0.193938,0.845390,0.659129,-0.265018,0.152092,0.630107,-0.461950,0.909189,0.359822,-0.495900,0.096539,0.381435,-0.860760,0.943746,0.275708,-0.527764,0.063345,0.286078,-0.943309,0.916879,0.252196,-0.515889,0.083526,0.269595,-0.911958,0.904189,0.287071,-0.505396,0.097373,0.304219,-0.870938,0.589641,1.021994,-0.028959,0.383546,1.012598,0.031475,0.574644,1.496258,0.049842,0.364718,1.492031,0.193615,0.560100,1.869481,0.440008,0.354219,1.865807,0.496522,0.565235,1.918838,0.464115,0.350057,1.914059,0.518360,0.527318,2.005120,0.093823,0.379841,2.006750,0.107488
185.000000,12.382483,0.511999,0.407250,-0.642270,0.527254,0.363800,-0.597210,0.537508,0.362695,-0.597022,0.546535,0.361775,-0.596771,0.491005,0.363506,-0.595451,0.478185,0.362357,-0.595468,0.466755,0.361445,-0.595867,0.551030,0.366601,-0.329654,0.450301,0.366543,-0.313595,0.524937,0.442298,-0.543364,0.487503,0.444773,-0.539816,0.649406,0.551705,-0.156679,0.356424,0.544716,-0.187851,0.845082,0.658036,-0.264655,0.151390,0.630103,-0.499064,0.908803,0.359668,-0.495230,0.097686,0.381901,-0.981019,0.943608,0.275277,-0.527038,0.066806,0.287596,-1.075564,0.916776,0.251755,-0.512117,0.086913,0.271961,-1.035945,0.903946,0.285948,-0.503713,0.099721,0.306088,-0.990475,0.590400,1.078009,-0.028705,0.381884,1.058382,0.031248,0.574593,1.498150,0.070537,0.364668,1.494526,0.211513,0.560015,1.870663,0.491481,0.354081,1.867928,0.571605,0.565132,1.920127,0.518472,0.350004,1.916547,0.600134,0.527108,2.006549,0.146763,0.379557,2.009139,0.185580
186.000000,12.445846,0.511302,0.407230,-0.635635,0.526708,0.363795,-0.591420,0.537016,0.362686,-0.591232,0.546031,0.361762,-0.590963,0.490437,0.363515,-0.589427,0.477732,0.362383,-0.589400,0.466350,0.361483,-0.589796,0.550848,0.366526,-0.326158,0.450152,0.366497,-0.307913,0.524526,0.442191,-0.537679,0.486950,0.444652,-0.533663,0.649390,0.552715,-0.155795,0.356476,0.543429,-0.184431,0.848626,0.657920,-0.263964,0.152081,0.629268,-0.491543,0.909093,0.353760,-0.477862,0.097588,0.381921,-0.954478,0.944461,0.270440,-0.501184,0.066633,0.287812,-1.038735,0.918114,0.245977,-0.481843,0.086157,0.272489,-0.996623,0.904455,0.279403,-0.484804,0.098982,0.306186,-0.962462,0.586069,1.047624,-0.029065,0.381946,1.015251,0.031527,0.570942,1.494530,0.073857,0.363058,1.489431,0.227465,0.557360,1.864596,0.492121,0.352878,1.861079,0.599793,0.562125,1.914422,0.519635,0.349379,1.910895,0.629422,0.524752,2.000929,0.151336,0.376791,1.999871,0.223605
187.000000,12.508604,0.510944,0.407221,-0.633750,0.526382,0.363794,-0.588912,0.536693,0.362683,-0.588738,0.545691,0.361757,-0.588516,0.490176,0.363526,-0.585705,0.477534,0.362407,-0.585738,0.466173,0.361517,-0.586139,0.550686,0.366467,-0.325327,0.450053,0.366457,-0.303170,0.524217,0.442139,-0.537239,0.486676,0.444586,-0.531646,0.649354,0.553574,-0.154929,0.356485,0.542690,-0.183373,0.850196,0.657770,-0.264032,0.152209,0.629062,-0.481371,0.909531,0.351710,-0.472146,0.097338,0.381938,-0.922931,0.946253,0.268866,-0.493366,0.066142,0.287807,-1.004264,0.919313,0.243490,-0.472996,0.084975,0.272541,-0.962369,0.905011,0.276669,-0.478572,0.097985,0.306180,-0.930989,0.584855,1.072402,-0.029779,0.377689,1.045934,0.032164,0.568052,1.492946,0.075268,0.361353,1.487226,0.237120,0.554702,1.861654,0.491879,0.351372,1.857536,0.611716,0.559248,1.911660,0.519625,0.348316,1.907765,0.641735,0.522306,1.998119,0.152984,0.374283,1.995564,0.238519
188.000000,12.571956,0.511215,0.407306,-0.585605,0.526437,0.363796,-0.542270,0.536700,0.362694,-0.542050,0.545684,0.361781,-0.541785,0.490191,0.363502,-0.540014,0.477530,0.362386,-0.540077,0.466132,0.361513,-0.540478,0.550322,0.366464,-0.299356,0.449782,0.366446,-0.279553,0.524226,0.442469,-0.496622,0.486681,0.444974,-0.492326,0.648647,0.553859,-0.145381,0.355057,0.542686,-0.181518,0.848211,0.656353,-0.253210,0.150541,0.629728,-0.477069,0.910539,0.351580,-0.455775,0.096677,0.379875,-0.911997,0.946524,0.268575,-0.476782,0.066042,0.284538,-0.987856,0.919973,0.242887,-0.456379,0.084762,0.269529,-0.950053,0.905860,0.275912,-0.462370,0.097736,0.305336,-0.920768,0.583313,1.034522,-0.022855,0.375449,1.054470,0.025150,0.568044,1.488155,0.076536,0.361280,1.482363,0.210917,0.553752,1.857406,0.491513,0.350232,1.852922,0.550247,0.557841,1.906536,0.519523,0.346378,1.903176,0.575915,0.522297,1.993633,0.154180,0.372245,1.988039,0.176391
189.000000,12.635276,0.510457,0.408129,-0.606626,0.526110,0.364876,-0.561681,0.536497,0.363719,-0.561469,0.545538,0.362706,-0.561168,0.489446,0.364605,-0.557959,0.476796,0.363450,-0.557831,0.465513,0.362510,-0.558206,0.550314,0.366811,-0.304141,0.449436,0.366824,-0.279546,0.523799,0.443004,-0.511397,0.485943,0.445435,-0.504614,0.648789,0.554028,-0.144402,0.355024,0.542975,-0.181309,0.850504,0.659069,-0.250198,0.150697,0.629262,-0.452808,0.910667,0.351600,-0.456880,0.096403,0.377334,-0.872478,0.946504,0.268104,-0.480220,0.065767,0.282526,-0.957061,0.919527,0.242583,-0.459562,0.084743,0.267490,-0.919303,0.905678,0.275691,-0.463664,0.097737,0.304577,-0.883125,0.583399,1.027538,-0.024730,0.375592,1.067172,0.027376,0.568084,1.489686,0.069531,0.360972,1.482986,0.242509,0.552951,1.857961,0.484299,0.348564,1.853420,0.611185,0.556950,1.907144,0.511612,0.344509,1.903457,0.640049,0.520744,1.994160,0.132814,0.370467,1.988757,0.223602
190.000000,12.715147,0.507926,0.408274,-0.755714,0.524866,0.365904,-0.712790,0.535655,0.365059,-0.712573,0.544876,0.364240,-0.712285,0.487391,0.365038,-0.706522,0.474786,0.363827,-0.706429,0.463715,0.362839,-0.706729,0.550307,0.368044,-0.425289,0.448848,0.366902,-0.381103,0.522508,0.443769,-0.648260,0.483442,0.445663,-0.637621,0.648503,0.553672,-0.219536,0.355051,0.544053,-0.203709,0.852102,0.658570,-0.325828,0.150845,0.631505,-0.415190,0.910473,0.351592,-0.558229,0.095916,0.378328,-0.804589,0.946164,0.268033,-0.595941,0.065562,0.285399,-0.884570,0.918519,0.242585,-0.575002,0.084333,0.269509,-0.854918,0.904906,0.275703,-0.565586,0.097051,0.305035,-0.816445,0.585718,1.077346,-0.038614,0.375754,1.074838,0.041644,0.568089,1.492896,0.030465,0.360891,1.485423,0.264310,0.552419,1.859924,0.444808,0.348368,1.854304,0.638908,0.556697,1.908943,0.469493,0.344438,1.904034,0.667905,0.515650,1.997726,0.070901,0.369847,1.992437,0.243536
191.000000,12.792470,0.507856,0.406779,-0.715427,0.524819,0.364181,-0.668973,0.535622,0.363214,-0.668840,0.544844,0.362417,-0.668665,0.487132,0.363758,-0.664781,0.474358,0.362713,-0.664775,0.463102,0.361914,-0.665156,0.550349,0.366757,-0.387593,0.448167,0.366296,-0.352277,0.522568,0.442740,-0.610304,0.483236,0.444745,-0.602573,0.648617,0.553568,-0.206777,0.355057,0.543789,-0.198153,0.852079,0.658485,-0.314823,0.150719,0.635408,-0.421973,0.910471,0.351533,-0.533826,0.096574,0.383125,-0.848650,0.946202,0.267479,-0.566391,0.065398,0.287118,-0.934561,0.918604,0.241420,-0.546021,0.084255,0.270717,-0.906714,0.904945,0.275052,-0.541005,0.097095,0.305867,-0.859754,0.581213,1.081810,-0.036327,0.375875,1.019143,0.039025,0.559549,1.492448,0.039743,0.350968,1.483452,0.234405,0.542400,1.859692,0.451151,0.340648,1.853594,0.588664,0.546528,1.909064,0.474869,0.338100,1.903578,0.615239,0.505627,1.997321,0.073657,0.363336,1.992340,0.197279
192.000000,12.855739,0.506987,0.407126,-0.646144,0.524056,0.364295,-0.611708,0.535048,0.363259,-0.611507,0.544405,0.362420,-0.611234,0.485832,0.364038,-0.600084,0.473108,0.362990,-0.600024,0.462040,0.362177,-0.600343,0.549998,0.366569,-0.379913,0.447580,0.366317,-0.303309,0.522249,0.443032,-0.554793,0.482800,0.445149,-0.537216,0.649323,0.552185,-0.194100,0.355685,0.543577,-0.178073,0.853280,0.652388,-0.315668,0.151166,0.635283,-0.435062,0.910975,0.349374,-0.553362,0.096582,0.383842,-0.927669,0.946950,0.265658,-0.587726,0.065215,0.288324,-1.020561,0.919336,0.240081,-0.566984,0.084239,0.271049,-0.988058,0.905245,0.272594,-0.560218,0.097080,0.305869,-0.940584,0.583041,1.085507,-0.035688,0.375579,1.043211,0.038449,0.560055,1.492259,0.045395,0.351414,1.483266,0.234075,0.542854,1.859877,0.454469,0.340837,1.853767,0.588097,0.547035,1.909317,0.479345,0.337948,1.903393,0.614979,0.506598,1.996707,0.078907,0.363413,1.992537,0.199495
193.000000,12.918538,0.505922,0.406838,-0.628213,0.523348,0.364103,-0.591369,0.534504,0.363059,-0.591171,0.543985,0.362205,-0.590937,0.484949,0.363916,-0.582037,0.472308,0.362896,-0.581957,0.461403,0.362111,-0.582284,0.549921,0.366443,-0.352026,0.447332,0.366243,-0.287087,0.521847,0.442739,-0.535034,0.482026,0.444841,-0.520655,0.649324,0.551077,-0.183131,0.355699,0.543201,-0.161668,0.852559,0.655999,-0.314702,0.151864,0.633931,-0.417701,0.910971,0.350506,-0.539598,0.096616,0.384746,-0.905419,0.945988,0.265628,-0.570489,0.062873,0.288577,-1.001554,0.919011,0.240015,-0.550537,0.082877,0.271124,-0.981383,0.905253,0.272951,-0.546325,0.096356,0.305792,-0.922638,0.585669,1.088080,-0.035206,0.381680,1.014509,0.037935,0.562817,1.492213,0.048186,0.352471,1.483143,0.233588,0.545164,1.859868,0.448146,0.342361,1.852790,0.587755,0.549914,1.909336,0.472911,0.339397,1.901918,0.614663,0.507608,1.996331,0.092383,0.364618,1.992309,0.200653
194.000000,12.981899,0.505303,0.406754,-0.623720,0.522850,0.364034,-0.584987,0.534084,0.362971,-0.584803,0.543634,0.362090,-0.584598,0.484382,0.363888,-0.577302,0.471791,0.362877,-0.577227,0.460975,0.362102,-0.577564,0.549780,0.366337,-0.338919,0.447160,0.366224,-0.283210,0.521543,0.442608,-0.529176,0.481571,0.444736,-0.516919,0.649325,0.550649,-0.177921,0.355745,0.542989,-0.156839,0.852406,0.657633,-0.309710,0.152201,0.633138,-0.410629,0.911037,0.350976,-0.531874,0.096265,0.384815,-0.891595,0.945509,0.265415,-0.563735,0.060222,0.288554,-0.987882,0.918940,0.239606,-0.544228,0.080884,0.270925,-0.973922,0.905376,0.272985,-0.538969,0.094849,0.305376,-0.910105,0.587016,1.088805,-0.034878,0.385277,1.006275,0.037596,0.564727,1.492112,0.049469,0.353202,1.482992,0.233045,0.547105,1.859736,0.447009,0.343901,1.852013,0.583470,0.552269,1.909172,0.472024,0.341059,1.900882,0.610188,0.508833,1.995991,0.098546,0.365945,1.991879,0.200282
195.000000,13.045232,0.505832,0.407373,-0.618972,0.522940,0.364332,-0.578706,0.534083,0.363278,-0.578503,0.543614,0.362379,-0.578253,0.484941,0.364063,-0.571963,0.472363,0.363008,-0.571927,0.461449,0.362216,-0.572285,0.549018,0.366458,-0.331479,0.447207,0.366235,-0.281606,0.521535,0.443031,-0.525105,0.481939,0.445111,-0.514226,0.648831,0.551715,-0.176369,0.355721,0.542609,-0.159872,0.852170,0.662412,-0.279176,0.151111,0.631124,-0.435887,0.912460,0.351511,-0.473180,0.092932,0.380192,-0.895414,0.946827,0.265566,-0.494257,0.058312,0.285416,-0.987735,0.920848,0.239756,-0.475533,0.080276,0.267780,-0.965428,0.907107,0.273501,-0.480276,0.094166,0.303374,-0.910222,0.586500,1.089718,-0.034859,0.380374,1.050569,0.037543,0.564779,1.492142,0.054399,0.354786,1.483858,0.252358,0.547075,1.859792,0.472944,0.344372,1.852483,0.641440,0.551965,1.909273,0.501435,0.341190,1.901197,0.673289,0.509730,1.996012,0.128415,0.366155,1.992268,0.260415
196.000000,13.109082,0.506330,0.407690,-0.618144,0.523051,0.364503,-0.576816,0.534089,0.363461,-0.576604,0.543606,0.362557,-0.576330,0.485465,0.364149,-0.570348,0.472900,0.363068,-0.570329,0.461901,0.362268,-0.570692,0.548471,0.366560,-0.328484,0.447255,0.366241,-0.281056,0.521532,0.443268,-0.524523,0.482249,0.445305,-0.514108,0.648372,0.552785,-0.175795,0.355659,0.542271,-0.165555,0.851915,0.665212,-0.263762,0.150368,0.629883,-0.453784,0.913727,0.351906,-0.448086,0.090822,0.377665,-0.906009,0.948179,0.265651,-0.466015,0.056834,0.283201,-0.995612,0.922839,0.239825,-0.448163,0.079809,0.265701,-0.963989,0.908748,0.273845,-0.455410,0.093683,0.301939,-0.918330,0.585969,1.089615,-0.034773,0.377098,1.063892,0.037441,0.564649,1.492165,0.058241,0.355242,1.484075,0.256928,0.546639,1.859867,0.484974,0.344404,1.852537,0.649802,0.551088,1.909330,0.514211,0.341208,1.901289,0.681927,0.509914,1.996054,0.140737,0.366250,1.992396,0.267135
197.000000,13.187425,0.506698,0.406560,-0.597837,0.523115,0.363821,-0.555331,0.534089,0.362811,-0.555122,0.543582,0.361961,-0.554909,0.485741,0.363485,-0.551121,0.473136,0.362443,-0.551197,0.462076,0.361692,-0.551578,0.548427,0.366298,-0.308021,0.447291,0.365960,-0.274338,0.521632,0.442124,-0.506073,0.482711,0.444282,-0.498923,0.648326,0.551571,-0.159446,0.355663,0.541646,-0.168234,0.850491,0.659209,-0.264125,0.151817,0.628266,-0.475603,0.913610,0.351794,-0.461443,0.094554,0.378291,-0.949477,0.948121,0.265319,-0.483821,0.062822,0.284966,-1.042035,0.922799,0.239699,-0.465333,0.082385,0.269544,-1.006828,0.908734,0.273793,-0.468793,0.095290,0.304103,-0.960944,0.585811,1.035845,-0.028127,0.376594,1.065990,0.030440,0.564712,1.490916,0.096782,0.355388,1.481764,0.201191,0.547086,1.859091,0.504220,0.344976,1.851279,0.532297,0.551793,1.908424,0.531792,0.341926,1.900122,0.557489,0.510574,1.994844,0.179913,0.367076,1.989759,0.160301
198.000000,13.265697,0.506771,0.406470,-0.593602,0.523099,0.363505,-0.555295,0.534051,0.362357,-0.555084,0.543535,0.361351,-0.554833,0.485786,0.363427,-0.547411,0.473236,0.362428,-0.547473,0.462231,0.361695,-0.547828,0.548344,0.365749,-0.314535,0.447386,0.366027,-0.273659,0.521626,0.441984,-0.506735,0.482870,0.444263,-0.495092,0.648816,0.551314,-0.162623,0.355941,0.541573,-0.171575,0.850684,0.655086,-0.264476,0.152459,0.625269,-0.471590,0.916765,0.358429,-0.459115,0.095766,0.378298,-0.937433,0.952577,0.271876,-0.476222,0.063403,0.285082,-1.040183,0.928231,0.246141,-0.462154,0.082388,0.269539,-1.005378,0.911980,0.279914,-0.467311,0.095321,0.304064,-0.948704,0.585824,1.052438,-0.027885,0.376565,1.064553,0.030210,0.563914,1.489789,0.059209,0.354758,1.478958,0.169844,0.544501,1.858371,0.431320,0.343216,1.849794,0.447637,0.548941,1.907845,0.454403,0.340284,1.898432,0.466444,0.509560,1.991997,0.093766,0.363882,1.988194,0.065162
199.000000,13.329082,0.508051,0.406273,-0.598725,0.523906,0.363360,-0.559403,0.534609,0.362233,-0.559194,0.543923,0.361247,-0.558944,0.487087,0.363220,-0.551892,0.474564,0.362229,-0.551931,0.463379,0.361527,-0.552280,0.548575,0.365576,-0.315047,0.447750,0.365934,-0.278430,0.522058,0.441818,-0.509761,0.483546,0.444120,-0.498248,0.648909,0.550712,-0.164004,0.356493,0.541562,-0.174609,0.850201,0.638064,-0.280962,0.154317,0.623519,-0.473551,0.917927,0.358346,-0.486588,0.096984,0.378655,-0.928903,0.955817,0.271662,-0.504419,0.064676,0.285826,-1.030330,0.929240,0.245981,-0.487038,0.082625,0.270186,-0.992003,0.913424,0.279644,-0.492651,0.095455,0.304445,-0.940255,0.579354,1.011849,-0.027901,0.379162,1.002417,0.030205,0.562231,1.471551,0.041097,0.354896,1.462154,0.184498,0.542684,1.840482,0.401067,0.342846,1.832988,0.496442,0.546759,1.889182,0.424093,0.339885,1.881539,0.519043,0.508545,1.974367,0.070639,0.362688,1.969555,0.119679
200.000000,13.406819,0.508226,0.406185,-0.600843,0.524035,0.363347,-0.560598,0.534712,0.362227,-0.560394,0.543981,0.361244,-0.560149,0.487161,0.363178,-0.554176,0.474620,0.362197,-0.554228,0.463408,0.361503,-0.554573,0.548821,0.365558,-0.314864,0.447783,0.365919,-0.278861,0.522242,0.441775,-0.510519,0.483611,0.444113,-0.500262,0.648902,0.549628,-0.162002,0.356870,0.541538,-0.173912,0.849901,0.633864,-0.280895,0.155213,0.621678,-0.470739,0.917897,0.358722,-0.488301,0.098916,0.378493,-0.919335,0.956186,0.272107,-0.508281,0.065705,0.284557,-1.011287,0.929104,0.246684,-0.490442,0.082758,0.268874,-0.973043,0.913462,0.280562,-0.494707,0.095631,0.303823,-0.929429,0.578352,1.004843,-0.027741,0.380641,0.989173,0.030017,0.561719,1.468851,0.044190,0.354950,1.460148,0.189726,0.542575,1.837129,0.408920,0.342898,1.830874,0.509022,0.546681,1.885578,0.432083,0.339909,1.879591,0.531818,0.508522,1.971878,0.076992,0.362634,1.967540,0.134735
201.000000,13.469540,0.508233,0.406002,-0.571021,0.524037,0.363102,-0.535266,0.534707,0.361916,-0.535158,0.543952,0.360870,-0.535060,0.487137,0.363084,-0.526684,0.474570,0.362132,-0.526706,0.463355,0.361446,-0.527122,0.548737,0.365161,-0.310499,0.447781,0.365804,-0.258503,0.522205,0.441742,-0.488012,0.483543,0.444087,-0.473914,0.649083,0.548126,-0.162532,0.356848,0.540958,-0.152824,0.850228,0.635156,-0.287946,0.154982,0.621723,-0.421457,0.917834,0.361851,-0.493027,0.099524,0.376886,-0.856833,0.955596,0.272908,-0.514777,0.065774,0.280222,-0.941150,0.927758,0.248464,-0.494036,0.083077,0.264825,-0.902298,0.911884,0.282656,-0.498981,0.096595,0.301112,-0.866122,0.578696,1.034737,-0.031524,0.382497,0.989067,0.033580,0.561760,1.465912,0.044704,0.355736,1.457662,0.235195,0.542903,1.833193,0.418400,0.343684,1.825168,0.588727,0.547249,1.881401,0.442995,0.340722,1.873282,0.616856,0.509221,1.966074,0.085825,0.363475,1.961475,0.230214
202.000000,13.548537,0.507511,0.405427,-0.577429,0.523435,0.362722,-0.539786,0.534220,0.361594,-0.539683,0.543527,0.360609,-0.539590,0.486381,0.362729,-0.532531,0.473867,0.361810,-0.532541,0.462815,0.361160,-0.532948,0.548733,0.365110,-0.304695,0.447712,0.365772,-0.256708,0.521915,0.441417,-0.490251,0.483179,0.443707,-0.478165,0.649072,0.544691,-0.162711,0.357073,0.540680,-0.139442,0.850223,0.630206,-0.305609,0.159064,0.618419,-0.420479,0.917008,0.359785,-0.519428,0.099790,0.376976,-0.863254,0.952480,0.272103,-0.550053,0.065804,0.282783,-0.942882,0.925393,0.248414,-0.526888,0.083074,0.266419,-0.909206,0.910428,0.282490,-0.524454,0.096591,0.301928,-0.870514,0.581297,1.020312,-0.036792,0.383938,1.039636,0.038748,0.567262,1.467285,0.040464,0.360122,1.458671,0.255699,0.552435,1.834563,0.411810,0.352985,1.827074,0.603799,0.559007,1.882829,0.436309,0.351149,1.875271,0.631190,0.516218,1.967789,0.080130,0.373881,1.963857,0.247757
203.000000,13.612276,0.506996,0.405224,-0.580991,0.522922,0.362613,-0.542482,0.533772,0.361492,-0.542380,0.543117,0.360519,-0.542283,0.485866,0.362670,-0.535977,0.473426,0.361770,-0.535986,0.462483,0.361131,-0.536392,0.548694,0.365103,-0.303942,0.447702,0.365784,-0.258870,0.521670,0.441283,-0.492423,0.483022,0.443574,-0.481422,0.649055,0.543695,-0.162757,0.357338,0.540665,-0.140882,0.850193,0.627448,-0.308777,0.160418,0.617939,-0.417255,0.916802,0.356484,-0.521566,0.099786,0.376994,-0.864881,0.950257,0.269761,-0.551452,0.065833,0.284483,-0.948047,0.923601,0.247364,-0.528407,0.082998,0.267883,-0.915540,0.909359,0.281400,-0.526542,0.096426,0.302635,-0.875138,0.582267,1.016456,-0.037008,0.384319,1.056462,0.038965,0.569529,1.468277,0.040603,0.361653,1.459051,0.254837,0.556067,1.835385,0.417558,0.355467,1.828318,0.601919,0.562906,1.883668,0.442213,0.353897,1.876554,0.629215,0.519627,1.968901,0.081112,0.377338,1.965419,0.244805
204.000000,13.675678,0.507241,0.404106,-0.565797,0.523183,0.361424,-0.522067,0.533969,0.360450,-0.521887,0.543278,0.359675,-0.521677,0.486289,0.361621,-0.516318,0.473880,0.360965,-0.516371,0.462921,0.360550,-0.516721,0.548953,0.365039,-0.279371,0.447919,0.365764,-0.240797,0.521861,0.440600,-0.477412,0.483350,0.442888,-0.468407,0.649056,0.544091,-0.145225,0.357361,0.541088,-0.138189,0.849062,0.637485,-0.276386,0.160312,0.621076,-0.421649,0.916768,0.355938,-0.472875,0.100662,0.376924,-0.877479,0.952021,0.268703,-0.495153,0.066631,0.284023,-0.964624,0.924201,0.245816,-0.473992,0.083821,0.267901,-0.924921,0.909343,0.280604,-0.479366,0.097302,0.302665,-0.887607,0.583450,1.059850,-0.036163,0.384004,1.062100,0.038177,0.568515,1.472649,0.071930,0.360554,1.462071,0.222983,0.552734,1.836703,0.470953,0.352991,1.829529,0.546960,0.558552,1.884435,0.498277,0.350886,1.877080,0.571497,0.518643,1.969055,0.146898,0.375421,1.966168,0.174268
205.000000,13.739043,0.507689,0.403298,-0.566824,0.523556,0.359881,-0.524369,0.534193,0.358789,-0.524304,0.543401,0.357976,-0.524119,0.486737,0.360324,-0.517817,0.474159,0.359752,-0.517668,0.463069,0.359500,-0.518172,0.548992,0.363593,-0.286649,0.447932,0.365246,-0.251483,0.522096,0.439753,-0.479885,0.483763,0.442198,-0.471752,0.649603,0.543544,-0.167338,0.357347,0.540732,-0.150999,0.851489,0.640600,-0.323544,0.160255,0.621088,-0.418567,0.917349,0.354469,-0.551253,0.099894,0.377133,-0.832654,0.952939,0.266693,-0.581846,0.066790,0.284037,-0.915131,0.924992,0.242613,-0.565173,0.083883,0.267888,-0.878760,0.909432,0.278265,-0.561342,0.097274,0.302810,-0.843673,0.584766,1.033947,-0.033675,0.383923,1.064109,0.035706,0.569615,1.473293,0.098768,0.361455,1.462213,0.225230,0.553913,1.837090,0.494866,0.352825,1.830306,0.549998,0.559789,1.884764,0.522333,0.350566,1.877944,0.574897,0.519361,1.969461,0.173968,0.375187,1.966771,0.178340
206.000000,13.804341,0.508070,0.402688,-0.571485,0.523821,0.358828,-0.529596,0.534341,0.357654,-0.529531,0.543471,0.356804,-0.529350,0.487114,0.359411,-0.522865,0.474416,0.358881,-0.522709,0.463221,0.358728,-0.523217,0.548998,0.362550,-0.288052,0.447946,0.364837,-0.255908,0.522288,0.439112,-0.482678,0.484118,0.441648,-0.473688,0.649949,0.543151,-0.173792,0.357336,0.540323,-0.156287,0.852769,0.642459,-0.330420,0.160157,0.621006,-0.418528,0.917637,0.353667,-0.558020,0.099720,0.377194,-0.825708,0.953378,0.265563,-0.588217,0.067114,0.284049,-0.906627,0.925378,0.240825,-0.571397,0.083989,0.267893,-0.870794,0.909469,0.276958,-0.567777,0.097269,0.302929,-0.836573,0.585389,1.023856,-0.032240,0.383802,1.065134,0.034291,0.570134,1.473673,0.098129,0.361977,1.462349,0.226144,0.554409,1.837462,0.489372,0.352719,1.830889,0.551827,0.560250,1.885141,0.516361,0.350319,1.878593,0.576907,0.519861,1.969681,0.167527,0.375079,1.967522,0.180511
207.000000,13.871535,0.507285,0.402627,-0.568528,0.523550,0.358828,-0.526859,0.534210,0.357666,-0.526746,0.543385,0.356861,-0.526608,0.486445,0.359386,-0.519096,0.473865,0.358862,-0.519115,0.462843,0.358711,-0.519533,0.549062,0.362917,-0.288056,0.447939,0.364872,-0.243888,0.522172,0.439147,-0.481093,0.483394,0.441644,-0.469922,0.649942,0.543412,-0.168306,0.357736,0.540415,-0.133289,0.853233,0.643271,-0.335400,0.159599,0.622038,-0.420027,0.917618,0.353769,-0.567041,0.100416,0.377220,-0.869017,0.955409,0.265574,-0.599020,0.066140,0.283096,-0.958372,0.925719,0.242186,-0.577485,0.083746,0.266808,-0.911053,0.909462,0.278034,-0.573295,0.097412,0.302200,-0.877210,0.585155,1.066510,-0.032256,0.383512,1.068835,0.034300,0.568690,1.476589,0.093073,0.360333,1.465996,0.225800,0.552564,1.840913,0.474345,0.350602,1.834350,0.535782,0.558836,1.889581,0.499565,0.348509,1.882634,0.558659,0.515755,1.974031,0.159967,0.373077,1.972644,0.173277
208.000000,13.943419,0.507221,0.403390,-0.722208,0.523558,0.359983,-0.677532,0.534255,0.358750,-0.677470,0.543445,0.357821,-0.677436,0.486280,0.360655,-0.673844,0.473676,0.360114,-0.673866,0.462643,0.359860,-0.674344,0.549238,0.363263,-0.405061,0.447955,0.365490,-0.370117,0.522179,0.439768,-0.622273,0.483353,0.442457,-0.614610,0.649935,0.545053,-0.232353,0.357848,0.540812,-0.221131,0.854643,0.654567,-0.347743,0.157656,0.622311,-0.475876,0.925131,0.362535,-0.555187,0.086210,0.376974,-0.879645,0.960467,0.270456,-0.586653,0.055671,0.283124,-0.960239,0.935508,0.244491,-0.565690,0.074913,0.266763,-0.916763,0.917240,0.280667,-0.561770,0.087319,0.302210,-0.888121,0.585631,1.072531,-0.044985,0.383604,1.067062,0.046719,0.568299,1.476335,0.032725,0.360103,1.466364,0.274883,0.551284,1.839988,0.443337,0.349664,1.834530,0.650467,0.557656,1.887731,0.470428,0.347381,1.882822,0.680037,0.513715,1.974343,0.084168,0.370250,1.972890,0.268580
209.000000,14.022299,0.507141,0.403968,-0.748631,0.523560,0.360826,-0.704323,0.534276,0.359544,-0.704256,0.543477,0.358534,-0.704235,0.486107,0.361591,-0.700739,0.473491,0.361037,-0.700774,0.462461,0.360715,-0.701257,0.549358,0.363546,-0.430672,0.447970,0.365969,-0.395537,0.522183,0.440224,-0.648032,0.483312,0.443055,-0.640314,0.649928,0.546179,-0.251330,0.357982,0.541058,-0.244441,0.855316,0.661234,-0.357531,0.156326,0.622904,-0.498175,0.928998,0.367619,-0.554019,0.080951,0.376878,-0.896132,0.963370,0.273416,-0.578351,0.050972,0.283133,-0.971856,0.940719,0.246009,-0.558115,0.070906,0.266690,-0.932990,0.921619,0.282497,-0.560735,0.083086,0.302220,-0.905011,0.585906,1.074341,-0.050304,0.383628,1.065810,0.051936,0.567963,1.475964,0.022277,0.359904,1.466521,0.289560,0.550279,1.838887,0.439104,0.348907,1.834448,0.675923,0.556637,1.885994,0.466720,0.346484,1.882875,0.706581,0.512383,1.974432,0.075909,0.368015,1.973046,0.293715
210.000000,14.085464,0.507144,0.404302,-0.804573,0.523617,0.361170,-0.764961,0.534342,0.359832,-0.764969,0.543528,0.358763,-0.765017,0.486107,0.362097,-0.761780,0.473484,0.361636,-0.761801,0.462431,0.361363,-0.762374,0.549568,0.363638,-0.496349,0.448038,0.366420,-0.463141,0.522227,0.440600,-0.704043,0.483315,0.443618,-0.696509,0.650079,0.547043,-0.303385,0.359301,0.541090,-0.299359,0.855300,0.659443,-0.391404,0.156636,0.623778,-0.544009,0.938095,0.369441,-0.558602,0.065550,0.388955,-0.932225,0.969474,0.277937,-0.574202,0.037910,0.301490,-0.998314,0.955808,0.247449,-0.556866,0.054879,0.278548,-0.975158,0.938865,0.283438,-0.566547,0.065861,0.312323,-0.944672,0.585613,1.074994,-0.051874,0.383878,1.065087,0.053349,0.567808,1.475113,0.021896,0.360576,1.465979,0.278003,0.550180,1.837120,0.440907,0.348886,1.833228,0.641414,0.556613,1.883653,0.469562,0.346445,1.881833,0.669852,0.511746,1.973251,0.085777,0.367087,1.971471,0.265243
211.000000,14.148865,0.507814,0.404271,-0.755163,0.524420,0.361321,-0.713829,0.534890,0.360178,-0.713776,0.543885,0.359280,-0.713715,0.487132,0.362044,-0.711149,0.474364,0.361517,-0.711119,0.463154,0.361207,-0.711625,0.549573,0.364592,-0.456017,0.448201,0.366431,-0.426670,0.522251,0.440641,-0.660464,0.483610,0.443563,-0.654025,0.649308,0.549853,-0.297446,0.359179,0.541938,-0.302644,0.855024,0.637152,-0.372090,0.157804,0.626177,-0.553007,0.959328,0.368523,-0.489490,0.058955,0.410407,-0.942805,0.992086,0.278188,-0.484921,0.017416,0.330294,-1.004164,0.985402,0.247419,-0.487404,0.040297,0.304072,-0.993286,0.966636,0.282447,-0.504563,0.057021,0.334142,-0.959893,0.585912,1.075242,-0.050706,0.384001,1.064651,0.052255,0.568437,1.475146,0.018948,0.361810,1.466123,0.276251,0.551400,1.837191,0.448365,0.350035,1.833300,0.637547,0.557394,1.883077,0.478039,0.346944,1.881029,0.666784,0.516620,1.972537,0.090418,0.368814,1.971501,0.254381
212.000000,14.213227,0.508365,0.404277,-0.740619,0.525056,0.361625,-0.699811,0.535340,0.360703,-0.699746,0.544202,0.359969,-0.699668,0.487960,0.362041,-0.697405,0.475095,0.361483,-0.697352,0.463768,0.361141,-0.697844,0.549578,0.365507,-0.448021,0.448302,0.366448,-0.420277,0.522253,0.440776,-0.648336,0.483799,0.443556,-0.642286,0.648691,0.551735,-0.299388,0.359028,0.542358,-0.307073,0.854393,0.629813,-0.365802,0.158793,0.626645,-0.552920,0.967260,0.368353,-0.483352,0.055749,0.417565,-0.934069,0.999777,0.278733,-0.479011,0.011432,0.337328,-0.997924,0.992611,0.247448,-0.482240,0.034578,0.311725,-0.984533,0.973183,0.282153,-0.498696,0.052816,0.342008,-0.951248,0.586060,1.075250,-0.049905,0.384057,1.064022,0.051523,0.569084,1.475161,0.023198,0.362687,1.466224,0.261461,0.552606,1.837142,0.460187,0.351136,1.833132,0.629004,0.558261,1.882456,0.490257,0.347570,1.879741,0.657361,0.520295,1.971737,0.095826,0.370426,1.971200,0.247620
213.000000,14.279564,0.508764,0.404292,-0.734823,0.525463,0.361894,-0.693682,0.535643,0.361137,-0.693590,0.544425,0.360508,-0.693490,0.488437,0.362038,-0.691995,0.475498,0.361457,-0.691985,0.464091,0.361089,-0.692432,0.549581,0.366130,-0.441957,0.448331,0.366466,-0.418414,0.522256,0.440909,-0.642263,0.483928,0.443553,-0.637347,0.648083,0.552215,-0.296581,0.358819,0.542570,-0.307781,0.853779,0.625720,-0.362846,0.159779,0.626748,-0.550576,0.969603,0.368229,-0.484049,0.054672,0.419759,-0.929914,1.002731,0.278669,-0.481406,0.009642,0.339417,-0.994562,0.993813,0.247469,-0.484324,0.030767,0.313728,-0.981356,0.974177,0.281946,-0.499449,0.051540,0.343101,-0.947732,0.586392,1.075183,-0.049352,0.384206,1.063657,0.050902,0.569898,1.475042,0.026418,0.363550,1.466268,0.256732,0.553915,1.836847,0.462222,0.352324,1.832845,0.623361,0.559342,1.881691,0.491826,0.348478,1.878661,0.651294,0.522428,1.971141,0.098818,0.371989,1.970971,0.233710
214.000000,14.352310,0.506850,0.405338,-0.825696,0.523537,0.363541,-0.786529,0.534273,0.362765,-0.786679,0.543353,0.361965,-0.786813,0.485912,0.363401,-0.790883,0.473348,0.362684,-0.790954,0.462444,0.362201,-0.791356,0.549338,0.366389,-0.520254,0.448187,0.367000,-0.527842,0.521711,0.441863,-0.724220,0.482841,0.444359,-0.727481,0.648098,0.547221,-0.354910,0.359771,0.542302,-0.367400,0.853773,0.601559,-0.461959,0.164308,0.621986,-0.577522,0.978152,0.395671,-0.674959,0.044088,0.443596,-0.963598,1.026280,0.335642,-0.693123,-0.001299,0.391634,-1.015839,1.010369,0.296666,-0.714782,0.009052,0.364077,-1.038064,0.988186,0.329199,-0.697111,0.034868,0.383422,-0.989959,0.577829,1.019638,-0.048823,0.385264,1.057230,0.050047,0.564427,1.469476,-0.020006,0.363455,1.459587,0.107480,0.550260,1.831165,0.364651,0.352474,1.829175,0.319907,0.555400,1.875180,0.386024,0.349341,1.875766,0.328191,0.518763,1.958515,0.008905,0.371329,1.959434,-0.067664
215.000000,14.431793,0.504468,0.405800,-0.887122,0.521669,0.364638,-0.851386,0.532857,0.363853,-0.851503,0.542173,0.362966,-0.851723,0.483769,0.364396,-0.854185,0.471346,0.363702,-0.854211,0.460787,0.363218,-0.854611,0.548993,0.366779,-0.593861,0.447860,0.367448,-0.595038,0.520607,0.442575,-0.787877,0.481134,0.444817,-0.789021,0.647000,0.545890,-0.435382,0.361128,0.542331,-0.427109,0.853091,0.595016,-0.509437,0.167117,0.617479,-0.622520,0.995402,0.413084,-0.709787,0.034561,0.459065,-0.994675,1.053453,0.359276,-0.728762,-0.005799,0.399709,-1.043940,1.050150,0.334923,-0.769597,0.006334,0.372009,-1.072325,1.005030,0.359057,-0.741343,0.030108,0.391024,-1.022575,0.577655,0.994451,-0.048311,0.386136,0.993581,0.049615,0.565815,1.445823,-0.013672,0.367949,1.436956,0.160050,0.555436,1.801641,0.386661,0.367719,1.803462,0.454293,0.559884,1.842973,0.410468,0.367677,1.848427,0.472301,0.528505,1.926229,0.030651,0.380799,1.927567,0.072116
216.000000,14.540880,0.499071,0.405413,-0.831434,0.517457,0.364249,-0.784388,0.529943,0.363481,-0.784402,0.540256,0.362612,-0.784464,0.478341,0.364180,-0.790887,0.466591,0.363607,-0.790913,0.456761,0.363178,-0.791316,0.548699,0.366564,-0.539093,0.446330,0.367459,-0.514337,0.518568,0.443135,-0.724820,0.476807,0.444914,-0.729131,0.648172,0.547927,-0.391737,0.361524,0.543057,-0.366149,0.854052,0.598436,-0.472790,0.167164,0.618702,-0.603708,1.010397,0.429296,-0.645294,0.036257,0.472740,-0.933885,1.055531,0.379887,-0.659854,-0.009675,0.422835,-0.972097,1.045521,0.351880,-0.679044,0.002152,0.383371,-0.993057,1.020064,0.378464,-0.668859,0.028294,0.409281,-0.959681,0.580759,1.038844,-0.050420,0.390590,1.012475,0.051534,0.566095,1.447847,-0.022544,0.368726,1.439063,0.173875,0.555991,1.806708,0.382862,0.366495,1.809448,0.455061,0.561399,1.848616,0.407233,0.365797,1.853655,0.471523,0.527780,1.929794,0.027471,0.380191,1.929834,0.074836
217.000000,14.604769,0.497611,0.405413,-0.802238,0.516014,0.364323,-0.765374,0.528587,0.363601,-0.765410,0.539090,0.362761,-0.765478,0.477197,0.364179,-0.762918,0.465619,0.363602,-0.762949,0.455948,0.363174,-0.763368,0.547868,0.366734,-0.547901,0.446065,0.367465,-0.499245,0.516991,0.443684,-0.709500,0.475385,0.445031,-0.702624,0.648130,0.548069,-0.406397,0.361904,0.543329,-0.358392,0.852907,0.590217,-0.472616,0.167814,0.619532,-0.556091,1.010611,0.431025,-0.632452,0.034408,0.480923,-0.864295,1.054158,0.387502,-0.641841,-0.012694,0.429544,-0.899149,1.049569,0.360986,-0.673490,-0.002268,0.401692,-0.928810,1.024639,0.385169,-0.659029,0.020137,0.420245,-0.891585,0.580891,1.048166,-0.053510,0.392621,1.013815,0.054422,0.565662,1.449598,-0.051201,0.368817,1.441629,0.176358,0.555451,1.809502,0.343045,0.365564,1.810883,0.445846,0.561033,1.852181,0.365425,0.364527,1.855103,0.461046,0.527150,1.932204,-0.015043,0.379848,1.934396,0.069142
218.000000,14.668095,0.497718,0.405139,-0.923793,0.516154,0.364281,-0.887017,0.528636,0.363601,-0.887150,0.539064,0.362789,-0.887328,0.477044,0.363940,-0.886322,0.465168,0.363369,-0.886361,0.455384,0.362986,-0.886737,0.547835,0.367014,-0.623654,0.445266,0.367465,-0.602670,0.516994,0.443770,-0.822371,0.475151,0.444991,-0.817667,0.645526,0.543722,-0.485657,0.361905,0.543695,-0.394347,0.848365,0.548730,-0.566379,0.170016,0.620694,-0.531780,1.006796,0.433604,-0.788571,0.035755,0.476833,-0.859899,1.060237,0.405138,-0.822220,-0.010794,0.422873,-0.901469,1.055238,0.387346,-0.872384,-0.000394,0.398298,-0.944428,1.020052,0.405873,-0.824729,0.024127,0.413665,-0.894990,0.579911,1.048069,-0.085027,0.393301,1.018961,0.086057,0.564171,1.439320,-0.148943,0.368764,1.430600,0.196129,0.554154,1.795311,0.224032,0.364932,1.790418,0.471298,0.559455,1.837285,0.241027,0.363675,1.835257,0.487652,0.526992,1.912742,-0.169681,0.379618,1.907686,0.087881
219.000000,14.731979,0.496403,0.405154,-0.939637,0.515706,0.364406,-0.906229,0.528352,0.363820,-0.906283,0.538837,0.363098,-0.906360,0.476005,0.363959,-0.902219,0.464015,0.363395,-0.902342,0.454476,0.363025,-0.902755,0.547852,0.367360,-0.644804,0.444925,0.367586,-0.610093,0.516293,0.444572,-0.838841,0.473894,0.445423,-0.829644,0.645452,0.543306,-0.487244,0.361953,0.544183,-0.408064,0.849959,0.561606,-0.573195,0.169798,0.620752,-0.530136,1.011786,0.436555,-0.802051,0.031098,0.480524,-0.849612,1.067140,0.407182,-0.831253,-0.017067,0.435176,-0.889249,1.062183,0.391559,-0.870778,-0.007542,0.400558,-0.931632,1.021343,0.413894,-0.834944,0.017410,0.418221,-0.881690,0.582588,1.051477,-0.094318,0.396256,1.022299,0.095369,0.566118,1.442025,-0.123513,0.377156,1.433556,0.265335,0.559039,1.799195,0.280041,0.375022,1.795176,0.601875,0.565150,1.842099,0.301372,0.373622,1.840381,0.624718,0.530185,1.919009,-0.106380,0.387027,1.916272,0.216266
220.000000,14.811264,0.495036,0.405152,-0.942582,0.514772,0.364449,-0.910678,0.527676,0.363903,-0.910730,0.538308,0.363214,-0.910800,0.474722,0.363960,-0.906162,0.462743,0.363401,-0.906288,0.453442,0.363039,-0.906707,0.547840,0.367419,-0.650774,0.444441,0.367680,-0.613751,0.515597,0.445017,-0.841827,0.472681,0.445675,-0.831902,0.645007,0.540938,-0.490295,0.361965,0.544352,-0.404784,0.849949,0.559718,-0.569802,0.169636,0.621221,-0.491786,1.009423,0.436682,-0.796260,0.028548,0.488457,-0.766600,1.063056,0.406973,-0.825448,-0.021059,0.443097,-0.798960,1.058062,0.392311,-0.864548,-0.012926,0.407190,-0.846711,1.021426,0.415470,-0.828869,0.012796,0.432683,-0.798789,0.584111,1.051932,-0.099090,0.397895,1.022667,0.100186,0.566847,1.442038,-0.128280,0.379433,1.435662,0.303050,0.561118,1.799366,0.279168,0.378217,1.797315,0.660826,0.567576,1.843092,0.300848,0.377301,1.842935,0.685868,0.531379,1.919578,-0.111279,0.388793,1.919468,0.277971
221.000000,14.873575,0.492144,0.405164,-0.925972,0.511583,0.364455,-0.887252,0.524819,0.363908,-0.887264,0.535936,0.363218,-0.887357,0.472543,0.363993,-0.885183,0.461058,0.363475,-0.885303,0.451937,0.363150,-0.885679,0.546589,0.367417,-0.615710,0.443071,0.368036,-0.590586,0.513415,0.445241,-0.821687,0.470998,0.445754,-0.815897,0.644900,0.541369,-0.450994,0.361685,0.545541,-0.406087,0.844608,0.571545,-0.493084,0.169583,0.618672,-0.553602,1.006226,0.451754,-0.612175,0.030742,0.484684,-0.796098,1.058531,0.428773,-0.612035,-0.015088,0.424448,-0.827567,1.053605,0.414275,-0.647427,0.040130,0.402461,-0.834714,1.017409,0.433893,-0.638942,0.048573,0.427764,-0.813955,0.582737,1.059398,-0.091543,0.396674,1.037692,0.092651,0.566549,1.451947,-0.035491,0.378728,1.455821,0.290005,0.560887,1.806817,0.460595,0.377134,1.818973,0.682776,0.567398,1.848478,0.492734,0.376432,1.864060,0.712052,0.531704,1.931898,0.087684,0.387928,1.943619,0.292366
222.000000,14.935913,0.491658,0.404849,-0.924230,0.511080,0.364140,-0.887263,0.524485,0.363661,-0.887295,0.535652,0.363044,-0.887325,0.471640,0.363714,-0.882047,0.460118,0.363298,-0.882140,0.451113,0.363033,-0.882575,0.546592,0.367334,-0.622652,0.441910,0.368050,-0.584471,0.513313,0.445232,-0.823462,0.470522,0.445815,-0.813290,0.644968,0.543559,-0.444906,0.361689,0.545652,-0.403785,0.838145,0.581446,-0.492627,0.169846,0.618841,-0.584033,1.004714,0.452230,-0.620758,0.032138,0.482112,-0.876498,1.056195,0.415055,-0.623684,-0.014868,0.420706,-0.902706,1.049461,0.398859,-0.657198,0.038710,0.398870,-0.917987,1.015182,0.427224,-0.647761,0.040748,0.421109,-0.896138,0.582336,0.995720,-0.087636,0.394726,0.986717,0.088725,0.566332,1.438600,-0.046914,0.376747,1.441302,0.325115,0.560259,1.794595,0.438221,0.376189,1.803292,0.712833,0.566092,1.836680,0.474219,0.375849,1.848933,0.741767,0.531639,1.920553,0.043309,0.387500,1.927715,0.337183
223.000000,15.029710,0.491638,0.404500,-0.903846,0.510893,0.363993,-0.871301,0.524291,0.363559,-0.871376,0.535429,0.362981,-0.871355,0.471179,0.363531,-0.862790,0.459592,0.363163,-0.862874,0.450576,0.362934,-0.863313,0.546457,0.367276,-0.605340,0.441574,0.368059,-0.571509,0.513309,0.445238,-0.807301,0.470545,0.445771,-0.794725,0.644982,0.543452,-0.405716,0.361679,0.545722,-0.409590,0.838838,0.582970,-0.409454,0.172577,0.616399,-0.610535,1.003895,0.448393,-0.506050,0.056548,0.470812,-0.836143,1.053923,0.416422,-0.497636,0.075388,0.393597,-0.863416,1.047045,0.399649,-0.530938,0.095757,0.383550,-0.844298,1.013961,0.417848,-0.531535,0.101959,0.409466,-0.841896,0.582569,0.999945,-0.075583,0.394619,0.989141,0.076641,0.566355,1.437714,-0.029485,0.375227,1.440032,0.298895,0.560150,1.794351,0.420015,0.375526,1.803251,0.660817,0.565615,1.837278,0.450525,0.374777,1.849714,0.686572,0.531444,1.921590,0.045636,0.387139,1.928194,0.281630
224.000000,15.091003,0.491131,0.404133,-0.847955,0.509940,0.363253,-0.820567,0.523281,0.362765,-0.820622,0.534460,0.362175,-0.820816,0.470540,0.362999,-0.813901,0.459062,0.362649,-0.814014,0.449991,0.362446,-0.814388,0.545255,0.366426,-0.597236,0.441247,0.367845,-0.570168,0.512764,0.445242,-0.766188,0.470298,0.445627,-0.755125,0.645100,0.541340,-0.420978,0.361651,0.545325,-0.407039,0.839886,0.557977,-0.422985,0.173596,0.616366,-0.630053,1.003828,0.445628,-0.556538,0.061893,0.466506,-0.899491,1.062048,0.419845,-0.554910,0.055636,0.385367,-0.934519,1.051650,0.402191,-0.591562,0.086572,0.381950,-0.912781,1.012625,0.415576,-0.583235,0.094868,0.407398,-0.906961,0.581421,0.987393,-0.072084,0.394601,1.000878,0.072871,0.565132,1.431553,-0.027135,0.374264,1.430277,0.257650,0.558691,1.789993,0.409103,0.375217,1.797350,0.561883,0.563579,1.833289,0.439237,0.374341,1.844887,0.580339,0.531380,1.915708,0.037484,0.385773,1.919804,0.196568
225.000000,15.153265,0.491048,0.404381,-0.779390,0.509576,0.363260,-0.751480,0.522738,0.362788,-0.751688,0.533861,0.362218,-0.751993,0.470355,0.362994,-0.745662,0.458909,0.362644,-0.745729,0.449720,0.362439,-0.746054,0.544214,0.366479,-0.544901,0.441062,0.367915,-0.506851,0.512130,0.445955,-0.699212,0.470321,0.445754,-0.688521,0.645213,0.537512,-0.419549,0.361650,0.543995,-0.361938,0.840042,0.561415,-0.506052,0.173444,0.615009,-0.554823,1.006611,0.444506,-0.729005,0.049452,0.465729,-0.893717,1.060300,0.426162,-0.756659,0.010674,0.395603,-0.936124,1.051737,0.403871,-0.801917,0.040006,0.385729,-0.952105,1.017792,0.416951,-0.762582,0.055188,0.406008,-0.913592,0.577311,0.980527,-0.070707,0.388360,0.981212,0.071313,0.556939,1.430414,-0.049758,0.368900,1.423107,0.136486,0.551215,1.791891,0.284594,0.372007,1.796212,0.298333,0.556914,1.835306,0.302646,0.372771,1.843784,0.300798,0.524907,1.914462,-0.058417,0.380591,1.916426,-0.072633
226.000000,15.216226,0.492324,0.403505,-0.765655,0.510066,0.361688,-0.737352,0.522875,0.361439,-0.737474,0.533871,0.361086,-0.737722,0.471059,0.361060,-0.732325,0.459289,0.360644,-0.732376,0.449825,0.360396,-0.732735,0.543773,0.365699,-0.530535,0.440959,0.366680,-0.494525,0.512279,0.445738,-0.685561,0.470994,0.445349,-0.675960,0.645146,0.536357,-0.419076,0.361342,0.544001,-0.362274,0.840494,0.560568,-0.491507,0.173400,0.615567,-0.578205,1.005430,0.443441,-0.681278,0.043948,0.467435,-0.952810,1.060074,0.424363,-0.701940,0.008625,0.404251,-1.002009,1.050998,0.402537,-0.775124,0.024567,0.385422,-1.018666,1.015989,0.414448,-0.720105,0.040664,0.407057,-0.976737,0.575732,0.976676,-0.064515,0.384328,0.978682,0.064979,0.557297,1.431139,0.035604,0.369364,1.424571,0.167244,0.551248,1.792751,0.479400,0.371660,1.797028,0.469835,0.556921,1.836130,0.509471,0.372347,1.844483,0.490788,0.526955,1.915455,0.145000,0.380147,1.917767,0.100956
227.000000,15.279520,0.492361,0.403159,-0.788575,0.510121,0.361277,-0.757087,0.522902,0.361120,-0.757189,0.533851,0.360850,-0.757389,0.471100,0.360480,-0.753660,0.459298,0.360040,-0.753713,0.449775,0.359794,-0.754080,0.543528,0.365507,-0.530386,0.440731,0.366254,-0.502661,0.512292,0.445719,-0.701701,0.471022,0.445142,-0.694353,0.644729,0.536202,-0.410619,0.361172,0.544022,-0.363470,0.840303,0.562967,-0.483726,0.172874,0.615795,-0.586277,0.998607,0.442970,-0.676727,0.040388,0.472224,-0.998921,1.055587,0.429095,-0.697410,-0.002629,0.412502,-1.055506,1.046499,0.407862,-0.747570,0.020233,0.397971,-1.079647,1.006310,0.414324,-0.710289,0.030997,0.412776,-1.027039,0.574634,1.009968,-0.056219,0.384567,0.992691,0.056826,0.557406,1.431858,0.011262,0.369330,1.425323,0.149469,0.551027,1.793439,0.432843,0.371151,1.797355,0.413548,0.556686,1.836695,0.460102,0.371372,1.844372,0.426731,0.526652,1.915832,0.083649,0.379518,1.918456,0.028454
228.000000,15.341867,0.492831,0.402932,-0.776218,0.510169,0.360932,-0.741249,0.522915,0.360794,-0.741306,0.533702,0.360543,-0.741416,0.471328,0.360109,-0.738696,0.459420,0.359629,-0.738702,0.449812,0.359328,-0.739049,0.542534,0.365066,-0.506239,0.440719,0.365715,-0.481852,0.512305,0.445126,-0.687950,0.471220,0.444573,-0.681667,0.644401,0.535607,-0.396145,0.361191,0.543926,-0.347246,0.840373,0.551287,-0.467208,0.172761,0.615853,-0.564382,1.003435,0.440353,-0.673346,0.036572,0.471448,-0.964092,1.065920,0.426063,-0.690603,-0.007506,0.412291,-1.012708,1.048363,0.405105,-0.731258,0.020938,0.397668,-1.025101,1.013681,0.413433,-0.702157,0.028767,0.412055,-0.984213,0.575408,1.042451,-0.058080,0.386402,1.023844,0.058919,0.561202,1.440028,-0.041805,0.370354,1.434357,0.166364,0.553168,1.801044,0.364992,0.371307,1.802366,0.441621,0.558798,1.843773,0.388902,0.371159,1.848858,0.455925,0.528881,1.922801,0.000530,0.379655,1.922709,0.052721
229.000000,15.437077,0.493687,0.403191,-0.839372,0.510189,0.360934,-0.809341,0.522547,0.360782,-0.809521,0.532847,0.360491,-0.809748,0.471659,0.360110,-0.807459,0.459685,0.359616,-0.807567,0.449919,0.359281,-0.807966,0.540220,0.364189,-0.571129,0.440579,0.365418,-0.548641,0.512314,0.445112,-0.746110,0.471711,0.444587,-0.740424,0.644386,0.525307,-0.436752,0.360704,0.543840,-0.382726,0.840688,0.551041,-0.517429,0.172683,0.616921,-0.557213,1.009075,0.436754,-0.730260,0.033564,0.477023,-0.887118,1.073652,0.409393,-0.750954,-0.009893,0.416528,-0.928236,1.064104,0.392739,-0.801480,0.017806,0.400844,-0.961052,1.017681,0.407779,-0.764163,0.025612,0.417616,-0.913962,0.575591,1.046632,-0.060846,0.382416,1.008558,0.061457,0.563065,1.440128,-0.017490,0.372618,1.435498,0.185547,0.557761,1.798982,0.421410,0.375188,1.802279,0.486815,0.563327,1.841150,0.448740,0.375730,1.848352,0.504920,0.533387,1.920889,0.069023,0.385772,1.923011,0.117228
230.000000,15.500874,0.493709,0.403192,-0.801476,0.510042,0.360938,-0.774893,0.522127,0.360785,-0.775070,0.532231,0.360492,-0.775252,0.471699,0.360121,-0.770174,0.459715,0.359626,-0.770271,0.449946,0.359293,-0.770670,0.539234,0.364190,-0.559293,0.440503,0.365413,-0.524305,0.512147,0.445138,-0.716467,0.471735,0.444600,-0.707230,0.644106,0.524982,-0.431911,0.360580,0.543435,-0.368599,0.840643,0.553002,-0.507552,0.172645,0.616101,-0.507832,1.008530,0.434599,-0.707216,0.029687,0.477601,-0.788662,1.071279,0.408896,-0.724339,-0.011632,0.421445,-0.822247,1.057957,0.388600,-0.769752,0.011627,0.407335,-0.853196,1.017171,0.406012,-0.739023,0.016547,0.419337,-0.815418,0.575649,1.051335,-0.062221,0.386520,1.029179,0.062762,0.563691,1.440273,-0.006473,0.373757,1.437387,0.207078,0.559277,1.798269,0.434287,0.377050,1.802374,0.523226,0.564846,1.840325,0.462550,0.377951,1.848272,0.543202,0.535436,1.919629,0.090866,0.387905,1.923295,0.162065
231.000000,15.564303,0.492017,0.403615,-0.846782,0.509208,0.361905,-0.809217,0.521414,0.361752,-0.809391,0.531609,0.361433,-0.809568,0.470829,0.361057,-0.809253,0.458868,0.360632,-0.809349,0.449068,0.360415,-0.809771,0.539137,0.364755,-0.559062,0.438453,0.366411,-0.538229,0.510714,0.445624,-0.747749,0.469540,0.445276,-0.744521,0.641532,0.532006,-0.413838,0.358872,0.544357,-0.378795,0.841005,0.552240,-0.491010,0.172042,0.614749,-0.589532,1.008817,0.434261,-0.672548,0.029865,0.470764,-0.967964,1.071123,0.384382,-0.686388,-0.010620,0.407704,-1.019145,1.061912,0.365300,-0.729870,0.004413,0.386363,-1.038690,1.016917,0.401795,-0.706538,0.019589,0.403881,-0.993370,0.575794,1.055329,-0.062417,0.388276,1.037439,0.062987,0.563695,1.438901,-0.050472,0.373723,1.435397,0.190439,0.559245,1.795164,0.351140,0.376638,1.799331,0.471047,0.564810,1.838237,0.373320,0.377463,1.846949,0.486866,0.534657,1.917737,-0.010569,0.387100,1.919819,0.095299
232.000000,15.626054,0.490725,0.404250,-0.820922,0.506268,0.362787,-0.779653,0.517833,0.362691,-0.779558,0.527820,0.362407,-0.779685,0.469764,0.361800,-0.777452,0.458047,0.361434,-0.777650,0.448043,0.361353,-0.778036,0.534721,0.365702,-0.534868,0.435015,0.368267,-0.509185,0.507888,0.445842,-0.727112,0.468559,0.445512,-0.721952,0.638347,0.534145,-0.378432,0.355365,0.545655,-0.407170,0.841158,0.576716,-0.429661,0.170198,0.611382,-0.787415,1.008488,0.432519,-0.491353,0.184538,0.455559,-1.103411,1.070442,0.379017,-0.481780,0.192474,0.348070,-1.156510,1.061060,0.361528,-0.507958,0.212311,0.332707,-1.095128,1.015777,0.395561,-0.514197,0.207774,0.359391,-1.096115,0.576218,1.007410,-0.058437,0.388105,1.038738,0.059295,0.565610,1.441786,-0.036854,0.373175,1.438800,0.192137,0.559262,1.802310,0.372472,0.376328,1.805017,0.484619,0.564749,1.848004,0.399778,0.376101,1.854924,0.504204,0.537824,1.927753,0.016670,0.387627,1.925324,0.101989
233.000000,15.705468,0.488659,0.404197,-0.819374,0.503786,0.362846,-0.774881,0.515503,0.362772,-0.774779,0.525726,0.362512,-0.774869,0.467614,0.361877,-0.774783,0.456089,0.361575,-0.774949,0.446014,0.361597,-0.775334,0.533420,0.365977,-0.513083,0.431840,0.369193,-0.502025,0.506116,0.445724,-0.722434,0.466856,0.445511,-0.720027,0.637106,0.536579,-0.347916,0.352986,0.547529,-0.404335,0.840694,0.590833,-0.412387,0.169716,0.613881,-0.810858,1.006584,0.433770,-0.498855,0.157427,0.448950,-1.200565,1.061818,0.378732,-0.489198,0.147333,0.347348,-1.259707,1.054864,0.361269,-0.509334,0.166602,0.333407,-1.204474,1.012627,0.393358,-0.519390,0.169629,0.361385,-1.198537,0.577314,1.027265,-0.049996,0.387405,1.038909,0.051022,0.566254,1.443343,-0.024954,0.372824,1.441240,0.178313,0.559862,1.805022,0.373431,0.376164,1.808645,0.460275,0.565047,1.850894,0.400561,0.375904,1.858702,0.477638,0.538746,1.931966,0.019872,0.388003,1.929481,0.080951
234.000000,15.767780,0.486748,0.403994,-0.730689,0.500521,0.362663,-0.691145,0.511789,0.362448,-0.691116,0.521868,0.362010,-0.691243,0.465434,0.361879,-0.690968,0.454046,0.361623,-0.691047,0.443731,0.361750,-0.691397,0.528559,0.365769,-0.461297,0.428763,0.370197,-0.448798,0.503615,0.445410,-0.644663,0.465142,0.445495,-0.642586,0.635993,0.534442,-0.334492,0.351463,0.547550,-0.381685,0.840425,0.589856,-0.405454,0.167085,0.601356,-0.726551,1.000746,0.412062,-0.507540,0.086366,0.426279,-1.130613,1.057516,0.352634,-0.496870,0.106831,0.329392,-1.209188,1.043880,0.329417,-0.521641,0.127888,0.319047,-1.057412,1.012432,0.362371,-0.529845,0.133554,0.347179,-1.154197,0.577356,0.989116,-0.051195,0.387378,1.038130,0.052195,0.566287,1.439649,-0.040552,0.371120,1.439827,0.248870,0.560024,1.800239,0.332106,0.376325,1.804542,0.581439,0.565044,1.845655,0.358114,0.376551,1.854208,0.603153,0.540693,1.926403,-0.018462,0.388196,1.924320,0.217981
235.000000,15.829578,0.480142,0.404943,-0.889176,0.494023,0.363078,-0.849829,0.505642,0.362726,-0.849926,0.516046,0.362241,-0.850020,0.458324,0.363306,-0.851249,0.447098,0.363605,-0.851319,0.436523,0.364424,-0.851671,0.524082,0.366046,-0.585667,0.421665,0.373844,-0.579631,0.498555,0.445986,-0.789507,0.459189,0.447407,-0.788931,0.634536,0.538737,-0.441969,0.347950,0.551364,-0.406307,0.840377,0.609090,-0.588212,0.166183,0.617969,-0.636034,0.993303,0.407017,-0.804639,0.025564,0.458805,-1.008970,1.035701,0.343439,-0.820379,-0.002960,0.394606,-1.040587,1.028218,0.320185,-0.838649,-0.008596,0.386090,-1.035123,1.006675,0.352016,-0.826821,0.028647,0.397635,-1.055546,0.576376,1.037319,-0.067790,0.386733,1.043796,0.069059,0.564238,1.446023,-0.099560,0.367014,1.448220,0.238449,0.558917,1.805685,0.287877,0.369785,1.811965,0.526070,0.564772,1.850863,0.309979,0.370404,1.861205,0.538793,0.533518,1.930145,-0.083156,0.380794,1.932988,0.150230
236.000000,15.906917,0.470081,0.404605,-0.786312,0.487359,0.362994,-0.748623,0.499800,0.362673,-0.748820,0.510920,0.362218,-0.748971,0.450759,0.363230,-0.746084,0.439957,0.363535,-0.746158,0.429376,0.364351,-0.746541,0.521593,0.366089,-0.504493,0.417437,0.373691,-0.481413,0.489968,0.445953,-0.694777,0.450538,0.446936,-0.689081,0.629020,0.539307,-0.387539,0.345198,0.551602,-0.309117,0.830001,0.606129,-0.532046,0.165341,0.619187,-0.509661,0.981725,0.407873,-0.727918,0.025581,0.458836,-0.876108,1.023134,0.348619,-0.746508,-0.017765,0.395527,-0.915639,1.018499,0.326943,-0.761678,-0.004940,0.376856,-0.928055,0.997691,0.356002,-0.749783,0.017517,0.396228,-0.903844,0.573245,1.042424,-0.074638,0.386912,1.042871,0.075800,0.561269,1.439006,-0.092390,0.366770,1.443959,0.234006,0.558281,1.796781,0.280916,0.369815,1.806064,0.491510,0.564717,1.841928,0.303350,0.370456,1.855769,0.504343,0.529228,1.919698,-0.057503,0.380569,1.924401,0.147840
237.000000,15.985365,0.463457,0.402036,-0.835382,0.482348,0.360217,-0.790662,0.495359,0.359662,-0.790833,0.506808,0.359275,-0.790874,0.444621,0.361231,-0.788498,0.433691,0.361651,-0.788504,0.423213,0.362489,-0.788905,0.519214,0.364736,-0.523296,0.411697,0.372120,-0.499642,0.484693,0.444362,-0.737822,0.444549,0.444255,-0.732717,0.628424,0.547953,-0.395896,0.340729,0.551916,-0.326912,0.830444,0.638576,-0.553649,0.160574,0.620491,-0.523131,0.980677,0.409009,-0.752643,0.017087,0.456399,-1.008695,1.021586,0.347395,-0.764173,-0.017802,0.375658,-1.051919,1.017368,0.322766,-0.777974,-0.017064,0.374744,-1.062988,0.996809,0.352937,-0.774202,0.016477,0.396019,-1.036171,0.572995,1.049304,-0.077216,0.384438,1.042987,0.078674,0.561280,1.439665,-0.144067,0.364893,1.443571,0.218291,0.556790,1.796746,0.212327,0.366822,1.801791,0.477093,0.563010,1.841879,0.230771,0.366108,1.851950,0.490767,0.527367,1.919756,-0.172341,0.379804,1.919514,0.101502
238.000000,16.047525,0.458455,0.402030,-0.832874,0.477156,0.360102,-0.789826,0.490118,0.359390,-0.789923,0.501641,0.358852,-0.790013,0.440119,0.361234,-0.786020,0.429203,0.361656,-0.786082,0.418918,0.362490,-0.786467,0.514951,0.364597,-0.525346,0.408505,0.372081,-0.497359,0.479887,0.444260,-0.735948,0.440310,0.444009,-0.729314,0.626332,0.548685,-0.373262,0.340854,0.555562,-0.349726,0.830905,0.638815,-0.524895,0.161836,0.619687,-0.758304,0.975682,0.409788,-0.599616,0.125020,0.426428,-1.170174,1.015553,0.348632,-0.584504,0.129606,0.369472,-1.218943,1.014929,0.326042,-0.587321,0.144137,0.370815,-1.168927,0.995168,0.355650,-0.608932,0.147312,0.394966,-1.170331,0.570302,1.059664,-0.074751,0.382644,1.051126,0.076319,0.559149,1.438916,-0.137329,0.361641,1.443350,0.221140,0.551641,1.795361,0.223088,0.364257,1.800317,0.482244,0.557240,1.841489,0.243641,0.364162,1.851447,0.495372,0.523285,1.918362,-0.139609,0.376187,1.918166,0.131763
239.000000,16.110394,0.459318,0.401731,-0.840729,0.477610,0.359321,-0.794385,0.490198,0.358410,-0.794522,0.501243,0.357787,-0.794688,0.440037,0.360790,-0.796131,0.428767,0.361260,-0.796263,0.418459,0.362141,-0.796648,0.513102,0.363867,-0.519024,0.406768,0.372017,-0.510526,0.479383,0.443619,-0.736709,0.440004,0.443455,-0.736844,0.622564,0.549214,-0.349300,0.339878,0.556838,-0.351975,0.824679,0.635381,-0.489465,0.161898,0.626633,-0.701185,0.970433,0.413567,-0.614107,0.123906,0.440380,-1.105802,1.007457,0.349312,-0.608241,0.118216,0.398332,-1.153029,1.007073,0.330070,-0.623474,0.138647,0.390993,-1.135043,0.988836,0.359924,-0.630561,0.126843,0.416009,-1.117394,0.568983,1.058658,-0.071643,0.383777,1.051563,0.073078,0.556457,1.409273,-0.128544,0.361720,1.413941,0.213812,0.550370,1.765978,0.249296,0.364715,1.773971,0.504523,0.556101,1.815138,0.271133,0.366858,1.826924,0.522325,0.522038,1.885550,-0.102993,0.373254,1.892537,0.174146
240.000000,16.189653,0.457626,0.401592,-0.858018,0.477143,0.359010,-0.815821,0.489939,0.357958,-0.816025,0.500977,0.357273,-0.816175,0.438103,0.360666,-0.816212,0.426597,0.361121,-0.816350,0.415916,0.361978,-0.816752,0.512247,0.363370,-0.552622,0.404119,0.371770,-0.542291,0.478231,0.443254,-0.759314,0.437165,0.442844,-0.757778,0.622155,0.550730,-0.399248,0.336044,0.556722,-0.361953,0.825571,0.641526,-0.545445,0.154797,0.632270,-0.644227,0.971608,0.415164,-0.732172,0.047128,0.441416,-1.065357,1.009280,0.351257,-0.738992,0.006495,0.399045,-1.098522,1.007580,0.331652,-0.754955,0.021355,0.379901,-1.121367,0.989060,0.361160,-0.751377,0.034677,0.410277,-1.101326,0.568086,1.056432,-0.071563,0.383755,1.051461,0.072985,0.555008,1.411547,-0.131269,0.358397,1.414974,0.142314,0.545951,1.767067,0.226009,0.358981,1.776965,0.371292,0.551539,1.812936,0.246137,0.360633,1.829005,0.382428,0.515268,1.889837,-0.119089,0.369224,1.895891,0.017439
241.000000,16.253010,0.457842,0.401467,-0.869462,0.477550,0.357740,-0.825649,0.490188,0.356319,-0.825829,0.501033,0.355418,-0.826019,0.437749,0.360376,-0.825141,0.425788,0.360959,-0.825275,0.415264,0.361888,-0.825676,0.511742,0.361899,-0.553429,0.403369,0.371681,-0.540733,0.478426,0.442413,-0.766593,0.436578,0.442572,-0.764265,0.622221,0.550440,-0.398551,0.336157,0.556679,-0.360604,0.825957,0.636772,-0.549711,0.155264,0.633995,-0.647806,0.972969,0.407278,-0.727861,0.034398,0.441617,-1.073360,1.012306,0.337114,-0.734670,0.011362,0.398070,-1.115378,1.009610,0.308845,-0.748732,0.025116,0.378964,-1.115435,0.989616,0.342103,-0.746685,0.031004,0.399511,-1.094787,0.570101,1.056138,-0.075176,0.386440,1.051194,0.076592,0.556135,1.411626,-0.173617,0.355500,1.413429,0.142543,0.546321,1.767308,0.187377,0.359375,1.776896,0.425866,0.552495,1.814814,0.207771,0.362880,1.829325,0.440336,0.516347,1.889207,-0.165165,0.368585,1.897222,0.060885
242.000000,16.332886,0.458865,0.401600,-0.907982,0.478317,0.357806,-0.860921,0.490908,0.356364,-0.861040,0.501707,0.355456,-0.861162,0.438399,0.360541,-0.861439,0.426288,0.361137,-0.861612,0.415662,0.362036,-0.862003,0.512206,0.361958,-0.571189,0.403298,0.371671,-0.563816,0.479319,0.442422,-0.799729,0.437293,0.442665,-0.799325,0.621867,0.550187,-0.405695,0.335219,0.557316,-0.373964,0.826347,0.633578,-0.560407,0.155265,0.636459,-0.688243,0.973671,0.403621,-0.731541,0.036390,0.461846,-1.109957,1.013977,0.327725,-0.737952,0.009712,0.396889,-1.155461,1.010644,0.298085,-0.749372,0.027358,0.388023,-1.138207,0.990054,0.332002,-0.749070,0.034069,0.409030,-1.123305,0.572498,1.059234,-0.076129,0.386823,1.055918,0.077603,0.557405,1.414535,-0.182826,0.356518,1.423001,0.152313,0.548726,1.775981,0.173894,0.359538,1.790051,0.443306,0.555866,1.827477,0.193124,0.362964,1.845392,0.460645,0.516719,1.900871,-0.196720,0.369297,1.912934,0.063510
243.000000,16.412157,0.458777,0.401599,-0.895518,0.477814,0.357690,-0.852476,0.490339,0.356110,-0.852686,0.501079,0.355097,-0.852933,0.438452,0.360574,-0.853397,0.426540,0.361211,-0.853587,0.416022,0.362156,-0.853980,0.511635,0.361801,-0.573534,0.404083,0.371774,-0.569117,0.479463,0.442408,-0.789992,0.437829,0.442784,-0.789453,0.622293,0.550628,-0.411412,0.335577,0.559070,-0.374030,0.828285,0.631698,-0.585023,0.156316,0.646857,-0.626188,0.974234,0.404210,-0.807225,0.018441,0.511216,-1.084845,1.025573,0.328484,-0.831083,-0.017259,0.463496,-1.132695,1.027970,0.301894,-0.850618,-0.012415,0.445966,-1.120336,0.990145,0.335486,-0.829817,0.018232,0.457473,-1.109818,0.572528,1.058301,-0.075749,0.390360,1.054193,0.077216,0.559723,1.396509,-0.198268,0.348324,1.388829,-0.040555,0.548856,1.754028,0.178452,0.360183,1.762443,0.227540,0.555367,1.802533,0.199039,0.364230,1.812493,0.242001,0.517369,1.869166,-0.164965,0.367446,1.884893,-0.108850
244.000000,16.489418,0.458885,0.401560,-0.657959,0.477472,0.357273,-0.623050,0.489960,0.355521,-0.623199,0.500740,0.354299,-0.623277,0.438623,0.360412,-0.614812,0.426801,0.361060,-0.614849,0.416328,0.362017,-0.615291,0.511143,0.360822,-0.413357,0.404540,0.371506,-0.363733,0.479307,0.441871,-0.580664,0.438162,0.442426,-0.567484,0.622472,0.550646,-0.306649,0.334291,0.558396,-0.251196,0.828509,0.630728,-0.476748,0.155633,0.649421,-0.532892,0.973989,0.403229,-0.664069,0.023087,0.503038,-0.973992,1.018157,0.330763,-0.665520,-0.013291,0.446718,-1.019083,1.017820,0.303275,-0.673213,-0.003359,0.428402,-1.014983,0.988811,0.338140,-0.681315,0.022827,0.448058,-0.995518,0.571227,1.059285,-0.075390,0.389102,1.054043,0.076839,0.558782,1.414436,-0.165837,0.348811,1.412335,0.044279,0.549047,1.768651,0.192568,0.360881,1.779611,0.351004,0.555656,1.817474,0.211609,0.365193,1.830178,0.365396,0.517852,1.882494,-0.148952,0.367974,1.898964,0.004720
245.000000,16.568707,0.459264,0.401036,-0.766245,0.477770,0.356730,-0.698684,0.490271,0.355046,-0.698287,0.501055,0.353894,-0.697789,0.439011,0.359872,-0.702113,0.427198,0.360500,-0.701887,0.416716,0.361528,-0.702129,0.511332,0.360701,-0.458843,0.404873,0.371179,-0.399059,0.479646,0.441100,-0.656383,0.438464,0.441694,-0.657685,0.622070,0.551804,-0.327297,0.333086,0.558400,-0.313443,0.828495,0.632418,-0.462303,0.153646,0.648581,-0.691665,0.974275,0.405710,-0.632999,0.026390,0.472966,-1.087083,1.016934,0.334907,-0.630778,-0.006713,0.393100,-1.136772,1.015880,0.312667,-0.640344,0.032642,0.382967,-1.099247,0.989090,0.344640,-0.650577,0.027159,0.413824,-1.093936,0.571845,1.067970,-0.069744,0.385961,1.064026,0.071498,0.562182,1.450127,-0.103824,0.358030,1.460545,0.194150,0.554154,1.802170,0.286767,0.365721,1.814968,0.520393,0.560144,1.850636,0.309874,0.367001,1.866049,0.541678,0.526396,1.927464,-0.082797,0.380403,1.938381,0.145276
246.000000,16.631535,0.459462,0.400501,-0.783682,0.477906,0.356302,-0.731683,0.490466,0.354723,-0.731594,0.501287,0.353651,-0.731467,0.439230,0.359292,-0.731809,0.427433,0.359869,-0.731775,0.416967,0.360939,-0.732096,0.511404,0.360676,-0.473877,0.405127,0.370827,-0.445121,0.479897,0.440403,-0.681218,0.438733,0.440951,-0.678475,0.621636,0.552868,-0.323463,0.332087,0.558353,-0.330475,0.828374,0.634118,-0.446872,0.146099,0.644774,-0.714130,0.974455,0.407524,-0.611233,0.027405,0.445888,-1.091176,1.015868,0.337073,-0.606509,0.020018,0.362481,-1.139598,1.014488,0.317753,-0.617403,0.046686,0.355712,-1.101031,0.989299,0.348327,-0.629250,0.028552,0.384754,-1.096822,0.572068,1.072986,-0.063725,0.383863,1.069885,0.065550,0.565182,1.462336,-0.088945,0.363601,1.475342,0.219777,0.557654,1.814365,0.297213,0.368687,1.827743,0.537344,0.563118,1.862205,0.320785,0.368080,1.878829,0.558420,0.532239,1.943206,-0.069389,0.385607,1.952040,0.166322
247.000000,16.708874,0.458530,0.400173,-0.817462,0.476863,0.355861,-0.780028,0.489383,0.354165,-0.780201,0.500260,0.353000,-0.780375,0.438639,0.359175,-0.774052,0.427060,0.359807,-0.774167,0.416683,0.360916,-0.774480,0.510976,0.360331,-0.537172,0.405304,0.370803,-0.496652,0.479008,0.439610,-0.722161,0.438229,0.440564,-0.711799,0.622287,0.552806,-0.396783,0.332262,0.558249,-0.331642,0.834835,0.618239,-0.579685,0.147872,0.643706,-0.622024,0.977181,0.398408,-0.803261,0.015029,0.473912,-1.063349,1.015998,0.334927,-0.825791,-0.012394,0.399309,-1.110787,1.014735,0.310016,-0.846460,-0.009105,0.411538,-1.104177,0.991910,0.339609,-0.825948,0.018681,0.421759,-1.092630,0.569685,1.070509,-0.076183,0.384453,1.061594,0.077440,0.559556,1.414611,-0.258801,0.348642,1.414093,0.061572,0.552608,1.769756,0.119311,0.365292,1.779551,0.346747,0.559298,1.817075,0.140212,0.367995,1.826861,0.362205,0.523917,1.882155,-0.228611,0.369550,1.901651,0.010492
248.000000,16.787157,0.459393,0.399841,-0.812795,0.478260,0.354970,-0.771082,0.490661,0.353257,-0.771197,0.501149,0.352062,-0.771251,0.438891,0.358751,-0.767892,0.427139,0.359547,-0.767986,0.416844,0.360801,-0.768374,0.511216,0.359695,-0.513885,0.405427,0.370781,-0.487021,0.480048,0.439304,-0.716524,0.438289,0.440586,-0.709487,0.623223,0.552771,-0.385298,0.332409,0.559035,-0.331163,0.835906,0.607790,-0.544827,0.148215,0.640701,-0.586755,0.976695,0.389713,-0.740674,0.011272,0.472467,-0.962773,1.012491,0.325062,-0.753246,-0.024844,0.398900,-1.002609,1.011143,0.302685,-0.777035,-0.017423,0.408855,-1.011052,0.989848,0.334703,-0.769258,0.011936,0.420336,-0.987454,0.572625,1.076699,-0.078283,0.386134,1.068912,0.079632,0.560458,1.438422,-0.236852,0.353143,1.445663,0.228647,0.553486,1.787247,0.164843,0.365516,1.794483,0.524953,0.560019,1.834901,0.189857,0.368048,1.842384,0.542334,0.525451,1.902537,-0.176825,0.369777,1.914572,0.164150
249.000000,16.849533,0.459521,0.400521,-0.853575,0.478404,0.356196,-0.810530,0.490796,0.354644,-0.810614,0.501266,0.353558,-0.810626,0.439084,0.359422,-0.812654,0.427319,0.360009,-0.812730,0.416971,0.361106,-0.813160,0.511306,0.360429,-0.539055,0.405545,0.370823,-0.537299,0.480088,0.439472,-0.751866,0.438275,0.440814,-0.752717,0.622794,0.548907,-0.400410,0.330928,0.557507,-0.391401,0.834204,0.565768,-0.534753,0.143906,0.638404,-0.646567,0.976459,0.379536,-0.724658,0.007035,0.467696,-0.981274,1.010048,0.313209,-0.734598,-0.022206,0.411091,-1.024636,1.004443,0.285552,-0.764222,-0.008380,0.407049,-1.054894,0.984142,0.317897,-0.751830,0.008964,0.418331,-1.013754,0.572735,1.075001,-0.068949,0.385618,1.068073,0.070177,0.564649,1.441433,-0.134846,0.364552,1.449795,0.183318,0.558436,1.789205,0.244038,0.368640,1.800880,0.427882,0.563478,1.835394,0.264454,0.369723,1.848076,0.439068,0.532782,1.908430,-0.135154,0.378019,1.921100,0.035586
250.000000,16.926268,0.459621,0.401318,-0.904906,0.478598,0.356806,-0.856104,0.491064,0.355089,-0.856149,0.501462,0.353884,-0.856164,0.439239,0.360414,-0.861269,0.427403,0.360924,-0.861323,0.416880,0.361851,-0.861723,0.511851,0.360451,-0.558431,0.404610,0.371022,-0.570435,0.480346,0.439676,-0.793989,0.438396,0.441628,-0.799347,0.622350,0.546784,-0.399118,0.329754,0.555773,-0.428610,0.833268,0.550797,-0.527801,0.144114,0.621264,-0.775621,0.976260,0.375627,-0.669911,0.045719,0.406832,-1.146459,1.006884,0.308102,-0.677813,0.034035,0.359334,-1.204716,0.999559,0.278681,-0.713882,0.051373,0.352198,-1.182313,0.980267,0.312566,-0.698461,0.061042,0.375939,-1.157954,0.572909,1.074335,-0.064615,0.384921,1.067338,0.065949,0.566222,1.443535,-0.140256,0.370845,1.454843,0.183022,0.558941,1.791867,0.208520,0.369812,1.805482,0.434747,0.563579,1.837240,0.225126,0.369832,1.852904,0.447723,0.533388,1.916956,-0.190175,0.382589,1.926673,0.042450
251.000000,17.003710,0.459547,0.401259,-0.884933,0.478614,0.356691,-0.838100,0.490948,0.354953,-0.838138,0.501236,0.353745,-0.838175,0.439360,0.360403,-0.841180,0.427507,0.360919,-0.841255,0.416947,0.361846,-0.841668,0.511455,0.360316,-0.550215,0.404834,0.370899,-0.553024,0.480026,0.439581,-0.777279,0.438433,0.441489,-0.779829,0.615838,0.542902,-0.401447,0.327463,0.549926,-0.412809,0.832349,0.524424,-0.526672,0.144661,0.619117,-0.646327,0.977154,0.352309,-0.707084,0.037559,0.403237,-0.990648,1.006521,0.288278,-0.728346,0.005851,0.341666,-1.048059,1.000091,0.263160,-0.768691,0.018038,0.331686,-1.055425,0.980832,0.295681,-0.738866,0.035433,0.360884,-1.012646,0.567852,1.071226,-0.063681,0.380897,1.064942,0.064942,0.560442,1.443493,-0.142621,0.367238,1.454516,0.130185,0.553951,1.791945,0.189538,0.364960,1.805189,0.310915,0.558153,1.836995,0.204978,0.363921,1.852154,0.315387,0.529929,1.916067,-0.189329,0.381641,1.925115,-0.076074
252.000000,17.066921,0.458303,0.401204,-0.882391,0.477374,0.356662,-0.834501,0.489714,0.354896,-0.834452,0.500117,0.353661,-0.834427,0.438756,0.360398,-0.840241,0.427167,0.360914,-0.840274,0.416849,0.361842,-0.840778,0.511017,0.359936,-0.546341,0.404911,0.370782,-0.547023,0.479251,0.439439,-0.773340,0.438080,0.441286,-0.778863,0.614315,0.540788,-0.397489,0.327313,0.546767,-0.388626,0.832132,0.516344,-0.523768,0.145049,0.617285,-0.592699,0.978730,0.344711,-0.717090,0.031963,0.397336,-0.952742,1.006425,0.282038,-0.743145,-0.004415,0.334391,-1.011163,1.000393,0.257580,-0.781645,0.006292,0.323178,-1.020792,0.981287,0.289879,-0.748927,0.024213,0.352707,-0.975979,0.566345,1.067302,-0.062082,0.380790,1.062480,0.063277,0.560066,1.440076,-0.192231,0.366511,1.451072,0.064094,0.553954,1.789648,0.140837,0.364907,1.804302,0.221376,0.558138,1.833463,0.157119,0.364010,1.851282,0.223166,0.530217,1.913154,-0.224347,0.381989,1.922880,-0.163448
253.000000,17.130775,0.458933,0.397506,-0.812688,0.477628,0.352653,-0.777410,0.489785,0.350731,-0.777313,0.500198,0.349322,-0.777256,0.440200,0.356681,-0.764393,0.428553,0.357393,-0.764374,0.418327,0.358473,-0.764846,0.511265,0.357238,-0.543590,0.406073,0.368976,-0.475859,0.480031,0.435964,-0.731778,0.439460,0.438892,-0.710180,0.616185,0.537222,-0.431185,0.327580,0.544806,-0.362546,0.841615,0.455063,-0.569347,0.143332,0.566080,-0.500571,0.979214,0.266556,-0.791948,0.022570,0.361258,-0.819635,1.021153,0.201819,-0.832873,-0.037758,0.313777,-0.878241,1.007687,0.182876,-0.876159,-0.026082,0.287080,-0.914850,0.991173,0.212682,-0.831286,0.007564,0.300300,-0.854487,0.574327,0.995117,-0.073871,0.389220,1.047167,0.075405,0.569552,1.432736,-0.117548,0.369063,1.435781,0.208192,0.560179,1.777085,0.281712,0.369546,1.784770,0.492621,0.562242,1.821800,0.303402,0.369630,1.831928,0.506197,0.545309,1.898913,-0.101509,0.382533,1.905705,0.088366
254.000000,17.193069,0.459043,0.395505,-0.881898,0.477735,0.351039,-0.853067,0.489874,0.349049,-0.852939,0.500250,0.347596,-0.852836,0.440241,0.355096,-0.834980,0.428589,0.355789,-0.834987,0.418535,0.356911,-0.835393,0.511730,0.355735,-0.641574,0.406665,0.368061,-0.544381,0.480239,0.434429,-0.805200,0.439572,0.437699,-0.777219,0.623845,0.534673,-0.523498,0.328602,0.544026,-0.421213,0.846976,0.447335,-0.677624,0.143472,0.547405,-0.544788,0.981599,0.239223,-0.893388,0.020008,0.350043,-0.835256,1.018716,0.176067,-0.930391,-0.043989,0.307169,-0.887220,1.008029,0.158758,-0.966832,-0.032160,0.281487,-0.923169,0.991154,0.192692,-0.927733,0.004391,0.290749,-0.868857,0.586425,1.001907,-0.075782,0.394459,1.040602,0.077448,0.575324,1.432600,-0.090995,0.371610,1.432930,0.224996,0.567128,1.776194,0.310953,0.373577,1.780956,0.493358,0.569263,1.821283,0.332655,0.374343,1.826621,0.505040,0.552670,1.896840,-0.072990,0.387042,1.904817,0.094069
255.000000,17.270376,0.459391,0.390962,-0.705936,0.477885,0.346804,-0.670602,0.489910,0.345204,-0.670627,0.500309,0.344077,-0.670639,0.441225,0.349810,-0.657859,0.429514,0.350361,-0.657896,0.419385,0.351439,-0.658333,0.511881,0.353521,-0.470004,0.406870,0.363897,-0.396775,0.480383,0.430998,-0.634076,0.439931,0.433865,-0.614236,0.625159,0.531086,-0.400728,0.328287,0.540558,-0.300905,0.849779,0.434294,-0.657296,0.141879,0.533057,-0.466415,0.978561,0.228548,-0.819625,0.009308,0.352051,-0.793058,1.009817,0.174143,-0.845443,-0.059268,0.308906,-0.852604,0.993774,0.151884,-0.876970,-0.043679,0.286985,-0.879632,0.980223,0.183778,-0.849234,-0.021498,0.303595,-0.825915,0.586314,1.009190,-0.074104,0.396344,1.018988,0.075677,0.571848,1.404702,-0.130222,0.366890,1.404061,0.197448,0.560775,1.749815,0.156173,0.368911,1.759063,0.347758,0.562173,1.795181,0.169459,0.371709,1.807558,0.346984,0.548677,1.865256,-0.207127,0.372340,1.875250,-0.028962
256.000000,17.333124,0.459309,0.389534,-0.707356,0.477463,0.345606,-0.720449,0.489227,0.343980,-0.720655,0.499454,0.342760,-0.720815,0.441245,0.348630,-0.685323,0.429545,0.349187,-0.685622,0.419401,0.350298,-0.686424,0.511394,0.352017,-0.561502,0.406904,0.362508,-0.465755,0.480249,0.429216,-0.683877,0.439946,0.431924,-0.636742,0.624470,0.525117,-0.466673,0.328309,0.536681,-0.353208,0.850151,0.440709,-0.657405,0.142120,0.528781,-0.477079,0.974566,0.227443,-0.868410,0.000300,0.339680,-0.742109,1.005929,0.169968,-0.910472,-0.070172,0.301118,-0.791852,0.991931,0.145222,-0.943742,-0.059263,0.275843,-0.836343,0.979138,0.175334,-0.902837,-0.041624,0.295482,-0.778197,0.575189,0.966957,-0.075591,0.396117,1.004159,0.076960,0.569057,1.381105,-0.162336,0.365380,1.378018,0.154197,0.558362,1.721677,0.134636,0.368442,1.729881,0.319542,0.560113,1.764978,0.148859,0.371576,1.778639,0.322225,0.545110,1.836793,-0.224537,0.370899,1.841456,-0.048712
257.000000,17.410517,0.458445,0.389445,-0.731694,0.476038,0.345645,-0.754315,0.487872,0.343987,-0.754583,0.498298,0.342736,-0.754858,0.440185,0.348744,-0.720751,0.428749,0.349295,-0.721388,0.418744,0.350411,-0.722103,0.511065,0.351734,-0.581422,0.406755,0.362271,-0.501070,0.479820,0.428924,-0.711456,0.439711,0.431654,-0.666387,0.623629,0.521751,-0.475659,0.328215,0.536717,-0.371554,0.849678,0.438223,-0.672197,0.142409,0.533376,-0.513326,0.974724,0.218571,-0.882420,0.000828,0.350257,-0.819492,1.007743,0.165684,-0.922131,-0.065181,0.306903,-0.871273,0.992906,0.126406,-0.949210,-0.054975,0.282901,-0.900184,0.982559,0.172295,-0.912466,-0.028517,0.302474,-0.850159,0.577001,0.983946,-0.074118,0.397390,0.997979,0.075188,0.570747,1.353508,-0.241116,0.356473,1.349559,0.016758,0.558821,1.689465,0.056912,0.368445,1.702368,0.199190,0.560584,1.731742,0.073306,0.372826,1.748999,0.204723,0.544402,1.806793,-0.271315,0.371240,1.818136,-0.126926
258.000000,17.473211,0.457750,0.389437,-0.777461,0.474695,0.345691,-0.787669,0.486499,0.344005,-0.787853,0.497034,0.342726,-0.788058,0.439378,0.348861,-0.758411,0.428228,0.349418,-0.758997,0.418384,0.350535,-0.759580,0.510540,0.351346,-0.607305,0.406785,0.362203,-0.517731,0.479565,0.428713,-0.738430,0.439675,0.431545,-0.696653,0.623542,0.518249,-0.501714,0.328215,0.537000,-0.375632,0.851992,0.434426,-0.715020,0.142532,0.539664,-0.526809,0.974540,0.205774,-0.925452,0.001996,0.354539,-0.844621,1.007659,0.157424,-0.967633,-0.060793,0.310996,-0.896797,0.989151,0.124204,-0.989496,-0.050491,0.287498,-0.920737,0.982693,0.166096,-0.952336,-0.021955,0.306902,-0.873912,0.579197,0.992054,-0.077887,0.399632,0.999272,0.078836,0.571626,1.351631,-0.242044,0.353821,1.351931,0.072294,0.558814,1.689926,0.075514,0.367815,1.703188,0.283126,0.560612,1.733796,0.093648,0.372792,1.750065,0.291135,0.543328,1.806732,-0.258464,0.370861,1.819812,-0.082376
259.000000,17.550076,0.459026,0.388646,-0.763322,0.476066,0.344910,-0.735030,0.487815,0.343372,-0.735175,0.497997,0.342232,-0.735253,0.440216,0.347560,-0.726588,0.428864,0.347996,-0.726738,0.418950,0.348992,-0.727169,0.511055,0.350891,-0.523105,0.406802,0.360503,-0.482436,0.480454,0.428289,-0.690411,0.440184,0.430822,-0.675260,0.620791,0.518597,-0.419141,0.327495,0.536702,-0.375354,0.849682,0.437566,-0.618297,0.140617,0.532310,-0.532439,0.972695,0.221543,-0.875280,0.000356,0.334161,-0.852098,1.016838,0.167666,-0.931587,-0.059619,0.295460,-0.906305,0.989788,0.140378,-0.987819,-0.047768,0.271124,-0.929825,0.988523,0.174940,-0.921881,-0.025706,0.292791,-0.882632,0.579453,0.996649,-0.057672,0.399423,0.999932,0.058842,0.571686,1.361123,-0.225161,0.360134,1.358545,-0.059570,0.561791,1.701744,0.090639,0.371736,1.714858,0.047859,0.563016,1.746565,0.102005,0.376987,1.763587,0.042684,0.548485,1.817564,-0.259819,0.372767,1.828433,-0.334029
260.000000,17.613976,0.459439,0.387760,-0.770767,0.476718,0.344229,-0.745622,0.488464,0.342802,-0.745722,0.498482,0.341788,-0.745816,0.440570,0.346526,-0.732464,0.429135,0.346856,-0.732647,0.419267,0.347756,-0.733100,0.511330,0.350536,-0.530309,0.406847,0.359185,-0.490930,0.480819,0.427670,-0.696380,0.440294,0.429884,-0.679626,0.618243,0.519097,-0.422230,0.326746,0.536858,-0.393951,0.847562,0.441295,-0.616300,0.139439,0.531649,-0.537318,0.974469,0.222407,-0.853793,-0.002477,0.330858,-0.844376,1.034806,0.173649,-0.896932,-0.061008,0.289103,-0.899199,0.991684,0.141871,-0.935674,-0.049076,0.265190,-0.930423,1.004417,0.181081,-0.890868,-0.029970,0.287731,-0.876700,0.579661,0.998845,-0.053874,0.399371,1.002395,0.055108,0.571601,1.367665,-0.165598,0.361999,1.364116,-0.053459,0.563796,1.708071,0.112368,0.374638,1.720590,0.076158,0.565457,1.752822,0.117292,0.379835,1.769754,0.074117,0.550285,1.823925,-0.223396,0.377777,1.833786,-0.300531
261.000000,17.676535,0.459457,0.386981,-0.773226,0.476735,0.343956,-0.751285,0.488496,0.342650,-0.751397,0.498516,0.341740,-0.751511,0.440589,0.346113,-0.738984,0.429148,0.346472,-0.739135,0.419278,0.347438,-0.739595,0.511695,0.350549,-0.534133,0.406873,0.359047,-0.490655,0.480914,0.427366,-0.699042,0.440305,0.429293,-0.682546,0.618924,0.519597,-0.429266,0.326555,0.536914,-0.390836,0.852194,0.425724,-0.641583,0.130435,0.528520,-0.565980,0.977352,0.214758,-0.865151,-0.004212,0.302103,-0.875316,1.024146,0.157287,-0.905013,-0.059641,0.265900,-0.939689,0.992544,0.128636,-0.937328,-0.046722,0.245219,-0.964858,1.002955,0.166510,-0.898829,-0.027539,0.269097,-0.906988,0.581654,1.007057,-0.055433,0.399299,1.006723,0.056653,0.572062,1.372823,-0.165343,0.361655,1.367369,-0.030717,0.564605,1.708706,0.123471,0.375139,1.723545,0.134952,0.566124,1.756303,0.133961,0.380992,1.771292,0.136543,0.551476,1.826322,-0.225482,0.379211,1.837341,-0.242478
262.000000,17.754707,0.458514,0.387021,-0.847719,0.476086,0.343987,-0.831742,0.487886,0.342623,-0.831776,0.498006,0.341626,-0.831804,0.440064,0.346192,-0.811032,0.428804,0.346590,-0.811189,0.419017,0.347593,-0.811570,0.511552,0.350243,-0.654739,0.407314,0.359080,-0.548825,0.480544,0.427340,-0.780696,0.440235,0.429234,-0.749803,0.620347,0.519597,-0.529228,0.326762,0.535459,-0.429422,0.856075,0.417550,-0.725831,0.124790,0.517357,-0.570260,0.984247,0.205130,-0.928678,-0.007945,0.289111,-0.858927,1.025077,0.154441,-0.968107,-0.065909,0.255819,-0.917668,1.001473,0.110738,-1.001757,-0.051706,0.236752,-0.948331,1.001490,0.166621,-0.960952,-0.032779,0.260851,-0.891445,0.584001,1.012725,-0.061467,0.399354,1.010259,0.062866,0.572017,1.381434,-0.159282,0.368301,1.378597,0.005628,0.565022,1.721453,0.129263,0.375035,1.733169,0.137690,0.567775,1.769682,0.141729,0.380317,1.780955,0.134746,0.550804,1.835723,-0.222733,0.380304,1.848634,-0.248314
263.000000,17.817898,0.457562,0.387057,-0.877882,0.475372,0.344016,-0.861827,0.487217,0.342619,-0.861838,0.497448,0.341569,-0.861848,0.439588,0.346280,-0.839840,0.428508,0.346710,-0.840002,0.418812,0.347742,-0.840367,0.511383,0.350055,-0.689452,0.407771,0.359106,-0.573305,0.480088,0.427317,-0.810731,0.440077,0.429134,-0.777712,0.621526,0.519633,-0.559736,0.327118,0.534297,-0.448875,0.858584,0.415737,-0.757075,0.123462,0.514748,-0.577968,0.987482,0.202826,-0.959078,-0.009992,0.287245,-0.857885,1.026896,0.153336,-0.997992,-0.067950,0.253403,-0.914561,1.005311,0.106307,-1.031679,-0.053514,0.234338,-0.946126,1.000458,0.166706,-0.991041,-0.034849,0.258386,-0.890251,0.585366,1.016103,-0.067869,0.399409,1.012089,0.069348,0.571968,1.387395,-0.159494,0.370249,1.384102,0.013681,0.565171,1.727781,0.131586,0.374987,1.737201,0.147121,0.568545,1.775966,0.145037,0.379799,1.784555,0.145202,0.550428,1.839857,-0.220738,0.380596,1.853872,-0.239057
264.000000,17.883009,0.456918,0.387100,-0.882012,0.474886,0.344037,-0.865185,0.486767,0.342631,-0.865203,0.497072,0.341556,-0.865217,0.439281,0.346403,-0.843674,0.428324,0.346863,-0.843834,0.418691,0.347921,-0.844205,0.511254,0.349975,-0.692868,0.408238,0.359129,-0.577438,0.479752,0.427326,-0.814360,0.439961,0.429107,-0.781913,0.622137,0.519764,-0.561063,0.327532,0.533664,-0.453790,0.859167,0.415609,-0.756136,0.123392,0.515212,-0.581655,0.989128,0.202272,-0.957775,-0.011035,0.286606,-0.857037,1.028474,0.154011,-0.995568,-0.068276,0.253018,-0.912266,1.008004,0.105863,-1.029712,-0.053934,0.233656,-0.944252,1.000134,0.167585,-0.989798,-0.035374,0.257636,-0.889164,0.586272,1.018128,-0.070548,0.399600,1.013423,0.072038,0.572042,1.391209,-0.160494,0.371821,1.387139,0.009667,0.565864,1.731138,0.132321,0.374945,1.739188,0.145573,0.569788,1.779033,0.146256,0.379577,1.786081,0.144143,0.549960,1.841886,-0.219517,0.381440,1.856434,-0.239680
265.000000,17.951363,0.460868,0.386994,-0.873587,0.477845,0.343840,-0.834364,0.489221,0.342320,-0.834429,0.498931,0.341151,-0.834405,0.442393,0.346414,-0.829041,0.430797,0.346914,-0.829071,0.420774,0.347985,-0.829389,0.512087,0.349778,-0.605449,0.408936,0.359141,-0.559903,0.481918,0.427162,-0.788364,0.442849,0.429110,-0.776694,0.621465,0.519815,-0.488725,0.327753,0.533341,-0.440681,0.859316,0.417402,-0.671862,0.124318,0.508721,-0.588963,0.990974,0.206397,-0.885182,-0.008622,0.282392,-0.868052,1.036968,0.155844,-0.923375,-0.064456,0.242267,-0.929352,1.018105,0.108081,-0.963883,-0.050388,0.222153,-0.956511,1.005589,0.167613,-0.922849,-0.033553,0.247284,-0.898777,0.581604,1.016773,-0.063627,0.394682,1.010979,0.065029,0.566266,1.386577,-0.160496,0.370799,1.377315,-0.047758,0.558896,1.723889,0.123417,0.372021,1.730942,0.063740,0.561368,1.769534,0.135394,0.375109,1.779726,0.060001,0.542942,1.837359,-0.234172,0.380100,1.844336,-0.327157
266.000000,18.019386,0.463758,0.386928,-0.872621,0.480008,0.343724,-0.824775,0.490960,0.342114,-0.824825,0.500269,0.340861,-0.824790,0.445047,0.346444,-0.826220,0.433153,0.346968,-0.826159,0.422834,0.348047,-0.826468,0.512524,0.349596,-0.589147,0.409803,0.359156,-0.558854,0.483372,0.426986,-0.779360,0.445082,0.429113,-0.774385,0.621107,0.519611,-0.473873,0.327861,0.533088,-0.433941,0.858940,0.419245,-0.647970,0.124476,0.507623,-0.592034,0.990631,0.210719,-0.860010,-0.005814,0.286675,-0.877404,1.042947,0.161945,-0.896068,-0.062980,0.244168,-0.939400,1.015234,0.129108,-0.940355,-0.049073,0.223394,-0.967408,1.010628,0.171373,-0.899432,-0.033350,0.248305,-0.908402,0.580345,1.015044,-0.060227,0.392116,1.007210,0.061680,0.562969,1.383954,-0.163135,0.366886,1.369125,-0.077983,0.553408,1.720739,0.107780,0.365867,1.724115,0.027149,0.554897,1.766042,0.118011,0.367750,1.773659,0.021810,0.537950,1.833971,-0.256006,0.374776,1.835715,-0.370475
267.000000,18.101351,0.465547,0.386844,-0.816702,0.481319,0.343678,-0.779523,0.492027,0.342036,-0.779681,0.501063,0.340763,-0.779815,0.446794,0.346480,-0.776752,0.434830,0.347011,-0.776942,0.424347,0.348085,-0.777337,0.512830,0.349511,-0.559131,0.410854,0.359179,-0.527180,0.485116,0.426681,-0.731275,0.446989,0.429080,-0.723745,0.621158,0.519658,-0.443908,0.328444,0.533077,-0.409809,0.858656,0.421013,-0.623391,0.124769,0.508303,-0.569865,0.989953,0.217345,-0.837060,-0.002979,0.289829,-0.854135,1.013838,0.174107,-0.871172,-0.062546,0.248979,-0.907597,1.010956,0.142520,-0.906185,-0.048652,0.228332,-0.939045,0.999455,0.177967,-0.871010,-0.032157,0.252681,-0.883877,0.579465,1.009090,-0.059510,0.393130,1.004661,0.060729,0.564374,1.347588,-0.212690,0.356584,1.345393,-0.103383,0.553743,1.689825,0.065855,0.365973,1.710356,0.038547,0.555194,1.733287,0.079859,0.368288,1.758026,0.038694,0.537457,1.807683,-0.260229,0.374536,1.827672,-0.314198
268.000000,18.169695,0.466073,0.384549,-0.751045,0.481947,0.342254,-0.709296,0.492698,0.340887,-0.709369,0.501673,0.339906,-0.709334,0.447443,0.344596,-0.703844,0.435560,0.345161,-0.703903,0.425075,0.346295,-0.704323,0.513496,0.349454,-0.482361,0.411427,0.358593,-0.437773,0.485689,0.425338,-0.668470,0.447075,0.427705,-0.657127,0.621409,0.521310,-0.381201,0.328503,0.533549,-0.348547,0.858445,0.421884,-0.560708,0.125361,0.509469,-0.514083,0.986104,0.217754,-0.784502,-0.000602,0.288469,-0.801047,1.004856,0.168966,-0.823864,-0.061287,0.244711,-0.866700,1.003817,0.142559,-0.855738,-0.046806,0.225922,-0.889390,0.991909,0.175732,-0.819778,-0.020653,0.241288,-0.832399,0.576964,1.018293,-0.059802,0.388428,1.013346,0.061027,0.562586,1.374983,-0.140603,0.359474,1.371887,-0.050513,0.552347,1.711632,0.170325,0.363877,1.727552,0.082520,0.554361,1.754718,0.186430,0.364184,1.779027,0.083163,0.534094,1.833410,-0.173980,0.373846,1.839192,-0.302661
269.000000,18.238510,0.469276,0.384578,-0.771194,0.484477,0.342269,-0.733770,0.494924,0.340893,-0.733891,0.503675,0.339907,-0.733968,0.449693,0.344643,-0.727077,0.437473,0.345214,-0.727228,0.426504,0.346351,-0.727650,0.515079,0.349398,-0.508822,0.412272,0.358475,-0.462683,0.487720,0.425301,-0.687318,0.449127,0.427754,-0.675363,0.624821,0.521190,-0.402917,0.329579,0.533017,-0.346498,0.858185,0.422448,-0.585468,0.129054,0.509377,-0.514845,0.983521,0.218650,-0.804197,0.002764,0.290266,-0.815287,1.001755,0.169174,-0.842998,-0.061005,0.245189,-0.876083,1.006860,0.142567,-0.873285,-0.046579,0.224894,-0.902378,0.988619,0.176195,-0.836904,-0.021169,0.244125,-0.846177,0.581467,1.003926,-0.059882,0.394695,1.000909,0.061060,0.567388,1.345743,-0.344322,0.355941,1.334692,-0.232918,0.553863,1.688992,-0.119798,0.364921,1.705941,-0.133830,0.555556,1.733926,-0.111566,0.368502,1.756286,-0.137230,0.534159,1.807210,-0.463099,0.374366,1.821526,-0.493458
270.000000,18.325918,0.470239,0.385087,-0.835272,0.485362,0.343069,-0.793513,0.495780,0.341716,-0.793612,0.504544,0.340729,-0.793685,0.450764,0.345222,-0.792095,0.438535,0.345734,-0.792213,0.427538,0.346780,-0.792598,0.515833,0.349573,-0.534790,0.413236,0.358500,-0.520574,0.488526,0.425602,-0.740890,0.449987,0.428003,-0.735705,0.624817,0.521382,-0.403417,0.329655,0.533033,-0.393441,0.850515,0.432771,-0.595859,0.130717,0.511379,-0.568987,0.984317,0.218957,-0.827754,0.005046,0.296052,-0.871691,1.021632,0.175856,-0.868798,-0.058067,0.253020,-0.933912,1.014182,0.154760,-0.908899,-0.043328,0.233461,-0.963410,0.995506,0.185002,-0.864878,-0.020526,0.254951,-0.903150,0.581283,1.004455,-0.059963,0.394688,1.001775,0.061158,0.565539,1.351563,-0.286888,0.353968,1.342989,-0.138947,0.554086,1.694002,-0.064290,0.365480,1.709709,-0.011070,0.555838,1.738295,-0.066477,0.370857,1.759738,-0.012799,0.534210,1.812438,-0.439961,0.374313,1.824980,-0.385311
271.000000,18.399233,0.470748,0.385394,-0.845942,0.485893,0.343561,-0.804261,0.496327,0.342216,-0.804349,0.505118,0.341230,-0.804415,0.451317,0.345609,-0.802811,0.439082,0.346096,-0.802921,0.428089,0.347090,-0.803302,0.516394,0.349688,-0.540631,0.413780,0.358527,-0.532090,0.489095,0.425797,-0.752090,0.450469,0.428153,-0.746890,0.624818,0.521581,-0.407267,0.329721,0.533024,-0.407073,0.846200,0.438472,-0.603057,0.131638,0.511672,-0.581948,0.984766,0.219373,-0.835180,0.006351,0.298104,-0.880757,1.029201,0.176811,-0.876665,-0.056064,0.255964,-0.942689,1.017162,0.156584,-0.919302,-0.041203,0.236919,-0.972140,0.998779,0.186385,-0.873981,-0.019958,0.259341,-0.912233,0.581249,1.005115,-0.059892,0.394670,1.002535,0.061098,0.564994,1.355337,-0.263995,0.354020,1.347479,-0.123121,0.554134,1.697420,-0.035401,0.366664,1.712239,0.003644,0.556031,1.741449,-0.023919,0.373308,1.762006,0.001053,0.535301,1.815568,-0.376954,0.374372,1.827538,-0.378226
272.000000,18.472845,0.473546,0.388596,-0.604930,0.488101,0.347733,-0.564459,0.497999,0.346945,-0.564636,0.506537,0.346165,-0.564824,0.454717,0.348197,-0.560088,0.443032,0.348198,-0.560273,0.432219,0.348619,-0.560701,0.517007,0.352296,-0.345957,0.415797,0.358608,-0.312249,0.490042,0.428535,-0.524377,0.452506,0.430421,-0.515351,0.624924,0.521880,-0.265672,0.330975,0.532676,-0.223942,0.845886,0.440303,-0.445880,0.131459,0.511558,-0.403637,0.983949,0.227105,-0.653259,0.000230,0.298516,-0.681057,1.008856,0.181770,-0.683876,-0.061404,0.253931,-0.731768,1.020148,0.158537,-0.714137,-0.047779,0.233316,-0.755948,1.002714,0.187475,-0.686243,-0.026610,0.257068,-0.709984,0.581938,1.004556,-0.059183,0.396586,1.002424,0.060245,0.565415,1.347255,-0.305784,0.351685,1.337837,-0.266342,0.553971,1.694414,-0.113009,0.366736,1.713307,-0.212385,0.555541,1.739660,-0.106890,0.373567,1.763666,-0.220752,0.535356,1.812924,-0.443414,0.372826,1.829045,-0.575674
273.000000,18.545416,0.476525,0.388479,-0.664278,0.489958,0.347713,-0.619209,0.499397,0.346922,-0.619391,0.507719,0.346161,-0.619468,0.458152,0.348198,-0.617696,0.446913,0.348207,-0.617868,0.436298,0.348640,-0.618323,0.517157,0.352439,-0.385409,0.418422,0.358623,-0.363278,0.491565,0.428342,-0.579872,0.455489,0.430377,-0.574101,0.625208,0.523993,-0.299688,0.331241,0.533100,-0.279193,0.842824,0.441981,-0.478472,0.132303,0.512667,-0.451608,0.980413,0.247429,-0.708145,-0.004231,0.300761,-0.735051,1.000671,0.188787,-0.745865,-0.060719,0.254555,-0.791642,1.002685,0.174482,-0.778527,-0.046678,0.233548,-0.820484,0.987546,0.198234,-0.742797,-0.025942,0.257619,-0.765604,0.580913,1.008710,-0.058772,0.396564,1.007857,0.059837,0.563175,1.358115,-0.221813,0.353451,1.351729,-0.205177,0.553505,1.705422,-0.033599,0.367124,1.721328,-0.107300,0.555658,1.750539,-0.030279,0.373570,1.770707,-0.106974,0.534634,1.819996,-0.320711,0.374793,1.833960,-0.518910
274.000000,18.632660,0.480924,0.388896,-0.701903,0.493667,0.347864,-0.660567,0.502941,0.347022,-0.660706,0.511606,0.346212,-0.660806,0.461841,0.348353,-0.658131,0.450800,0.348336,-0.658245,0.440043,0.348782,-0.658694,0.520607,0.352578,-0.433525,0.419805,0.358780,-0.405086,0.494646,0.428617,-0.619146,0.459068,0.430646,-0.612308,0.629026,0.526712,-0.335682,0.333205,0.533108,-0.308469,0.840434,0.467144,-0.494529,0.140171,0.516715,-0.474684,0.979355,0.308281,-0.707925,0.011696,0.310076,-0.748174,1.001095,0.261604,-0.739430,-0.046612,0.257858,-0.804241,1.001804,0.237610,-0.771212,-0.035403,0.237761,-0.828833,0.986882,0.262225,-0.741648,-0.001518,0.258497,-0.777385,0.574320,0.989054,-0.052759,0.396546,1.005768,0.053768,0.562956,1.358784,-0.225798,0.355968,1.351206,-0.150534,0.551814,1.704226,-0.022283,0.365878,1.717793,-0.050044,0.553592,1.749022,-0.016204,0.369925,1.768242,-0.052661,0.533239,1.819572,-0.358270,0.372848,1.828042,-0.435870
275.000000,18.702831,0.482675,0.389146,-0.719055,0.495292,0.347950,-0.678312,0.504599,0.347063,-0.678449,0.513456,0.346216,-0.678553,0.463335,0.348474,-0.675593,0.452367,0.348444,-0.675712,0.441655,0.348912,-0.676164,0.522462,0.352674,-0.451643,0.420889,0.358927,-0.419992,0.495970,0.428744,-0.636188,0.460578,0.430771,-0.628574,0.630916,0.529239,-0.349344,0.334812,0.533232,-0.317031,0.838370,0.479810,-0.502089,0.144237,0.519386,-0.480220,0.978291,0.320024,-0.716575,0.019377,0.317197,-0.738317,1.002202,0.273615,-0.748564,-0.039193,0.261216,-0.794333,1.001186,0.248133,-0.780908,-0.029415,0.241251,-0.818506,0.986481,0.273325,-0.751010,0.007633,0.260536,-0.767050,0.575066,0.990322,-0.051135,0.396529,1.004360,0.052032,0.561744,1.357916,-0.198081,0.357374,1.349367,-0.079489,0.549703,1.700163,0.016732,0.365064,1.713162,0.017616,0.551426,1.743938,0.023841,0.368229,1.764295,0.013232,0.531188,1.816345,-0.314165,0.370524,1.821746,-0.352256
276.000000,18.771936,0.487485,0.389658,-0.666127,0.498707,0.348114,-0.619451,0.507457,0.347174,-0.619647,0.516006,0.346274,-0.619803,0.468808,0.348608,-0.626449,0.457816,0.348511,-0.626546,0.447222,0.348941,-0.627002,0.522967,0.352670,-0.378227,0.423467,0.358832,-0.396771,0.498510,0.428748,-0.577918,0.465571,0.430805,-0.584381,0.630072,0.529303,-0.276845,0.335203,0.533044,-0.316161,0.835427,0.480229,-0.422045,0.144260,0.518958,-0.499089,0.977633,0.304082,-0.636740,0.016079,0.316756,-0.769024,1.020707,0.258137,-0.666038,-0.038896,0.261257,-0.822205,1.000958,0.231182,-0.702410,-0.027159,0.241396,-0.844886,0.986057,0.255536,-0.673203,0.003679,0.262309,-0.795884,0.575236,1.004039,-0.039980,0.396494,1.009176,0.040993,0.560543,1.358177,-0.198400,0.359919,1.350143,-0.161329,0.548402,1.705104,0.005135,0.363756,1.717663,-0.117801,0.549613,1.749186,0.010813,0.364660,1.769078,-0.128143,0.530248,1.822314,-0.321516,0.370624,1.825286,-0.491354
277.000000,18.842047,0.486979,0.389447,-0.547658,0.499903,0.347599,-0.500794,0.509171,0.346657,-0.500857,0.518160,0.345800,-0.500896,0.468409,0.348239,-0.499959,0.457220,0.348139,-0.500407,0.446624,0.348617,-0.500681,0.526798,0.352565,-0.282600,0.424594,0.358539,-0.269165,0.499502,0.428469,-0.467780,0.465232,0.430465,-0.464688,0.630020,0.528269,-0.216666,0.337621,0.533037,-0.186379,0.832325,0.485945,-0.364255,0.147365,0.520499,-0.304564,0.977678,0.336945,-0.588414,0.022596,0.319820,-0.527860,1.023078,0.283796,-0.619455,-0.038013,0.261526,-0.576364,1.002694,0.263254,-0.652358,-0.025385,0.241424,-0.597297,0.986034,0.294122,-0.624428,0.010767,0.262373,-0.557559,0.579197,1.003280,-0.041478,0.399619,1.006211,0.042584,0.563489,1.343109,-0.199057,0.356058,1.334622,-0.160280,0.550485,1.687258,-0.015388,0.366586,1.705746,-0.122054,0.552228,1.733086,-0.008625,0.371749,1.758489,-0.129618,0.530365,1.807508,-0.321283,0.370742,1.817454,-0.462340
278.000000,18.910505,0.487148,0.388900,-0.470596,0.500677,0.346501,-0.421765,0.510278,0.345268,-0.421698,0.519525,0.344182,-0.421627,0.468334,0.347846,-0.419214,0.457067,0.347867,-0.419689,0.446519,0.348453,-0.419870,0.529195,0.351327,-0.210512,0.425680,0.358427,-0.188588,0.501190,0.427645,-0.393651,0.465848,0.430193,-0.388593,0.633853,0.528072,-0.168634,0.340103,0.533106,-0.123785,0.832372,0.493477,-0.328186,0.147117,0.520455,-0.233948,0.978381,0.321866,-0.538657,0.020975,0.314288,-0.440161,1.028818,0.269230,-0.561857,-0.039548,0.252955,-0.484345,1.005877,0.245780,-0.594937,-0.026082,0.231991,-0.500996,0.986247,0.276809,-0.574855,0.009006,0.247968,-0.469924,0.590086,1.004189,-0.041857,0.401934,1.006162,0.043068,0.574305,1.353222,-0.208341,0.362111,1.334926,-0.197763,0.564317,1.692504,-0.069928,0.373969,1.706352,-0.217464,0.566387,1.739570,-0.066721,0.379809,1.761936,-0.231020,0.543401,1.817076,-0.386523,0.375060,1.818213,-0.581757
279.000000,18.978539,0.488661,0.388090,-0.574880,0.503675,0.345148,-0.528588,0.513989,0.343951,-0.528674,0.523885,0.342938,-0.528705,0.469649,0.346559,-0.527184,0.458046,0.346707,-0.527433,0.447427,0.347492,-0.527792,0.535034,0.350709,-0.300859,0.426883,0.358040,-0.283167,0.503242,0.427303,-0.493498,0.467036,0.429563,-0.488646,0.635894,0.531491,-0.222215,0.343392,0.534729,-0.203536,0.831604,0.490164,-0.381710,0.148210,0.522049,-0.342762,0.977301,0.320422,-0.602163,0.020388,0.313078,-0.574200,1.013610,0.271642,-0.631547,-0.037476,0.253373,-0.626524,1.012661,0.246995,-0.664058,-0.025002,0.232519,-0.645347,0.985260,0.272174,-0.638242,0.008349,0.250492,-0.602595,0.590667,1.012901,-0.042699,0.402889,1.013533,0.043923,0.574663,1.372838,-0.197100,0.371055,1.355649,-0.200084,0.568609,1.714660,-0.026992,0.381320,1.725783,-0.154184,0.571830,1.761142,-0.024734,0.384496,1.780627,-0.162818,0.548742,1.835033,-0.365835,0.390089,1.833956,-0.531427
280.000000,19.048225,0.488312,0.387808,-0.592597,0.505006,0.345181,-0.548527,0.515945,0.344130,-0.548671,0.526397,0.343339,-0.548755,0.470582,0.346391,-0.545106,0.459270,0.346402,-0.545269,0.448907,0.347019,-0.545694,0.538084,0.352072,-0.329703,0.428907,0.357729,-0.302916,0.503221,0.427297,-0.514792,0.466758,0.428420,-0.507639,0.637249,0.534186,-0.249902,0.343146,0.534782,-0.218644,0.831903,0.491544,-0.410643,0.149950,0.515096,-0.357943,0.980153,0.315754,-0.628966,0.021616,0.310208,-0.599573,1.026150,0.267464,-0.659061,-0.040544,0.253731,-0.650238,1.018901,0.241812,-0.690818,-0.023553,0.232640,-0.672327,0.998281,0.268880,-0.663846,0.006972,0.248922,-0.628607,0.590329,1.012941,-0.050095,0.403480,1.012770,0.051194,0.567519,1.372420,-0.227092,0.355498,1.352881,-0.225273,0.556160,1.714396,-0.030616,0.370619,1.724746,-0.150393,0.559656,1.760712,-0.024394,0.375106,1.777596,-0.156343,0.534907,1.830421,-0.361821,0.378691,1.833920,-0.513918
281.000000,19.118845,0.488073,0.387794,-0.571866,0.504907,0.345679,-0.527818,0.516079,0.344905,-0.528013,0.526668,0.344387,-0.528149,0.470322,0.346423,-0.523076,0.459115,0.346403,-0.523237,0.448843,0.346994,-0.523700,0.538795,0.353450,-0.311235,0.429874,0.357657,-0.277879,0.503004,0.427337,-0.494355,0.466510,0.427997,-0.485776,0.637496,0.534545,-0.243468,0.343270,0.534171,-0.183560,0.832228,0.494418,-0.404343,0.151825,0.511635,-0.318859,0.980047,0.313415,-0.619701,0.022656,0.307720,-0.554706,1.026349,0.265502,-0.649124,-0.040782,0.253942,-0.603108,1.018730,0.239031,-0.676305,-0.021358,0.232839,-0.623481,0.996683,0.266726,-0.651633,0.006495,0.248357,-0.582950,0.589990,1.011124,-0.059935,0.404887,1.009558,0.060786,0.563181,1.359980,-0.249988,0.347698,1.339176,-0.244594,0.551382,1.703183,-0.045259,0.368880,1.718089,-0.155404,0.555444,1.750149,-0.037356,0.374685,1.769163,-0.158930,0.528483,1.815238,-0.367534,0.375108,1.831361,-0.506059
282.000000,19.185087,0.490323,0.387835,-0.293159,0.509088,0.345728,-0.237702,0.520392,0.345040,-0.237919,0.530992,0.344629,-0.238127,0.473036,0.346419,-0.236134,0.461228,0.346396,-0.236275,0.450678,0.346985,-0.236773,0.542644,0.354442,-0.013320,0.430929,0.357652,0.003403,0.504806,0.427902,-0.216547,0.467895,0.428127,-0.212899,0.638369,0.541462,-0.005765,0.346849,0.534077,0.069901,0.831920,0.496690,-0.199662,0.158594,0.516462,-0.096406,0.979410,0.314140,-0.422700,0.025282,0.322263,-0.338701,1.008173,0.267896,-0.452819,-0.036748,0.274682,-0.384611,1.005297,0.239622,-0.474660,-0.021843,0.256385,-0.397298,0.989476,0.267735,-0.454768,0.012181,0.265242,-0.366357,0.590325,1.011222,-0.066138,0.408453,1.009533,0.066860,0.563375,1.348821,-0.255254,0.348242,1.330431,-0.254874,0.551220,1.689359,-0.051313,0.368891,1.709129,-0.158938,0.555193,1.734696,-0.042270,0.375004,1.761595,-0.160917,0.527151,1.803935,-0.364906,0.372063,1.821316,-0.500373
283.000000,19.250696,0.490090,0.388149,-0.335177,0.509233,0.346361,-0.256281,0.520589,0.345898,-0.258813,0.531078,0.345690,-0.259517,0.472862,0.346582,-0.252592,0.460989,0.346462,-0.251348,0.450393,0.347008,-0.254545,0.543336,0.355551,-0.144815,0.431239,0.357649,-0.111464,0.504944,0.429317,-0.259705,0.467806,0.428728,-0.241661,0.638219,0.540934,-0.080284,0.346980,0.532497,-0.086599,0.839921,0.495474,-0.277032,0.158265,0.516167,-0.243894,0.985460,0.313497,-0.496328,0.024711,0.302867,-0.488666,1.035265,0.265551,-0.508918,-0.036801,0.259814,-0.538827,1.022414,0.238662,-0.543634,-0.022156,0.244922,-0.556228,1.003207,0.268441,-0.530146,0.013288,0.243314,-0.517253,0.590455,1.011098,-0.069447,0.407138,1.008952,0.070608,0.561824,1.352604,-0.355496,0.340731,1.331066,-0.280358,0.548223,1.693544,-0.177228,0.363990,1.709069,-0.225498,0.553128,1.742590,-0.170830,0.371146,1.760798,-0.231290,0.522786,1.804837,-0.504436,0.363805,1.821784,-0.571235
284.000000,19.318264,0.489971,0.388434,-0.466717,0.509412,0.346943,-0.391788,0.520794,0.346645,-0.392500,0.531216,0.346576,-0.392741,0.472784,0.346752,-0.390719,0.460835,0.346537,-0.390520,0.450191,0.347036,-0.391629,0.543799,0.356398,-0.167212,0.431384,0.357647,-0.158951,0.505082,0.430273,-0.365512,0.467751,0.429187,-0.359558,0.638161,0.540547,-0.122348,0.346922,0.531429,-0.127888,0.843439,0.494352,-0.293150,0.158073,0.516121,-0.282920,0.988119,0.313322,-0.524456,0.024297,0.296344,-0.524024,1.043091,0.264032,-0.560691,-0.037070,0.254542,-0.575391,1.027925,0.237957,-0.590833,-0.022386,0.240339,-0.592838,1.007556,0.268541,-0.559732,0.013653,0.236657,-0.552978,0.590474,1.010984,-0.070387,0.405842,1.008538,0.071726,0.561161,1.356240,-0.355288,0.338989,1.333509,-0.273998,0.547037,1.697443,-0.177966,0.361980,1.709339,-0.223947,0.552192,1.748288,-0.171931,0.369310,1.760833,-0.230401,0.521524,1.805357,-0.507808,0.361020,1.822182,-0.573340
285.000000,19.396711,0.489986,0.388330,-0.601737,0.509676,0.346884,-0.546922,0.521211,0.346583,-0.546848,0.531782,0.346515,-0.546786,0.472858,0.346644,-0.546670,0.460928,0.346375,-0.547343,0.450296,0.346814,-0.547555,0.544887,0.356287,-0.320640,0.431657,0.357415,-0.314484,0.505652,0.430095,-0.512454,0.468012,0.429005,-0.510998,0.640398,0.540042,-0.255678,0.348283,0.530798,-0.224000,0.843345,0.495216,-0.417907,0.157845,0.516786,-0.299927,0.988410,0.284221,-0.637096,0.023997,0.296412,-0.523365,1.043973,0.236182,-0.667583,-0.038952,0.252106,-0.568277,1.021750,0.207116,-0.694289,-0.023127,0.237033,-0.588247,1.006726,0.233096,-0.671074,0.013043,0.238102,-0.552945,0.590679,1.008397,-0.069616,0.405698,1.003761,0.071005,0.561314,1.352182,-0.266665,0.335085,1.333094,-0.125736,0.547265,1.685767,-0.083435,0.362210,1.696264,-0.051562,0.552294,1.735127,-0.073479,0.370976,1.747331,-0.053195,0.522132,1.798971,-0.371698,0.358543,1.813111,-0.362789
286.000000,19.477818,0.491336,0.387852,-0.354850,0.510933,0.346673,-0.295265,0.522369,0.346457,-0.295168,0.532963,0.346457,-0.295080,0.474804,0.346236,-0.295583,0.462933,0.345950,-0.295859,0.452337,0.346354,-0.295939,0.545593,0.356416,-0.068306,0.432347,0.357336,-0.061005,0.506830,0.429896,-0.275766,0.469420,0.428573,-0.275344,0.640253,0.540665,-0.057140,0.346761,0.530218,-0.014991,0.840957,0.497212,-0.209775,0.151779,0.512316,-0.113965,0.984217,0.285112,-0.392131,0.022183,0.284684,-0.294253,1.042610,0.237081,-0.411393,-0.039981,0.244521,-0.336204,1.009896,0.208730,-0.434955,-0.023265,0.227531,-0.349224,0.995889,0.235577,-0.423883,0.012785,0.227810,-0.323157,0.590624,1.009113,-0.061655,0.404038,1.004004,0.063505,0.561084,1.366542,-0.266112,0.337915,1.340960,-0.239686,0.546265,1.699815,-0.128954,0.360439,1.706624,-0.278602,0.549756,1.746631,-0.125630,0.366352,1.759002,-0.293319,0.522279,1.820696,-0.444320,0.359003,1.825233,-0.652984
287.000000,19.543591,0.492036,0.387939,-0.435341,0.511314,0.346946,-0.384089,0.522571,0.346819,-0.384196,0.533058,0.346874,-0.384293,0.476136,0.346258,-0.383672,0.464383,0.345949,-0.383853,0.453803,0.346328,-0.384243,0.545329,0.356541,-0.156283,0.432621,0.357222,-0.143758,0.506945,0.429885,-0.354937,0.469921,0.428512,-0.352747,0.639461,0.540450,-0.112636,0.345982,0.529790,-0.066172,0.839874,0.496247,-0.284940,0.152236,0.512457,-0.212398,0.984166,0.282943,-0.489823,0.023344,0.298754,-0.345980,1.041488,0.235288,-0.515023,-0.040002,0.252503,-0.394090,1.009218,0.208900,-0.538971,-0.020764,0.230386,-0.434084,0.995206,0.235334,-0.521203,0.012102,0.239010,-0.388989,0.585519,1.009637,-0.061635,0.400315,1.004390,0.063482,0.558702,1.362332,-0.274375,0.338258,1.339718,-0.314017,0.544486,1.699677,-0.112316,0.358452,1.706722,-0.244267,0.547337,1.746381,-0.107093,0.364225,1.759123,-0.249698,0.521293,1.820634,-0.430767,0.358912,1.825391,-0.596954
288.000000,19.636858,0.491911,0.387959,-0.774240,0.511130,0.346977,-0.728203,0.522370,0.346868,-0.728325,0.532843,0.346927,-0.728375,0.475933,0.346233,-0.730257,0.464184,0.345860,-0.730369,0.453605,0.346152,-0.730774,0.545085,0.356579,-0.475591,0.432574,0.357001,-0.470235,0.506887,0.429879,-0.682613,0.469860,0.428505,-0.681958,0.638777,0.538678,-0.348548,0.345959,0.529809,-0.352272,0.838702,0.495720,-0.481793,0.152958,0.520411,-0.482240,0.979065,0.316456,-0.735378,0.025408,0.320055,-0.738977,1.040357,0.272124,-0.776791,-0.032944,0.267240,-0.803048,1.012326,0.250079,-0.815991,-0.018011,0.248106,-0.831113,0.989482,0.266116,-0.772569,0.014498,0.258407,-0.770051,0.583340,1.010267,-0.053815,0.399773,1.005588,0.055345,0.558616,1.365932,-0.108163,0.362549,1.355032,-0.032177,0.545975,1.703395,0.199983,0.362547,1.713573,0.111081,0.549067,1.748154,0.216044,0.364665,1.764244,0.111041,0.524143,1.823884,-0.132354,0.373396,1.829130,-0.270602
289.000000,19.704674,0.491835,0.387945,-0.702166,0.510997,0.346989,-0.653816,0.522213,0.346907,-0.653972,0.532654,0.346978,-0.654039,0.475789,0.346032,-0.656102,0.464059,0.345457,-0.656197,0.453488,0.345534,-0.656631,0.544928,0.356595,-0.411247,0.432619,0.356283,-0.405782,0.506832,0.429851,-0.615357,0.469786,0.428216,-0.614762,0.636482,0.538861,-0.307489,0.345445,0.530202,-0.320989,0.837101,0.495470,-0.450064,0.151274,0.520420,-0.454933,0.975616,0.321030,-0.694576,0.020667,0.309314,-0.700224,1.039896,0.278761,-0.732839,-0.034491,0.262572,-0.763652,1.013167,0.255687,-0.770763,-0.021313,0.244891,-0.789136,0.984543,0.266610,-0.733056,0.007936,0.249099,-0.730932,0.581682,1.013780,-0.047427,0.398425,1.009439,0.048826,0.558282,1.374727,-0.089209,0.372340,1.367560,-0.063210,0.546670,1.713494,0.202048,0.363369,1.725845,0.063523,0.549800,1.756670,0.216412,0.364805,1.777039,0.062124,0.525942,1.833780,-0.130822,0.376717,1.836876,-0.325409
290.000000,19.776165,0.491212,0.387126,-0.654722,0.510295,0.345494,-0.606328,0.521536,0.345273,-0.606439,0.531976,0.345250,-0.606499,0.474787,0.344824,-0.606806,0.463111,0.344312,-0.606964,0.452538,0.344483,-0.607347,0.544267,0.355567,-0.371300,0.432320,0.355564,-0.358386,0.506508,0.428883,-0.570230,0.469054,0.427655,-0.567779,0.636920,0.537347,-0.282009,0.345017,0.530179,-0.272855,0.834127,0.502380,-0.432046,0.152172,0.516540,-0.430921,0.972674,0.324179,-0.665272,0.024955,0.309291,-0.713167,1.032730,0.281603,-0.700441,-0.027058,0.262391,-0.775161,0.999197,0.253038,-0.735438,-0.011994,0.244530,-0.792030,0.979410,0.265755,-0.702046,0.013179,0.246445,-0.741310,0.579047,1.005041,-0.046420,0.398369,1.011971,0.047857,0.558103,1.389715,-0.099058,0.369892,1.377929,-0.060278,0.542831,1.726035,0.173848,0.359354,1.730242,0.057335,0.545038,1.769709,0.187041,0.359077,1.780063,0.054534,0.522614,1.842154,-0.156646,0.372601,1.841243,-0.322017
291.000000,19.844820,0.491073,0.386618,-0.688560,0.510056,0.344754,-0.642141,0.521295,0.344513,-0.642233,0.531744,0.344500,-0.642295,0.474218,0.344105,-0.641549,0.462407,0.343588,-0.641570,0.451763,0.343791,-0.641983,0.544211,0.355110,-0.406101,0.431830,0.355124,-0.388727,0.506482,0.428313,-0.604690,0.468781,0.427393,-0.600751,0.637165,0.536471,-0.308342,0.344777,0.530102,-0.298514,0.833140,0.504602,-0.450706,0.152242,0.514774,-0.460356,0.971936,0.324205,-0.685414,0.026638,0.309894,-0.734836,1.031190,0.282748,-0.720734,-0.025426,0.262220,-0.796470,1.000365,0.256007,-0.754463,-0.006814,0.239234,-0.813643,0.978649,0.266316,-0.720576,0.015150,0.246134,-0.762684,0.578681,1.000762,-0.045212,0.398399,1.012739,0.046617,0.558162,1.393334,-0.090609,0.367906,1.381750,-0.034234,0.542693,1.728298,0.191701,0.358672,1.731413,0.088369,0.544747,1.771935,0.205890,0.358076,1.780546,0.085940,0.522652,1.843708,-0.139254,0.371982,1.842853,-0.289675
292.000000,19.914242,0.489865,0.386571,-0.725943,0.509377,0.344702,-0.685406,0.520671,0.344423,-0.685506,0.531090,0.344370,-0.685560,0.473682,0.344108,-0.681341,0.462009,0.343600,-0.681378,0.451429,0.343820,-0.681807,0.544158,0.354913,-0.465289,0.431820,0.355121,-0.431280,0.505813,0.428305,-0.646459,0.467970,0.427382,-0.637543,0.638635,0.536443,-0.362536,0.344728,0.530104,-0.335211,0.833165,0.504033,-0.510711,0.151846,0.514783,-0.458115,0.986180,0.334532,-0.742001,0.021654,0.315524,-0.694728,1.035504,0.288733,-0.776967,-0.033056,0.270906,-0.749850,1.014022,0.263474,-0.815987,-0.017637,0.251962,-0.775359,0.997666,0.285296,-0.779260,0.007613,0.255746,-0.724757,0.580421,1.008684,-0.047255,0.398521,1.012633,0.048611,0.558346,1.391253,-0.127452,0.365637,1.374978,-0.073783,0.542898,1.726270,0.132208,0.358652,1.728176,0.038004,0.545056,1.770546,0.144373,0.358537,1.777905,0.035388,0.522825,1.838851,-0.194065,0.364953,1.839744,-0.333763
293.000000,19.983295,0.489013,0.387381,-0.736416,0.508614,0.345109,-0.693212,0.519879,0.344722,-0.693324,0.530202,0.344604,-0.693407,0.472799,0.344771,-0.691695,0.461047,0.344316,-0.691826,0.450390,0.344601,-0.692284,0.543301,0.354906,-0.451508,0.431808,0.355235,-0.432090,0.505436,0.428942,-0.647524,0.467489,0.428631,-0.643139,0.638354,0.536448,-0.346242,0.344065,0.530074,-0.314686,0.835711,0.498486,-0.515588,0.151354,0.515868,-0.487520,0.984802,0.292999,-0.743078,0.021342,0.321497,-0.791373,1.034215,0.238404,-0.776977,-0.034241,0.270034,-0.850487,1.014748,0.214747,-0.805374,-0.019401,0.251393,-0.868738,0.999126,0.246673,-0.775395,0.007839,0.259084,-0.818723,0.581575,1.008696,-0.048844,0.398511,1.009517,0.050221,0.559522,1.384939,-0.231462,0.356009,1.359788,-0.222121,0.543854,1.721283,-0.021413,0.358767,1.719996,-0.124762,0.546301,1.767541,-0.015416,0.358853,1.769379,-0.128786,0.522942,1.829964,-0.367372,0.365017,1.831715,-0.493474
294.000000,20.059160,0.488489,0.387410,-0.717525,0.507587,0.345289,-0.673991,0.518716,0.344858,-0.674108,0.528949,0.344683,-0.674163,0.472408,0.344891,-0.673699,0.460860,0.344394,-0.673783,0.450278,0.344653,-0.674241,0.542375,0.354867,-0.436965,0.431844,0.355231,-0.419934,0.504993,0.429204,-0.630802,0.467152,0.428884,-0.627110,0.638622,0.536426,-0.330541,0.344140,0.530594,-0.327005,0.837570,0.497137,-0.489663,0.148991,0.515322,-0.486876,0.984508,0.293693,-0.713678,0.016294,0.305323,-0.738650,1.041415,0.240900,-0.747441,-0.039582,0.261273,-0.793366,1.025522,0.215983,-0.777344,-0.025378,0.245255,-0.814088,1.009128,0.253248,-0.747464,0.004400,0.250290,-0.766661,0.583202,1.023597,-0.048255,0.398133,1.019413,0.049722,0.562827,1.394713,-0.214281,0.356768,1.375286,-0.186807,0.548000,1.732416,0.036764,0.359800,1.733281,-0.094754,0.550311,1.779413,0.045693,0.360075,1.782795,-0.099430,0.528208,1.844906,-0.317764,0.367196,1.847381,-0.456721
295.000000,20.135298,0.488479,0.387406,-0.743484,0.507461,0.345278,-0.695126,0.518445,0.344837,-0.695268,0.528529,0.344646,-0.695363,0.472368,0.344888,-0.696206,0.460818,0.344389,-0.696344,0.450239,0.344647,-0.696732,0.540841,0.354574,-0.437705,0.431833,0.355170,-0.429253,0.504976,0.428976,-0.648713,0.467146,0.428861,-0.647816,0.637622,0.534038,-0.327753,0.342793,0.529448,-0.309628,0.837046,0.496065,-0.480820,0.147707,0.515333,-0.463481,0.986438,0.292753,-0.706517,0.016429,0.309706,-0.740721,1.041260,0.257196,-0.741390,-0.040871,0.265695,-0.796224,1.025129,0.219492,-0.766214,-0.026689,0.250743,-0.826089,1.007051,0.251364,-0.740306,-0.003265,0.268986,-0.772631,0.585729,1.016626,-0.050443,0.398878,1.013414,0.051863,0.567493,1.382884,-0.323042,0.355298,1.358742,-0.389063,0.556314,1.720985,-0.128498,0.367816,1.722661,-0.293994,0.558089,1.768353,-0.124531,0.372781,1.772137,-0.298089,0.539782,1.832135,-0.479538,0.374767,1.834770,-0.660817
296.000000,20.203924,0.488474,0.387456,-0.745766,0.507369,0.345338,-0.697706,0.518270,0.344880,-0.697852,0.528264,0.344673,-0.697969,0.472334,0.344982,-0.699350,0.460786,0.344481,-0.699493,0.450205,0.344733,-0.699871,0.540010,0.354498,-0.440730,0.431844,0.355165,-0.436503,0.504961,0.428894,-0.651315,0.467205,0.428857,-0.651401,0.636430,0.532549,-0.332243,0.342596,0.528737,-0.304047,0.835172,0.495969,-0.472810,0.147713,0.515590,-0.456758,0.986200,0.297598,-0.703151,0.016593,0.316633,-0.748863,1.040866,0.270014,-0.740770,-0.041291,0.271856,-0.803331,1.022727,0.221314,-0.760316,-0.027063,0.256985,-0.835666,1.006687,0.252038,-0.735898,-0.005941,0.279623,-0.781447,0.586362,1.010370,-0.050709,0.399157,1.006951,0.052092,0.569456,1.373413,-0.333243,0.353933,1.346757,-0.403502,0.560119,1.711376,-0.144306,0.371023,1.713295,-0.315407,0.561708,1.758522,-0.140722,0.377577,1.763122,-0.320465,0.544710,1.821876,-0.490355,0.376877,1.823477,-0.681095
297.000000,20.271238,0.488357,0.387631,-0.754263,0.506984,0.345580,-0.708263,0.517838,0.345091,-0.708396,0.527794,0.344858,-0.708513,0.472108,0.345291,-0.709814,0.460626,0.344785,-0.709934,0.450069,0.345038,-0.710319,0.539549,0.354489,-0.455497,0.431850,0.355223,-0.451139,0.504868,0.428889,-0.660821,0.467190,0.428948,-0.660718,0.635906,0.531505,-0.344128,0.342645,0.528609,-0.316579,0.832311,0.500111,-0.475907,0.148290,0.519021,-0.472173,0.983163,0.308165,-0.697524,0.017173,0.326030,-0.764652,1.040557,0.274262,-0.731439,-0.041261,0.281589,-0.817231,1.018459,0.222803,-0.760044,-0.026974,0.266340,-0.848974,1.003989,0.253580,-0.731436,-0.006252,0.290278,-0.796539,0.586429,1.008498,-0.050742,0.399195,1.003860,0.052107,0.570811,1.368947,-0.310234,0.353934,1.339471,-0.365075,0.562360,1.705956,-0.113546,0.373406,1.708015,-0.281681,0.563933,1.752501,-0.109419,0.380307,1.758887,-0.287525,0.546615,1.817201,-0.459384,0.377680,1.817247,-0.651051
298.000000,20.340643,0.488346,0.387634,-0.736571,0.506710,0.345386,-0.690909,0.517460,0.344717,-0.691038,0.527296,0.344309,-0.691144,0.472036,0.345351,-0.691426,0.460570,0.345003,-0.691544,0.449994,0.345463,-0.691942,0.538779,0.353838,-0.451984,0.431845,0.355524,-0.439230,0.504858,0.428801,-0.646142,0.467275,0.429155,-0.644446,0.635588,0.530251,-0.348466,0.343005,0.528360,-0.320148,0.829752,0.511375,-0.493401,0.151853,0.525207,-0.474224,0.981663,0.324350,-0.734532,0.022185,0.344211,-0.756598,1.038008,0.289446,-0.770803,-0.030191,0.295545,-0.810113,1.012084,0.249017,-0.805936,-0.016879,0.278200,-0.837336,0.998787,0.274336,-0.769107,0.008062,0.296232,-0.786458,0.586512,1.007833,-0.050469,0.400836,1.002836,0.051749,0.571483,1.369128,-0.161252,0.356709,1.343052,-0.112865,0.562804,1.705024,0.096234,0.375909,1.708554,0.008219,0.564937,1.750128,0.108689,0.381748,1.758784,0.006781,0.545996,1.816860,-0.224738,0.381666,1.818152,-0.341778
299.000000,20.407223,0.488358,0.387635,-0.729789,0.506588,0.345218,-0.689295,0.517263,0.344400,-0.689388,0.527011,0.343846,-0.689443,0.472023,0.345398,-0.690500,0.460557,0.345167,-0.690708,0.449960,0.345769,-0.691043,0.538252,0.353313,-0.443037,0.431841,0.355732,-0.429999,0.504869,0.428707,-0.644444,0.467403,0.429281,-0.644112,0.635305,0.529039,-0.341588,0.343217,0.528161,-0.315278,0.828471,0.516933,-0.488593,0.153152,0.528374,-0.466576,0.981106,0.329129,-0.732501,0.024243,0.346859,-0.748207,1.036577,0.293030,-0.768568,-0.027370,0.296767,-0.804112,1.009667,0.257497,-0.804824,-0.013915,0.279110,-0.832071,0.996400,0.280620,-0.767646,0.012590,0.291800,-0.779374,0.586516,1.007735,-0.049615,0.401262,1.002601,0.050835,0.572241,1.369223,-0.137428,0.360240,1.347967,-0.085256,0.563906,1.705032,0.122870,0.377906,1.708995,0.032619,0.566452,1.749681,0.135527,0.382907,1.759167,0.030740,0.546685,1.817183,-0.198575,0.384189,1.818878,-0.321436
300.000000,20.473173,0.487376,0.387686,-0.713035,0.505289,0.345408,-0.671791,0.516032,0.344693,-0.671837,0.525860,0.344213,-0.671780,0.470836,0.345472,-0.670457,0.459459,0.345247,-0.670795,0.448998,0.345850,-0.670997,0.537374,0.353509,-0.440915,0.431608,0.355762,-0.419197,0.504010,0.428705,-0.630629,0.466471,0.429284,-0.626569,0.633495,0.528476,-0.337699,0.343267,0.528161,-0.315003,0.828519,0.508068,-0.487027,0.147293,0.522627,-0.423829,0.978712,0.328507,-0.726402,0.014235,0.313064,-0.645826,1.036602,0.285816,-0.763796,-0.041296,0.274256,-0.696411,1.005448,0.247341,-0.798665,-0.027112,0.255122,-0.726147,0.992798,0.272038,-0.762277,-0.004889,0.282431,-0.677647,0.586410,1.008162,-0.052507,0.401270,1.003092,0.053724,0.569209,1.367150,-0.166134,0.360397,1.348379,-0.083628,0.560049,1.704609,0.077213,0.377576,1.709811,-0.003316,0.564117,1.749523,0.087704,0.382419,1.760403,-0.007630,0.537979,1.817364,-0.248691,0.383005,1.820390,-0.359812
301.000000,20.539494,0.486836,0.387580,-0.767288,0.505114,0.345386,-0.726908,0.515979,0.344697,-0.727090,0.525854,0.344260,-0.727219,0.469704,0.345085,-0.724884,0.458026,0.344655,-0.725095,0.447389,0.345056,-0.725487,0.537587,0.353503,-0.480431,0.430972,0.354440,-0.457843,0.503768,0.428714,-0.674735,0.464937,0.429303,-0.669415,0.628985,0.524916,-0.354200,0.343267,0.527406,-0.313495,0.822934,0.507728,-0.493512,0.149018,0.524036,-0.416830,0.974819,0.344170,-0.742671,0.014300,0.337151,-0.663141,1.005992,0.295924,-0.786702,-0.041114,0.291371,-0.714835,1.005957,0.268445,-0.818479,-0.028624,0.269389,-0.747886,0.992827,0.293998,-0.777583,-0.004261,0.292542,-0.695742,0.581450,1.008173,-0.075311,0.401266,1.003166,0.076209,0.555700,1.347669,-0.167934,0.352731,1.339431,-0.017890,0.550807,1.690628,0.092870,0.377144,1.702668,0.166507,0.558016,1.738765,0.107485,0.383259,1.752415,0.173098,0.524506,1.798878,-0.223111,0.375639,1.816966,-0.160759
302.000000,20.609829,0.486471,0.387566,-0.749817,0.504704,0.345378,-0.707093,0.515675,0.344696,-0.707249,0.525631,0.344260,-0.707358,0.468973,0.345043,-0.706186,0.457208,0.344613,-0.706366,0.446572,0.345016,-0.706759,0.537581,0.353346,-0.467142,0.430830,0.354284,-0.447251,0.503573,0.428709,-0.659164,0.464440,0.429336,-0.656089,0.629136,0.524872,-0.349530,0.344048,0.527187,-0.309716,0.824699,0.506572,-0.496592,0.150489,0.524867,-0.408147,0.975106,0.342386,-0.743964,0.014761,0.342964,-0.640641,1.010880,0.294848,-0.783806,-0.042062,0.294156,-0.686750,1.005814,0.265905,-0.813528,-0.031196,0.273688,-0.719334,0.991830,0.292078,-0.777038,-0.004222,0.294671,-0.671800,0.581043,1.011565,-0.073835,0.401271,1.006109,0.074806,0.554040,1.350240,-0.174450,0.352765,1.342927,-0.019036,0.549034,1.691963,0.105170,0.376473,1.707204,0.131018,0.557023,1.741062,0.120010,0.383007,1.756044,0.133826,0.521516,1.799262,-0.207155,0.374917,1.825148,-0.204747
303.000000,20.686819,0.484161,0.387369,-0.741067,0.502959,0.345294,-0.699246,0.514312,0.344650,-0.699409,0.524548,0.344226,-0.699540,0.466939,0.344859,-0.697237,0.455504,0.344418,-0.697391,0.445170,0.344780,-0.697788,0.537578,0.352886,-0.465620,0.430815,0.353738,-0.442267,0.502599,0.428442,-0.652157,0.462994,0.429129,-0.649801,0.629881,0.523222,-0.351338,0.345744,0.526222,-0.284650,0.826957,0.504963,-0.499720,0.152767,0.524621,-0.408433,0.976285,0.344325,-0.737535,0.014909,0.342377,-0.652078,1.017163,0.301772,-0.775816,-0.042594,0.293103,-0.703930,1.017168,0.277881,-0.806543,-0.032692,0.272991,-0.734245,1.000303,0.304977,-0.770353,-0.003801,0.293041,-0.683351,0.580051,1.010892,-0.084463,0.401415,1.004586,0.085272,0.554140,1.332531,-0.347666,0.336835,1.326546,-0.070188,0.543422,1.678457,-0.043067,0.371659,1.691020,0.087114,0.551915,1.727840,-0.024863,0.381873,1.736289,0.093440,0.512828,1.784711,-0.330835,0.365719,1.816103,-0.213654
304.000000,20.756483,0.487247,0.386488,-0.817956,0.503904,0.342848,-0.776735,0.514579,0.341703,-0.776953,0.524582,0.340645,-0.777224,0.469019,0.342782,-0.781380,0.456957,0.342203,-0.781570,0.446168,0.342460,-0.781962,0.536143,0.346425,-0.512226,0.430701,0.349691,-0.525248,0.503451,0.426748,-0.715204,0.464888,0.428173,-0.720265,0.627796,0.516764,-0.369974,0.342059,0.520574,-0.368730,0.827053,0.502874,-0.509028,0.151373,0.524065,-0.582269,0.981098,0.342335,-0.746523,0.008489,0.341819,-0.925639,1.018143,0.300039,-0.782807,-0.042536,0.293165,-0.982293,1.021463,0.274226,-0.815042,-0.032422,0.272903,-1.012673,1.004074,0.300722,-0.778827,-0.005572,0.293871,-0.954824,0.572062,0.983329,-0.067776,0.401204,0.998761,0.068231,0.554382,1.312678,-0.288432,0.338365,1.304697,-0.185537,0.542789,1.659424,-0.011977,0.371404,1.680578,0.048867,0.547199,1.706868,0.001517,0.381566,1.728599,0.072596,0.514624,1.774161,-0.320318,0.365890,1.803976,-0.237066
305.000000,20.827000,0.488168,0.382706,-0.798961,0.504604,0.337496,-0.756374,0.515001,0.336233,-0.756584,0.524864,0.335005,-0.756808,0.469873,0.337107,-0.758797,0.457498,0.336257,-0.758957,0.446501,0.336222,-0.759375,0.536059,0.339844,-0.497444,0.430529,0.343149,-0.498522,0.503536,0.423098,-0.700362,0.465123,0.424486,-0.701791,0.627851,0.513841,-0.365845,0.341012,0.516746,-0.355528,0.831774,0.495730,-0.524224,0.148338,0.523084,-0.547445,0.982219,0.303931,-0.768045,0.007950,0.321885,-0.865542,1.011311,0.246498,-0.806396,-0.043575,0.279659,-0.923470,1.015502,0.232412,-0.834109,-0.033361,0.258488,-0.951697,0.998512,0.249330,-0.799844,-0.005943,0.265220,-0.895300,0.571046,0.975456,-0.066599,0.401192,0.995857,0.066952,0.553216,1.319372,-0.247996,0.338418,1.308184,-0.172001,0.540982,1.663744,0.055143,0.368590,1.683705,0.037361,0.545389,1.710408,0.069683,0.378751,1.732269,0.048355,0.513732,1.778162,-0.267431,0.364042,1.805629,-0.285168
306.000000,20.895702,0.487911,0.380155,-0.793567,0.504569,0.332875,-0.750159,0.514994,0.331214,-0.750320,0.524853,0.329708,-0.750491,0.469583,0.333439,-0.756759,0.457191,0.332685,-0.756787,0.446143,0.332666,-0.757359,0.536106,0.333593,-0.488254,0.430410,0.338090,-0.483784,0.503535,0.420844,-0.698711,0.465026,0.422470,-0.689739,0.632261,0.512561,-0.361482,0.339737,0.514108,-0.345470,0.839542,0.480368,-0.517715,0.144128,0.522730,-0.521846,0.988830,0.280173,-0.758640,0.002466,0.322426,-0.820504,1.031667,0.233345,-0.786176,-0.044534,0.279791,-0.875726,1.030750,0.212448,-0.812238,-0.033990,0.258774,-0.901597,1.014371,0.237279,-0.789349,-0.010922,0.269532,-0.849392,0.578012,0.977746,-0.057966,0.401921,0.992485,0.058548,0.564116,1.323062,-0.214851,0.345590,1.311015,-0.186929,0.554842,1.665217,0.083847,0.373058,1.685968,-0.017549,0.560668,1.710405,0.097773,0.381074,1.734424,-0.011685,0.525149,1.780275,-0.247512,0.376736,1.806608,-0.367218
307.000000,20.964014,0.490101,0.372362,-0.779415,0.506415,0.324316,-0.737095,0.516952,0.323394,-0.737255,0.527011,0.322642,-0.737414,0.470636,0.323500,-0.739916,0.457776,0.322533,-0.740005,0.446489,0.322275,-0.740497,0.538221,0.328760,-0.484587,0.430046,0.331209,-0.476592,0.504880,0.415118,-0.686380,0.465919,0.416658,-0.680484,0.634989,0.512685,-0.355652,0.336122,0.508484,-0.347405,0.841299,0.487303,-0.512230,0.134355,0.511232,-0.513358,0.992778,0.323159,-0.754894,-0.003124,0.298059,-0.736855,1.031743,0.275497,-0.784968,-0.051728,0.262762,-0.788204,1.022029,0.232500,-0.806155,-0.043891,0.241563,-0.811653,1.013562,0.273458,-0.786919,-0.025058,0.262234,-0.763898,0.581487,0.980473,-0.052691,0.402176,0.989537,0.053245,0.564058,1.324624,-0.106390,0.353911,1.313541,-0.119636,0.556920,1.666981,0.223150,0.375164,1.686756,0.075932,0.563910,1.710981,0.241209,0.381456,1.734612,0.083883,0.526601,1.781987,-0.101795,0.381119,1.807214,-0.277520
308.000000,21.034603,0.493379,0.360590,-0.755595,0.508590,0.311059,-0.707624,0.518774,0.310318,-0.707851,0.528629,0.309831,-0.708061,0.473357,0.310703,-0.716039,0.460098,0.309878,-0.716218,0.448241,0.309757,-0.716797,0.538631,0.318410,-0.434487,0.430000,0.322642,-0.457770,0.506389,0.405225,-0.651756,0.467735,0.406556,-0.657746,0.635770,0.507458,-0.301401,0.334682,0.503350,-0.341494,0.832208,0.481212,-0.430827,0.131551,0.505292,-0.520651,0.969111,0.287441,-0.616742,-0.017649,0.302455,-0.808158,1.003280,0.230612,-0.636512,-0.061255,0.264280,-0.859262,1.000845,0.197857,-0.663422,-0.050478,0.242515,-0.885651,0.988164,0.228910,-0.647132,-0.032368,0.263570,-0.835952,0.580337,0.994461,-0.051347,0.401722,0.995691,0.051895,0.555369,1.326524,-0.147416,0.350117,1.313661,-0.148974,0.551806,1.668397,0.149428,0.375151,1.688069,0.056711,0.557489,1.713005,0.164676,0.382687,1.735730,0.064053,0.525464,1.781962,-0.173949,0.376507,1.808036,-0.286854
309.000000,21.141394,0.493427,0.356131,-0.827687,0.508847,0.305407,-0.786512,0.518957,0.304176,-0.786759,0.528696,0.303249,-0.787005,0.473351,0.305945,-0.792906,0.460074,0.304952,-0.793163,0.448159,0.304470,-0.793751,0.538612,0.310738,-0.514352,0.429306,0.316164,-0.532006,0.506625,0.400065,-0.721179,0.467800,0.402155,-0.726604,0.635661,0.496712,-0.339178,0.332310,0.496230,-0.390463,0.831209,0.479554,-0.449114,0.127171,0.499662,-0.522144,0.954838,0.292754,-0.654369,-0.013711,0.292167,-0.804053,0.986259,0.242432,-0.680149,-0.066598,0.264440,-0.856925,0.996823,0.213437,-0.711354,-0.059212,0.240063,-0.874416,0.970751,0.237876,-0.686457,-0.041408,0.262300,-0.829694,0.579595,0.995352,-0.050331,0.401476,0.995744,0.050879,0.555315,1.327410,-0.087555,0.351604,1.315049,-0.089792,0.552629,1.668238,0.283052,0.379630,1.688725,0.169171,0.557840,1.713881,0.304957,0.388269,1.737001,0.183011,0.528679,1.782469,-0.024367,0.379920,1.808625,-0.168881
310.000000,21.207350,0.493384,0.356483,-0.885691,0.509231,0.307017,-0.843065,0.519338,0.305825,-0.843255,0.528990,0.304896,-0.843405,0.473526,0.307182,-0.848585,0.460125,0.306079,-0.848827,0.448170,0.305548,-0.849426,0.538602,0.311365,-0.563708,0.429063,0.314529,-0.577342,0.506640,0.399341,-0.777309,0.467796,0.400839,-0.782114,0.635632,0.496397,-0.381280,0.331447,0.492815,-0.425543,0.831240,0.479658,-0.489313,0.127442,0.501000,-0.548921,0.927679,0.294661,-0.683425,-0.014398,0.292204,-0.800992,0.951072,0.243686,-0.703372,-0.066465,0.263728,-0.854683,0.949100,0.216002,-0.718872,-0.058855,0.238921,-0.883758,0.935887,0.240866,-0.705320,-0.041490,0.261468,-0.829085,0.579229,0.999957,-0.049894,0.400398,0.998659,0.050488,0.555340,1.334625,-0.057381,0.352734,1.326577,-0.049113,0.552927,1.676319,0.332526,0.379629,1.699737,0.217363,0.557813,1.722969,0.355229,0.388116,1.749453,0.231055,0.530175,1.796688,0.005989,0.380378,1.822180,-0.141565
311.000000,21.277826,0.494169,0.348379,-0.878480,0.509812,0.296934,-0.831104,0.520033,0.295728,-0.831226,0.529819,0.294766,-0.831360,0.473681,0.298158,-0.837477,0.460160,0.297479,-0.837606,0.448157,0.297250,-0.838150,0.539254,0.304927,-0.547859,0.427755,0.308222,-0.565530,0.507403,0.392945,-0.771194,0.468081,0.393723,-0.777520,0.640921,0.497658,-0.386279,0.326221,0.491668,-0.436372,0.831899,0.489157,-0.490741,0.120283,0.499550,-0.626021,0.930994,0.298768,-0.688684,-0.028698,0.304114,-0.937689,0.963452,0.244075,-0.711924,-0.069526,0.269091,-0.994792,0.953468,0.216277,-0.734293,-0.059131,0.245277,-1.022918,0.937240,0.242028,-0.712101,-0.043456,0.269816,-0.967112,0.580309,1.018276,-0.044215,0.397328,1.011158,0.045101,0.558976,1.388810,-0.012249,0.363193,1.386030,0.051004,0.553689,1.727604,0.382138,0.376862,1.745707,0.334709,0.557831,1.772538,0.404442,0.378599,1.797381,0.349567,0.532209,1.856092,0.024128,0.380738,1.866268,-0.065796
312.000000,21.351261,0.493904,0.337969,-0.847288,0.509616,0.283409,-0.802176,0.519878,0.281581,-0.802331,0.529681,0.280192,-0.802475,0.472803,0.286457,-0.806355,0.458800,0.286059,-0.806506,0.446252,0.285894,-0.807011,0.539186,0.290664,-0.536674,0.425894,0.297314,-0.533956,0.507387,0.383634,-0.744503,0.467747,0.384104,-0.749521,0.642356,0.496349,-0.366388,0.320972,0.481032,-0.370308,0.823565,0.531998,-0.492280,0.106196,0.497752,-0.587593,0.903765,0.330087,-0.732635,-0.025448,0.299221,-0.958859,0.926921,0.276801,-0.764427,-0.067931,0.264498,-1.027069,0.919185,0.244250,-0.769972,-0.057984,0.242313,-1.040188,0.906675,0.269326,-0.752291,-0.040605,0.267547,-0.984905,0.578472,1.001987,-0.055236,0.383859,1.000309,0.056563,0.552112,1.389033,-0.050273,0.358493,1.388862,0.074076,0.544028,1.745045,0.345470,0.362976,1.761935,0.394334,0.549267,1.799214,0.367995,0.364689,1.819208,0.414941,0.515819,1.875848,-0.004499,0.367853,1.888380,0.014580
313.000000,21.429983,0.493924,0.328052,-0.849513,0.509634,0.273810,-0.803201,0.519920,0.272188,-0.803443,0.529752,0.270898,-0.803611,0.472690,0.276965,-0.811731,0.458346,0.277026,-0.811982,0.445494,0.277266,-0.812641,0.539508,0.282505,-0.526216,0.425023,0.290112,-0.538919,0.507666,0.374565,-0.739368,0.467733,0.375702,-0.748238,0.642073,0.493416,-0.317780,0.319877,0.480250,-0.399459,0.817858,0.568505,-0.354604,0.097018,0.487691,-0.568725,0.908551,0.411757,-0.538226,-0.062262,0.290896,-0.835837,0.932570,0.374402,-0.548924,-0.104931,0.251097,-0.878116,0.929845,0.340878,-0.573626,-0.095021,0.229013,-0.924987,0.917252,0.360201,-0.563996,-0.078245,0.254719,-0.866696,0.576327,1.034106,-0.027690,0.383346,1.032399,0.028713,0.552400,1.408427,0.037329,0.364870,1.418151,0.024241,0.546791,1.764135,0.445871,0.363129,1.786406,0.304883,0.550971,1.813332,0.470131,0.365752,1.838219,0.320490,0.522111,1.896921,0.116460,0.382982,1.910597,-0.075763
314.000000,21.502975,0.493677,0.324882,-0.898531,0.509620,0.270974,-0.849909,0.519921,0.269541,-0.850161,0.529921,0.268427,-0.850327,0.471591,0.273899,-0.858380,0.456770,0.274110,-0.858612,0.443702,0.274641,-0.859272,0.541600,0.279935,-0.543545,0.423871,0.287498,-0.568090,0.507759,0.371567,-0.780612,0.467126,0.372411,-0.789736,0.642200,0.490575,-0.323865,0.319505,0.478464,-0.418034,0.819008,0.568606,-0.374851,0.094774,0.480835,-0.564135,0.913882,0.411590,-0.575867,-0.054523,0.286535,-0.835127,0.943299,0.371554,-0.590536,-0.106288,0.249562,-0.876561,0.933085,0.340378,-0.621712,-0.096291,0.227859,-0.920561,0.921207,0.361492,-0.605704,-0.079836,0.253148,-0.864013,0.574691,1.045605,-0.025117,0.381251,1.041555,0.026247,0.552529,1.419899,0.023930,0.365466,1.424427,0.007221,0.547928,1.776548,0.430907,0.363688,1.796391,0.275622,0.551580,1.825450,0.454001,0.364416,1.848523,0.289099,0.524588,1.909606,0.083107,0.386447,1.920668,-0.119611
315.000000,21.575521,0.493495,0.317450,-1.051815,0.509705,0.261528,-1.008767,0.520265,0.260189,-1.008879,0.530666,0.259161,-1.009016,0.471069,0.264912,-1.014001,0.455732,0.265187,-1.014268,0.442278,0.265574,-1.014885,0.546446,0.271731,-0.690702,0.423261,0.279763,-0.704119,0.508177,0.363916,-0.927752,0.466816,0.364708,-0.932957,0.647717,0.475951,-0.461830,0.320145,0.475836,-0.505545,0.843910,0.556652,-0.606357,0.096372,0.481261,-0.687973,0.920041,0.396047,-0.874319,-0.054412,0.307411,-1.010412,0.941961,0.339778,-0.900649,-0.099115,0.273195,-1.058692,0.936603,0.311378,-0.900839,-0.088578,0.248823,-1.089777,0.925668,0.339775,-0.890661,-0.072394,0.273909,-1.037061,0.582361,1.039935,-0.030691,0.381570,1.036679,0.031958,0.566676,1.415309,0.063613,0.372268,1.423406,0.256440,0.564729,1.775354,0.561451,0.373627,1.794778,0.701742,0.569112,1.828665,0.593029,0.373502,1.849454,0.735509,0.538747,1.913643,0.190405,0.397756,1.930113,0.305189
316.000000,21.646660,0.493185,0.309760,-0.951111,0.509785,0.250339,-0.907577,0.520663,0.248280,-0.907736,0.531473,0.246774,-0.907877,0.469783,0.256531,-0.911797,0.453654,0.257129,-0.912018,0.439732,0.257432,-0.912611,0.548108,0.259155,-0.620007,0.421576,0.271774,-0.647869,0.508602,0.355494,-0.838871,0.465764,0.357526,-0.843861,0.648639,0.460090,-0.423964,0.319824,0.475172,-0.392071,0.826000,0.535007,-0.703574,0.095053,0.483257,-0.672187,0.828406,0.279543,-1.145272,-0.058482,0.310049,-0.948924,0.826992,0.215365,-1.205879,-0.101540,0.276696,-1.004616,0.773303,0.202321,-1.171754,-0.089352,0.251341,-1.025469,0.812249,0.220825,-1.151500,-0.072032,0.276098,-0.974688,0.591001,1.005164,-0.042052,0.385177,1.038451,0.043740,0.581773,1.409344,0.047342,0.384473,1.421682,0.316805,0.588900,1.774475,0.542751,0.393207,1.789103,0.810978,0.596540,1.832595,0.575783,0.395047,1.845763,0.852543,0.560396,1.913925,0.188802,0.412781,1.926485,0.449647
317.000000,21.722912,0.493001,0.302481,-0.926409,0.510152,0.244090,-0.883397,0.521523,0.242579,-0.883548,0.532836,0.241554,-0.883620,0.469144,0.248699,-0.887595,0.452690,0.248984,-0.887765,0.438491,0.249135,-0.888349,0.549480,0.255328,-0.599980,0.420150,0.264062,-0.617594,0.508897,0.348476,-0.809683,0.465132,0.348711,-0.813829,0.648617,0.451707,-0.412267,0.318096,0.473995,-0.348305,0.821226,0.537799,-0.764927,0.097487,0.490922,-0.640918,0.795019,0.292179,-1.292315,-0.054952,0.322110,-1.102491,0.788356,0.231334,-1.368799,-0.098059,0.292218,-1.175783,0.726010,0.209532,-1.318681,-0.085873,0.265249,-1.182994,0.729251,0.230285,-1.292260,-0.068254,0.289089,-1.125341,0.594758,1.014983,-0.046979,0.385594,1.015203,0.048993,0.586007,1.415799,0.085165,0.387017,1.431447,0.350063,0.590462,1.790082,0.586168,0.393046,1.805825,0.819995,0.599073,1.850097,0.617401,0.393920,1.863781,0.858472,0.558009,1.934324,0.221340,0.415143,1.952528,0.440460
318.000000,21.797947,0.492298,0.292586,-0.912890,0.510447,0.233462,-0.869561,0.522520,0.232249,-0.869724,0.534728,0.231223,-0.869832,0.468039,0.237815,-0.874360,0.451166,0.238205,-0.874520,0.436636,0.238486,-0.875087,0.553440,0.245444,-0.545049,0.418699,0.255768,-0.580080,0.509036,0.339923,-0.804665,0.464204,0.340092,-0.808774,0.648831,0.447015,-0.348127,0.316394,0.472572,-0.292099,0.803438,0.545884,-0.744415,0.097635,0.554652,-0.632764,0.750624,0.308618,-1.286114,-0.032007,0.484187,-1.105880,0.737363,0.251183,-1.370982,-0.066843,0.476934,-1.181091,0.713986,0.236369,-1.312244,-0.053143,0.445886,-1.192684,0.717424,0.258822,-1.281000,-0.037051,0.462086,-1.129507,0.595170,1.027272,-0.047901,0.386248,1.033432,0.050068,0.586397,1.417229,0.082838,0.387994,1.434142,0.320958,0.599751,1.797462,0.655104,0.397669,1.810574,0.855496,0.611391,1.861110,0.693511,0.399477,1.869864,0.901599,0.564463,1.938959,0.322319,0.420201,1.958218,0.506606
319.000000,21.871191,0.490896,0.284710,-0.911530,0.510461,0.224556,-0.864831,0.522862,0.223341,-0.865004,0.535468,0.222374,-0.865041,0.466321,0.228421,-0.869964,0.449273,0.228584,-0.869964,0.434716,0.228685,-0.870514,0.555593,0.235957,-0.504010,0.417069,0.246556,-0.526514,0.509033,0.332196,-0.775010,0.462510,0.332133,-0.781384,0.650480,0.448499,-0.290376,0.313218,0.470198,-0.264812,0.786975,0.568842,-0.666653,0.099068,0.581226,-0.559928,0.737059,0.332614,-1.141047,-0.014295,0.514530,-1.030972,0.723281,0.275388,-1.210297,-0.047741,0.509467,-1.096205,0.704342,0.245500,-1.156459,-0.033577,0.476037,-1.110300,0.709948,0.281819,-1.136464,-0.017182,0.490988,-1.053992,0.594906,1.039746,-0.049691,0.386527,1.045027,0.052008,0.584428,1.427215,0.121480,0.386509,1.442410,0.379126,0.595702,1.815101,0.663966,0.395940,1.827986,0.901568,0.606790,1.880423,0.698142,0.397732,1.888967,0.946298,0.561215,1.954957,0.326125,0.417291,1.976513,0.551634
320.000000,21.949003,0.489809,0.281262,-0.889259,0.510361,0.219586,-0.840114,0.522862,0.217482,-0.840238,0.535459,0.215821,-0.840209,0.464856,0.225335,-0.843003,0.448027,0.225766,-0.842983,0.433693,0.226043,-0.843557,0.555412,0.229060,-0.481978,0.416624,0.242843,-0.490113,0.509074,0.327567,-0.750246,0.462177,0.329762,-0.753829,0.653117,0.449222,-0.291481,0.312466,0.470362,-0.265575,0.790773,0.578297,-0.722105,0.099813,0.571098,-0.580648,0.744314,0.329261,-1.254202,-0.009605,0.481982,-1.062606,0.731077,0.265031,-1.330491,-0.041166,0.463208,-1.128091,0.714844,0.244288,-1.262264,-0.027921,0.432273,-1.123705,0.716242,0.275581,-1.244773,-0.011824,0.451972,-1.078885,0.597139,1.054814,-0.049099,0.386762,1.060245,0.051538,0.585543,1.459012,0.162069,0.385131,1.473770,0.388558,0.594341,1.848131,0.728864,0.395076,1.857895,0.940204,0.604762,1.913064,0.765494,0.396879,1.917280,0.987832,0.559408,1.989048,0.377853,0.416896,2.009996,0.574421
321.000000,22.021027,0.489773,0.274856,-0.855220,0.510378,0.215133,-0.804558,0.523016,0.213940,-0.804721,0.535640,0.213247,-0.804619,0.464786,0.219271,-0.805629,0.448077,0.219847,-0.805416,0.433808,0.220600,-0.805947,0.555112,0.229684,-0.451311,0.416367,0.240059,-0.448178,0.509318,0.321096,-0.719803,0.462176,0.322859,-0.720485,0.653189,0.450734,-0.277293,0.312451,0.470890,-0.203578,0.772411,0.575406,-0.679681,0.128767,0.628604,-0.299267,0.719061,0.321622,-1.128102,0.059915,0.615359,-0.577852,0.707827,0.250709,-1.199252,0.042423,0.631291,-0.612691,0.698630,0.231555,-1.145575,0.054557,0.597448,-0.621705,0.692154,0.266328,-1.125202,0.065330,0.603074,-0.593184,0.597903,1.069949,-0.065548,0.384112,1.076850,0.068434,0.589211,1.502907,0.159741,0.384214,1.515874,0.379586,0.595524,1.890798,0.778514,0.394344,1.900323,0.965832,0.605345,1.952936,0.817614,0.395262,1.958865,1.018293,0.560774,2.036938,0.388415,0.421923,2.052110,0.554016
322.000000,22.092056,0.488459,0.268545,-0.953299,0.510226,0.205902,-0.902001,0.523012,0.204946,-0.902192,0.535708,0.204535,-0.902202,0.462842,0.211029,-0.904470,0.445782,0.211893,-0.904326,0.431466,0.212607,-0.904831,0.556656,0.221510,-0.526002,0.413953,0.232383,-0.527490,0.509239,0.317062,-0.809762,0.459597,0.319354,-0.812776,0.657630,0.452331,-0.319242,0.304117,0.471056,-0.249911,0.763605,0.652533,-0.742672,0.178603,0.701025,-0.344442,0.692866,0.388882,-1.288716,0.107975,0.761224,-0.750553,0.675763,0.316024,-1.394223,0.085548,0.804162,-0.808534,0.671834,0.283019,-1.327074,0.096664,0.761808,-0.836110,0.664621,0.318562,-1.282523,0.109811,0.755204,-0.777657,0.600342,1.082975,-0.077372,0.381583,1.086769,0.080908,0.594030,1.529902,0.071343,0.385204,1.533946,0.349647,0.597208,1.935223,0.660117,0.393524,1.932722,0.827876,0.607544,2.006235,0.693508,0.394908,2.002080,0.872707,0.559788,2.080909,0.287948,0.421340,2.082963,0.418878
323.000000,22.165768,0.486820,0.264348,-0.944873,0.509435,0.202989,-0.895769,0.522611,0.202113,-0.895942,0.535475,0.201934,-0.895990,0.460333,0.208333,-0.901682,0.443158,0.209326,-0.900796,0.428920,0.210271,-0.900886,0.556535,0.220029,-0.515223,0.411886,0.230623,-0.505327,0.509191,0.314631,-0.802228,0.457654,0.316645,-0.797645,0.662055,0.453108,-0.320056,0.302050,0.472995,-0.224481,0.770213,0.660592,-0.753342,0.193670,0.721055,-0.298778,0.719520,0.405552,-1.293762,0.131770,0.786894,-0.692441,0.705655,0.335384,-1.398008,0.111435,0.832946,-0.743867,0.697122,0.280193,-1.319498,0.123075,0.793753,-0.776020,0.687805,0.337561,-1.282232,0.135128,0.784983,-0.719816,0.602338,1.088300,-0.092092,0.379920,1.090310,0.095902,0.594688,1.540678,0.023065,0.385086,1.546440,0.339272,0.595979,1.955908,0.625202,0.389015,1.952141,0.896638,0.606566,2.028629,0.657735,0.387110,2.023197,0.944218,0.557817,2.105733,0.209269,0.420402,2.108691,0.458325
324.000000,22.239227,0.486193,0.261667,-0.930960,0.509183,0.200800,-0.884481,0.522526,0.199822,-0.884647,0.535451,0.199605,-0.884767,0.459327,0.206862,-0.900576,0.442100,0.208092,-0.899025,0.427773,0.209317,-0.898699,0.556585,0.219019,-0.513553,0.411066,0.230643,-0.489865,0.509223,0.313029,-0.794377,0.457051,0.314997,-0.793341,0.664219,0.453457,-0.353379,0.302968,0.476300,-0.189034,0.775880,0.648890,-0.843541,0.192196,0.714130,-0.258702,0.720563,0.392466,-1.386961,0.115467,0.753737,-0.662445,0.709485,0.307564,-1.495909,0.091994,0.786819,-0.709576,0.690628,0.278116,-1.412478,0.100214,0.750931,-0.743407,0.689685,0.331848,-1.373829,0.113255,0.747283,-0.692210,0.604455,1.091311,-0.106936,0.380207,1.092440,0.110613,0.594970,1.545230,0.011855,0.384602,1.547991,0.325688,0.594983,1.962265,0.611291,0.384766,1.959914,0.872229,0.605243,2.033967,0.643742,0.380982,2.032359,0.918066,0.555496,2.111627,0.175756,0.418178,2.112553,0.429035
325.000000,22.310051,0.485605,0.262165,-0.983919,0.509102,0.200650,-0.935465,0.522551,0.199810,-0.935653,0.535678,0.199748,-0.935712,0.458617,0.205944,-0.934598,0.441584,0.206757,-0.934045,0.427386,0.207448,-0.934292,0.557997,0.219238,-0.571540,0.410952,0.227953,-0.533142,0.509372,0.313156,-0.847405,0.456631,0.314271,-0.839673,0.666472,0.454281,-0.419122,0.303556,0.478037,-0.218892,0.803777,0.641452,-0.928126,0.198382,0.730864,-0.188338,0.736585,0.388205,-1.530437,0.111552,0.769736,-0.472393,0.724329,0.275375,-1.651156,0.086691,0.801049,-0.502243,0.705474,0.256434,-1.572420,0.091782,0.765954,-0.543952,0.703310,0.301231,-1.520847,0.104801,0.763165,-0.501780,0.611137,1.091816,-0.111660,0.380844,1.094526,0.115345,0.605648,1.560893,0.130668,0.385748,1.564693,0.518766,0.602594,1.970369,0.845773,0.385583,1.969495,1.242964,0.612338,2.038571,0.892569,0.381156,2.036688,1.307060,0.562938,2.123183,0.397149,0.423096,2.128215,0.792952
326.000000,22.380766,0.484855,0.258181,-0.981500,0.509039,0.196984,-0.933411,0.522574,0.196679,-0.933500,0.535878,0.196988,-0.933532,0.457875,0.201486,-0.937778,0.440646,0.202475,-0.937528,0.426391,0.203331,-0.937983,0.559827,0.217372,-0.570989,0.409785,0.224713,-0.572934,0.509362,0.311130,-0.843481,0.455222,0.311712,-0.845733,0.668113,0.454864,-0.401808,0.302451,0.477849,-0.296098,0.835028,0.628522,-0.824608,0.143573,0.700249,-0.343116,0.774406,0.364458,-1.366183,0.028015,0.699762,-0.548764,0.760992,0.270628,-1.459502,-0.001760,0.722179,-0.646036,0.713085,0.246833,-1.392111,0.005000,0.686286,-0.659825,0.713829,0.289630,-1.359272,0.018539,0.689461,-0.573680,0.612164,1.091335,-0.099308,0.380988,1.093881,0.103129,0.605889,1.550128,0.195795,0.383584,1.558153,0.540284,0.605099,1.952334,0.891490,0.385529,1.956633,1.279148,0.614447,2.019346,0.937973,0.381181,2.021748,1.346992,0.567812,2.105043,0.479662,0.421949,2.117624,0.867218
327.000000,22.456312,0.484922,0.252030,-1.105106,0.509945,0.185465,-1.054975,0.524281,0.184749,-1.054997,0.538454,0.184687,-1.054992,0.457282,0.192856,-1.063936,0.439200,0.195643,-1.063751,0.424630,0.197777,-1.064222,0.563916,0.204895,-0.664147,0.407053,0.221329,-0.691559,0.510918,0.307277,-0.953875,0.454963,0.310521,-0.963383,0.674753,0.455197,-0.412700,0.298280,0.477900,-0.398300,0.830558,0.641444,-0.823982,0.101846,0.674827,-0.501198,0.775112,0.383892,-1.397289,-0.000513,0.704741,-0.803065,0.763040,0.306865,-1.482965,-0.031119,0.735616,-0.837519,0.720587,0.248052,-1.410250,-0.019307,0.697347,-0.862341,0.723693,0.316412,-1.386706,-0.004956,0.699788,-0.823704,0.611502,1.099911,-0.084233,0.375153,1.099290,0.088032,0.604553,1.575894,0.197196,0.376419,1.583991,0.475096,0.601521,1.993341,0.901988,0.374861,1.995189,1.168860,0.610373,2.063730,0.946951,0.369362,2.061104,1.231880,0.560668,2.155182,0.477490,0.416989,2.171258,0.731336
328.000000,22.537306,0.484937,0.249411,-1.257215,0.511231,0.181088,-1.207816,0.526427,0.181237,-1.207773,0.541520,0.181925,-1.207777,0.457213,0.186152,-1.219727,0.438900,0.188706,-1.219773,0.424192,0.190640,-1.220360,0.568432,0.202929,-0.812130,0.406475,0.214424,-0.856650,0.511689,0.306501,-1.104060,0.454663,0.308745,-1.118037,0.683530,0.455379,-0.533930,0.295768,0.477944,-0.549139,0.859132,0.651829,-0.994740,0.085417,0.662075,-0.649158,0.821200,0.385324,-1.652823,-0.063182,0.726913,-0.991968,0.769061,0.290389,-1.748184,-0.106032,0.762300,-1.022978,0.747724,0.252110,-1.680517,-0.098170,0.730950,-1.071877,0.788274,0.318148,-1.645809,-0.080077,0.732474,-1.023524,0.626536,1.103551,-0.062808,0.377921,1.105324,0.066360,0.628053,1.597411,0.203012,0.379130,1.607808,0.499932,0.619286,2.016883,0.999091,0.377174,2.021662,1.296977,0.625891,2.089463,1.054680,0.370604,2.091478,1.368628,0.579616,2.193612,0.565501,0.424121,2.206189,0.851046
329.000000,22.612011,0.485053,0.251852,-1.124901,0.512273,0.185041,-1.074990,0.528078,0.184954,-1.075041,0.543689,0.185399,-1.075026,0.457296,0.189688,-1.082669,0.438932,0.191635,-1.082635,0.424288,0.193191,-1.083188,0.569681,0.205644,-0.700535,0.406598,0.216247,-0.723928,0.512058,0.307840,-0.980989,0.454684,0.310025,-0.989248,0.683128,0.455497,-0.468948,0.296222,0.479106,-0.440507,0.849139,0.648733,-0.892893,0.083941,0.650272,-0.526936,0.812485,0.382626,-1.488126,-0.060900,0.717739,-0.743773,0.765547,0.281654,-1.580711,-0.103202,0.748814,-0.765407,0.747713,0.256442,-1.518785,-0.097616,0.716979,-0.825915,0.780147,0.316391,-1.484038,-0.081131,0.719030,-0.780563,0.628026,1.119979,-0.062957,0.380146,1.123933,0.066425,0.626135,1.602897,0.186943,0.379635,1.614954,0.542434,0.620864,2.030321,0.902879,0.378530,2.038862,1.291410,0.628005,2.103760,0.950504,0.371317,2.109487,1.358500,0.582963,2.199122,0.469440,0.427492,2.216451,0.853752
330.000000,22.682741,0.485059,0.253045,-1.081664,0.512603,0.186867,-1.032465,0.528617,0.186455,-1.032543,0.544276,0.186620,-1.032549,0.457331,0.192059,-1.038620,0.438968,0.193862,-1.038564,0.424365,0.195280,-1.039093,0.569759,0.206166,-0.666027,0.406649,0.217836,-0.683781,0.512172,0.308304,-0.941040,0.454709,0.310813,-0.947589,0.682788,0.455722,-0.451940,0.296469,0.479194,-0.406674,0.850956,0.642465,-0.884511,0.086239,0.635468,-0.482645,0.813832,0.383670,-1.427949,-0.069203,0.703518,-0.735460,0.765551,0.283533,-1.518524,-0.115081,0.731341,-0.769740,0.748319,0.260272,-1.461383,-0.107257,0.697958,-0.825805,0.781750,0.325217,-1.424921,-0.089482,0.700233,-0.771977,0.628267,1.124487,-0.062990,0.381323,1.129438,0.066345,0.624133,1.606695,0.206648,0.380023,1.619820,0.543296,0.619801,2.036979,0.902857,0.378706,2.049299,1.274374,0.626669,2.109490,0.948783,0.371643,2.118370,1.340012,0.584116,2.201308,0.465364,0.427034,2.222901,0.830415
331.000000,22.753567,0.485160,0.254311,-1.065080,0.512592,0.188591,-1.016220,0.528578,0.187784,-1.016331,0.544158,0.187463,-1.016343,0.457316,0.193690,-1.021543,0.439020,0.195301,-1.021499,0.424414,0.196518,-1.022021,0.569415,0.206782,-0.664846,0.406694,0.218599,-0.676031,0.512656,0.309202,-0.929137,0.455289,0.311005,-0.934927,0.682574,0.456526,-0.371967,0.296863,0.480249,-0.397118,0.813069,0.658421,-0.610068,0.087526,0.635150,-0.465591,0.778604,0.439229,-1.078714,-0.057971,0.737722,-0.736913,0.764801,0.382607,-1.154118,-0.102244,0.774903,-0.778951,0.748320,0.358431,-1.110656,-0.089886,0.744191,-0.835581,0.754851,0.389899,-1.080107,-0.072140,0.743343,-0.774980,0.627651,1.137793,-0.052580,0.376207,1.141210,0.055908,0.621758,1.634935,0.228033,0.379264,1.647938,0.501475,0.618370,2.072050,0.927371,0.378877,2.082286,1.217263,0.625150,2.146394,0.972097,0.372163,2.152745,1.282733,0.584757,2.236540,0.489073,0.429078,2.254743,0.764615
332.000000,22.827295,0.485985,0.254775,-1.057152,0.513044,0.188750,-1.010855,0.529134,0.187768,-1.010987,0.544723,0.187366,-1.011023,0.457576,0.194183,-1.014492,0.439232,0.195807,-1.014504,0.424466,0.197215,-1.015020,0.569336,0.207345,-0.627379,0.406764,0.219462,-0.649474,0.513759,0.309334,-0.925984,0.456242,0.311413,-0.934326,0.684111,0.458223,-0.339067,0.297187,0.481821,-0.395128,0.817688,0.660707,-0.619241,0.089747,0.635896,-0.402074,0.790552,0.451655,-1.151240,-0.048053,0.748524,-0.661422,0.794521,0.399764,-1.236468,-0.089612,0.788884,-0.701102,0.778653,0.374273,-1.193321,-0.077072,0.755103,-0.761486,0.767302,0.402335,-1.154832,-0.060105,0.753206,-0.698228,0.626303,1.149225,-0.052196,0.373055,1.154091,0.055588,0.620630,1.652583,0.242149,0.378561,1.667642,0.486049,0.618829,2.091276,0.964181,0.378749,2.103350,1.208568,0.625263,2.164655,1.010821,0.372046,2.173195,1.274831,0.586552,2.258425,0.518335,0.428988,2.275041,0.741799
333.000000,22.899233,0.486667,0.255027,-1.101589,0.513974,0.189147,-1.050269,0.530119,0.188344,-1.050424,0.545827,0.188132,-1.050331,0.458671,0.194178,-1.052339,0.440175,0.195615,-1.052190,0.425048,0.196950,-1.052690,0.570785,0.208046,-0.653908,0.406977,0.219640,-0.653521,0.514426,0.309800,-0.954844,0.456692,0.311707,-0.954940,0.686627,0.458851,-0.368658,0.297402,0.484142,-0.392081,0.855406,0.646397,-0.649127,0.090785,0.638076,-0.375768,0.893008,0.478733,-1.179206,-0.044773,0.736985,-0.605275,0.918416,0.447067,-1.267755,-0.085377,0.774131,-0.642395,0.901765,0.428785,-1.247164,-0.073154,0.737908,-0.717483,0.879652,0.451523,-1.194387,-0.056656,0.737915,-0.646945,0.627061,1.163044,-0.064293,0.373508,1.169655,0.068077,0.619703,1.645965,0.220453,0.378509,1.667716,0.605529,0.621105,2.099055,0.974662,0.379724,2.113235,1.429648,0.629252,2.178372,1.023038,0.373685,2.183975,1.505324,0.588790,2.265893,0.506742,0.430005,2.296879,0.953451
334.000000,22.971725,0.487360,0.253646,-1.113245,0.514473,0.187979,-1.058881,0.530543,0.187286,-1.059011,0.546144,0.187342,-1.058886,0.459072,0.193390,-1.061757,0.440439,0.195013,-1.061560,0.425131,0.196612,-1.062054,0.570970,0.208684,-0.655282,0.407068,0.219932,-0.654242,0.515146,0.308899,-0.961497,0.457181,0.310432,-0.961760,0.688481,0.459386,-0.401189,0.297606,0.486016,-0.387706,0.850862,0.638209,-0.817733,0.084853,0.639285,-0.383347,0.865412,0.439608,-1.482340,-0.040975,0.746702,-0.654381,0.836890,0.358943,-1.605289,-0.074412,0.787724,-0.696967,0.804249,0.333560,-1.554598,-0.053600,0.749016,-0.755744,0.830533,0.402583,-1.487637,-0.040209,0.747963,-0.690166,0.628507,1.162966,-0.067758,0.373568,1.171873,0.071528,0.621897,1.654746,0.263372,0.378854,1.675832,0.636660,0.624586,2.102591,1.055730,0.381755,2.120028,1.498908,0.632251,2.179204,1.107601,0.376787,2.191468,1.578397,0.593465,2.272059,0.581102,0.429771,2.300889,1.021282
335.000000,23.044298,0.487599,0.254055,-1.148289,0.514467,0.188489,-1.092491,0.530532,0.187759,-1.092673,0.546110,0.187668,-1.092742,0.459157,0.193823,-1.103516,0.440534,0.195413,-1.103485,0.425159,0.197008,-1.104033,0.570848,0.211265,-0.690561,0.407122,0.220453,-0.725839,0.515296,0.309176,-0.997406,0.457334,0.310694,-1.007720,0.693995,0.465715,-0.425223,0.297685,0.489369,-0.467343,0.878812,0.659694,-0.651699,0.086828,0.653685,-0.432162,0.945860,0.560983,-1.187118,-0.056614,0.719578,-0.676471,0.970530,0.541128,-1.266012,-0.098323,0.733807,-0.718179,0.954008,0.517140,-1.300287,-0.090663,0.705800,-0.764163,0.937026,0.535463,-1.220737,-0.074718,0.710978,-0.710134,0.636907,1.170418,-0.062887,0.377489,1.178534,0.066614,0.632266,1.666997,0.249675,0.383242,1.689647,0.584085,0.634689,2.124861,0.993047,0.385663,2.142627,1.381196,0.641169,2.203386,1.040258,0.380534,2.214720,1.451295,0.608008,2.289434,0.500236,0.433140,2.320456,0.900356
336.000000,23.142403,0.487703,0.252282,-1.198856,0.514633,0.185887,-1.147690,0.530768,0.185078,-1.147720,0.546388,0.185107,-1.147762,0.459097,0.192066,-1.161573,0.440349,0.193798,-1.161646,0.424805,0.195708,-1.162204,0.571889,0.209869,-0.751163,0.405984,0.220661,-0.800374,0.516161,0.307634,-1.046417,0.457288,0.309924,-1.060417,0.700823,0.466582,-0.442178,0.297250,0.490894,-0.550875,0.888665,0.664476,-0.583394,0.090030,0.694516,-0.623696,0.963883,0.601988,-1.037955,-0.063563,0.772891,-0.953723,0.997251,0.592023,-1.096979,-0.106947,0.805465,-1.003487,0.985521,0.567997,-1.128771,-0.101789,0.774623,-1.077868,0.963443,0.581861,-1.066992,-0.083969,0.774196,-0.996908,0.640505,1.168702,-0.032339,0.379406,1.174826,0.035586,0.645690,1.674296,0.233184,0.394670,1.700706,0.486537,0.652781,2.131856,0.969659,0.406265,2.154077,1.251174,0.656793,2.209132,1.019865,0.403255,2.225287,1.312825,0.632045,2.299916,0.493275,0.448989,2.331181,0.766737
337.000000,23.213188,0.487720,0.248844,-1.243988,0.514746,0.182079,-1.192750,0.530933,0.181424,-1.192821,0.546608,0.181756,-1.192943,0.459063,0.188661,-1.203198,0.440210,0.190533,-1.203261,0.424515,0.192695,-1.203767,0.572921,0.207988,-0.791102,0.404960,0.219870,-0.824075,0.516552,0.304978,-1.090594,0.456973,0.307688,-1.099757,0.703648,0.467423,-0.489263,0.296182,0.491201,-0.552678,0.898306,0.672971,-0.519021,0.092283,0.708051,-0.640792,1.008949,0.701970,-0.914182,-0.076534,0.771342,-1.068381,1.053056,0.725734,-0.966995,-0.122779,0.802120,-1.135463,1.041278,0.703841,-1.034050,-0.119592,0.770021,-1.218557,1.017098,0.703586,-0.954994,-0.101465,0.769256,-1.118939,0.644139,1.168178,-0.033237,0.379940,1.172270,0.036505,0.650275,1.680870,0.232707,0.397477,1.706594,0.502462,0.656779,2.142840,0.950943,0.409485,2.164003,1.300658,0.660546,2.222410,1.000595,0.406212,2.236044,1.365119,0.636726,2.309796,0.456233,0.451401,2.343509,0.795735
338.000000,23.286613,0.488439,0.248720,-1.277809,0.515110,0.180981,-1.230841,0.531338,0.180350,-1.230933,0.547170,0.180738,-1.231131,0.459344,0.187291,-1.235676,0.440407,0.188987,-1.235602,0.424553,0.191073,-1.236119,0.574246,0.207056,-0.847358,0.404938,0.219159,-0.848950,0.517367,0.304935,-1.130890,0.457142,0.307808,-1.130783,0.709976,0.467986,-0.542599,0.296452,0.493673,-0.587367,0.892714,0.704122,-0.452788,0.093084,0.792353,-0.654474,1.022290,0.832851,-0.681733,-0.069195,0.933660,-1.063992,1.079356,0.876114,-0.714892,-0.114994,0.989709,-1.130378,1.069056,0.872449,-0.793546,-0.109008,0.970724,-1.230963,1.039288,0.863906,-0.723650,-0.090322,0.958437,-1.119487,0.648521,1.181916,-0.035781,0.381956,1.180153,0.039058,0.652115,1.711619,0.219120,0.400059,1.732236,0.496690,0.658517,2.179244,0.959227,0.410679,2.195126,1.290740,0.663219,2.261990,1.006133,0.406832,2.269405,1.356124,0.633734,2.351186,0.458380,0.452371,2.382997,0.777773
339.000000,23.359564,0.488642,0.249664,-1.367622,0.515557,0.181098,-1.324058,0.532008,0.180410,-1.323951,0.548086,0.180769,-1.324213,0.459189,0.187591,-1.330464,0.440032,0.189302,-1.330502,0.424064,0.191339,-1.330996,0.574721,0.206800,-0.956625,0.403631,0.219305,-0.963343,0.518477,0.305713,-1.224314,0.457148,0.310224,-1.225695,0.715269,0.470426,-0.624231,0.293464,0.504714,-0.696294,0.914672,0.738689,-0.462288,0.123676,0.834633,-0.689772,1.064145,0.903076,-0.644072,0.016847,1.094462,-1.052274,1.125372,0.949744,-0.679073,-0.016005,1.174069,-1.114975,1.117297,0.949251,-0.757196,-0.002912,1.152523,-1.215852,1.085599,0.940421,-0.684733,0.015566,1.128309,-1.103472,0.660633,1.193432,-0.037897,0.385116,1.196226,0.041156,0.665014,1.741651,0.229230,0.406082,1.766172,0.394943,0.667474,2.225329,1.086548,0.416170,2.242900,1.173349,0.671662,2.312760,1.141070,0.410960,2.323000,1.235562,0.644235,2.403952,0.610587,0.469546,2.436397,0.656385
340.000000,23.434374,0.488090,0.255177,-1.417399,0.515525,0.182401,-1.374429,0.532021,0.181793,-1.374427,0.548114,0.182402,-1.374565,0.458015,0.189709,-1.371388,0.438822,0.192180,-1.371442,0.423116,0.194798,-1.371969,0.574784,0.208766,-1.007591,0.402230,0.222341,-0.973405,0.518449,0.311391,-1.273595,0.456181,0.317020,-1.263393,0.715724,0.473489,-0.658258,0.292379,0.505173,-0.707348,0.912756,0.731545,-0.473059,0.119577,0.810736,-0.767973,1.075223,0.888240,-0.620500,-0.068413,1.050005,-1.132620,1.146760,0.932922,-0.641222,-0.119917,1.118167,-1.201670,1.130344,0.935193,-0.729903,-0.098560,1.106764,-1.314615,1.095587,0.931266,-0.664428,-0.071751,1.092718,-1.191655,0.657356,1.201777,-0.041382,0.382502,1.202271,0.044518,0.660652,1.749470,0.233762,0.404755,1.765695,0.315540,0.664392,2.240187,1.106665,0.414367,2.254952,1.021647,0.670410,2.328678,1.163322,0.409201,2.336792,1.078871,0.639177,2.416041,0.622326,0.469140,2.444010,0.480371
341.000000,23.508657,0.488015,0.261719,-1.374721,0.515528,0.186453,-1.332021,0.532122,0.186094,-1.332015,0.548277,0.187152,-1.332088,0.457640,0.193812,-1.329538,0.438440,0.196632,-1.329538,0.422782,0.199490,-1.330072,0.574770,0.212945,-0.966290,0.401443,0.225961,-0.935704,0.518464,0.318079,-1.231585,0.456009,0.323547,-1.222415,0.714102,0.479228,-0.626218,0.291560,0.505839,-0.678599,0.907047,0.740283,-0.432073,0.118057,0.810058,-0.742813,1.052851,0.905125,-0.555607,-0.091006,1.048351,-1.097879,1.122363,0.952212,-0.574632,-0.147288,1.114987,-1.167289,1.108665,0.957428,-0.663391,-0.128198,1.104884,-1.284533,1.073996,0.953064,-0.600346,-0.100206,1.092055,-1.159238,0.655527,1.207884,-0.041868,0.380090,1.207843,0.045024,0.659238,1.757194,0.236752,0.404011,1.772221,0.285562,0.661597,2.251503,1.085238,0.413392,2.266441,0.953547,0.667832,2.339091,1.139157,0.408929,2.347855,1.007841,0.635730,2.427123,0.603873,0.467895,2.452760,0.411013
342.000000,23.579023,0.483300,0.266097,-1.361621,0.511737,0.188645,-1.286678,0.529800,0.187739,-1.286776,0.546349,0.188439,-1.286694,0.450119,0.197835,-1.293094,0.431059,0.201338,-1.293200,0.416142,0.204827,-1.293864,0.573830,0.212959,-0.909926,0.393311,0.230279,-0.890453,0.517844,0.322818,-1.191363,0.452258,0.331717,-1.208086,0.713669,0.479020,-0.599807,0.286584,0.510514,-0.637723,0.902932,0.734136,-0.479866,0.120759,0.831755,-0.712799,1.036890,0.886885,-0.697255,-0.088233,1.093699,-0.977078,1.100198,0.935410,-0.737360,-0.136822,1.167089,-1.031032,1.085799,0.937439,-0.809518,-0.119187,1.151788,-1.187536,1.053509,0.930556,-0.737856,-0.099578,1.133130,-1.042995,0.656315,1.204224,-0.042791,0.380547,1.208306,0.045951,0.660282,1.751832,0.232642,0.403238,1.775730,0.339006,0.666563,2.240586,1.050429,0.415474,2.261718,1.057832,0.673883,2.325237,1.101964,0.410735,2.339513,1.116118,0.638862,2.422014,0.582423,0.472564,2.456108,0.547980
343.000000,23.652164,0.476808,0.272910,-1.315256,0.505897,0.194043,-1.269699,0.525279,0.191670,-1.269712,0.541827,0.191363,-1.269875,0.442527,0.205486,-1.272473,0.424416,0.208703,-1.272481,0.410145,0.211901,-1.273010,0.570797,0.213135,-0.947180,0.388297,0.233680,-0.925150,0.515656,0.328572,-1.167957,0.447462,0.338557,-1.169810,0.715255,0.481305,-0.619078,0.284166,0.512169,-0.669042,0.900857,0.729538,-0.462698,0.119572,0.836628,-0.700422,1.037878,0.885934,-0.593851,-0.074285,1.112057,-0.836013,1.103460,0.936742,-0.603493,-0.129579,1.189266,-0.861385,1.090713,0.942812,-0.684188,-0.114023,1.182658,-0.975922,1.058337,0.931331,-0.633333,-0.087921,1.159025,-0.886896,0.655133,1.203908,-0.040267,0.380565,1.204953,0.043346,0.657366,1.757881,0.138809,0.401951,1.772293,0.190809,0.658727,2.249400,0.835124,0.411045,2.267418,0.694536,0.666351,2.334536,0.874864,0.405735,2.346205,0.728599,0.623390,2.428777,0.366774,0.464861,2.464576,0.170580
344.000000,23.725739,0.473551,0.276987,-1.346949,0.502734,0.197833,-1.318647,0.522837,0.194660,-1.318623,0.539541,0.193669,-1.318855,0.438605,0.210243,-1.318237,0.420891,0.213414,-1.318213,0.406938,0.216532,-1.318733,0.569316,0.213288,-0.991426,0.385676,0.236361,-0.961662,0.514384,0.332193,-1.209221,0.444914,0.342666,-1.201582,0.717010,0.481978,-0.634251,0.282880,0.512788,-0.693368,0.903803,0.726008,-0.477209,0.119062,0.833519,-0.671943,1.038760,0.852285,-0.633398,-0.061192,1.112717,-0.862799,1.103012,0.893848,-0.647273,-0.115660,1.192135,-0.895658,1.091383,0.895847,-0.721725,-0.100801,1.184406,-1.003266,1.059915,0.888996,-0.670898,-0.073630,1.160605,-0.912652,0.654950,1.207020,-0.039938,0.380585,1.205034,0.043014,0.657130,1.765993,0.141402,0.401079,1.776134,0.178121,0.657668,2.259892,0.867095,0.409129,2.276203,0.727297,0.665384,2.345868,0.908904,0.403747,2.355964,0.766091,0.620520,2.440050,0.385135,0.463190,2.474043,0.188156
345.000000,23.799740,0.471355,0.277714,-1.327365,0.501410,0.197993,-1.299920,0.522131,0.194678,-1.299832,0.539174,0.193625,-1.300006,0.435763,0.210900,-1.299478,0.418075,0.214107,-1.299459,0.403907,0.217207,-1.299892,0.569100,0.212516,-0.977704,0.382133,0.236755,-0.946568,0.513672,0.333082,-1.193617,0.442452,0.344485,-1.184862,0.719463,0.482818,-0.638632,0.278947,0.514178,-0.686409,0.919400,0.732576,-0.616441,0.125211,0.840188,-0.632517,1.043371,0.869544,-0.927831,0.027470,1.203641,-0.817587,1.104439,0.910119,-0.987907,-0.009983,1.304293,-0.852980,1.086839,0.910186,-1.041769,0.014590,1.296414,-0.958417,1.055177,0.905249,-0.962075,0.038346,1.263611,-0.863460,0.655028,1.208710,-0.040384,0.380303,1.209515,0.043463,0.655844,1.776846,0.156694,0.400771,1.792138,0.244801,0.656996,2.277323,0.952228,0.409837,2.294620,0.878388,0.664686,2.365829,1.001168,0.404424,2.377770,0.928022,0.622311,2.460351,0.503342,0.467207,2.492729,0.362876
346.000000,23.880127,0.469852,0.280549,-1.284110,0.499875,0.200874,-1.270515,0.521123,0.196971,-1.270302,0.538415,0.195171,-1.270457,0.433447,0.213640,-1.273022,0.415864,0.216933,-1.272957,0.401449,0.220144,-1.273230,0.568336,0.212617,-0.948935,0.379254,0.238918,-0.925475,0.512730,0.335514,-1.158785,0.440870,0.347078,-1.152787,0.719654,0.482713,-0.622195,0.278102,0.514649,-0.665400,0.917307,0.743897,-0.584471,0.124825,0.833631,-0.574175,1.040434,0.902264,-0.786518,0.011322,1.165706,-0.769660,1.099376,0.948856,-0.832442,-0.029149,1.258727,-0.803516,1.084564,0.949921,-0.899264,-0.008624,1.249329,-0.913470,1.053108,0.941940,-0.824434,0.014786,1.220249,-0.819920,0.654633,1.209406,-0.040609,0.379413,1.213492,0.043654,0.655385,1.776178,0.202615,0.400524,1.794593,0.267469,0.656567,2.273294,1.014724,0.409686,2.296176,0.892035,0.664056,2.358336,1.067498,0.404599,2.378314,0.940836,0.623085,2.459050,0.583464,0.466646,2.491799,0.382382
347.000000,23.952379,0.469985,0.285069,-1.393842,0.499773,0.208387,-1.366397,0.520984,0.203977,-1.366224,0.538326,0.200927,-1.366360,0.433952,0.219432,-1.359049,0.416201,0.222016,-1.358878,0.401943,0.224838,-1.359225,0.568108,0.213966,-1.007281,0.379922,0.241168,-0.949924,0.512505,0.338282,-1.250446,0.440965,0.349947,-1.232562,0.719788,0.480417,-0.654854,0.278022,0.517458,-0.665151,0.945520,0.724142,-0.584583,0.124041,0.835862,-0.747162,1.067979,0.873706,-0.843289,0.010061,1.139129,-1.287387,1.125560,0.909578,-0.897030,-0.038169,1.203137,-1.382604,1.110409,0.908578,-0.971742,-0.022821,1.149042,-1.482661,1.079277,0.904585,-0.884669,0.003731,1.134228,-1.346049,0.665612,1.209762,-0.042214,0.382438,1.217174,0.045552,0.660974,1.777327,0.243356,0.400234,1.800926,0.462867,0.661326,2.273169,1.086173,0.409716,2.295758,1.287861,0.668131,2.357251,1.138640,0.404766,2.373443,1.356824,0.630204,2.456885,0.583522,0.468191,2.494579,0.738107
348.000000,24.026003,0.469800,0.287506,-1.370230,0.499405,0.212001,-1.339613,0.520665,0.207553,-1.339465,0.538098,0.204245,-1.339660,0.433833,0.222271,-1.332594,0.415990,0.224571,-1.332412,0.401932,0.227219,-1.332746,0.567706,0.215813,-0.984893,0.380170,0.242678,-0.935175,0.512172,0.340021,-1.229380,0.440686,0.351707,-1.212264,0.719474,0.480151,-0.655805,0.277583,0.520608,-0.659240,0.959336,0.726928,-0.565773,0.123839,0.831658,-0.752050,1.103783,0.923693,-0.782024,-0.007944,1.125811,-1.310502,1.166964,0.983845,-0.834956,-0.062682,1.197273,-1.410751,1.149552,0.987943,-0.935663,-0.046469,1.132394,-1.519083,1.116896,0.980068,-0.830828,-0.019686,1.123316,-1.374853,0.669005,1.212563,-0.044283,0.384358,1.223826,0.047850,0.662623,1.783415,0.273509,0.400130,1.808010,0.512581,0.662573,2.284366,1.109160,0.409647,2.305434,1.313997,0.669676,2.369064,1.162230,0.404703,2.382785,1.382170,0.631924,2.465002,0.605063,0.469333,2.503083,0.771501
349.000000,24.098997,0.469889,0.287782,-1.410773,0.498984,0.211763,-1.371705,0.520363,0.207425,-1.371576,0.537944,0.204224,-1.371736,0.433748,0.222211,-1.373239,0.415800,0.224766,-1.373171,0.401541,0.227776,-1.373558,0.567569,0.216232,-0.981846,0.379715,0.245257,-0.962675,0.512198,0.340759,-1.254785,0.440791,0.353151,-1.249041,0.719425,0.480096,-0.643863,0.277626,0.521053,-0.663394,0.956542,0.726397,-0.541295,0.120616,0.802426,-0.739555,1.090757,0.904376,-0.807509,-0.011238,1.106396,-1.187049,1.148441,0.958467,-0.869534,-0.059082,1.171661,-1.241293,1.132400,0.957837,-0.957677,-0.039924,1.126198,-1.340124,1.101676,0.950647,-0.856632,-0.018064,1.113063,-1.242178,0.668658,1.215409,-0.046174,0.384418,1.228392,0.049848,0.666920,1.785479,0.258481,0.401665,1.811724,0.487165,0.668429,2.286475,1.083290,0.412464,2.309927,1.290116,0.675241,2.372365,1.135046,0.407375,2.390631,1.357515,0.638787,2.470189,0.582800,0.474101,2.505771,0.744237
