Frame,Time,NOSE,NOSE,NOSE,LEFT_EYE_INNER,LEFT_EYE_INNER,LEFT_EYE_INNER,LEFT_EYE,LEFT_EYE,LEFT_EYE,LEFT_EYE_OUTER,LEFT_EYE_OUTER,LEFT_EYE_OUTER,RIGHT_EYE_INNER,RIGHT_EYE_INNER,RIGHT_EYE_INNER,RIGHT_EYE,RIGHT_EYE,RIGHT_EYE,RIGHT_EYE_OUTER,RIGHT_EYE_OUTER,RIGHT_EYE_OUTER,LEFT_EAR,LEFT_EAR,LEFT_EAR,RIGHT_EAR,RIGHT_EAR,RIGHT_EAR,MOUTH_LEFT,MOUTH_LEFT,MOUTH_LEFT,MOUTH_RIGHT,MOUTH_RIGHT,MOUTH_RIGHT,LEFT_SHOULDER,LEFT_SHOULDER,LEFT_SHOULDER,RIGHT_SHOULDER,RIGHT_SHOULDER,RIGHT_SHOULDER,LEFT_ELBOW,LEFT_ELBOW,LEFT_ELBOW,RIGHT_ELBOW,RIGHT_ELBOW,RIGHT_ELBOW,LEFT_WRIST,LEFT_WRIST,LEFT_WRIST,RIGHT_WRIST,RIGHT_WRIST,RIGHT_WRIST,LEFT_PINKY,LEFT_PINKY,LEFT_PINKY,RIGHT_PINKY,RIGHT_PINKY,RIGHT_PINKY,LEFT_INDEX,LEFT_INDEX,LEFT_INDEX,RIGHT_INDEX,RIGHT_INDEX,RIGHT_INDEX,LEFT_THUMB,LEFT_THUMB,LEFT_THUMB,RIGHT_THUMB,RIGHT_THUMB,RIGHT_THUMB,LEFT_HIP,LEFT_HIP,LEFT_HIP,RIGHT_HIP,RIGHT_HIP,RIGHT_HIP,LEFT_KNEE,LEFT_KNEE,LEFT_KNEE,RIGHT_KNEE,RIGHT_KNEE,RIGHT_KNEE,LEFT_ANKLE,LEFT_ANKLE,LEFT_ANKLE,RIGHT_ANKLE,RIGHT_ANKLE,RIGHT_ANKLE,LEFT_HEEL,LEFT_HEEL,LEFT_HEEL,RIGHT_HEEL,RIGHT_HEEL,RIGHT_HEEL,LEFT_FOOT_INDEX,LEFT_FOOT_INDEX,LEFT_FOOT_INDEX,RIGHT_FOOT_INDEX,RIGHT_FOOT_INDEX,RIGHT_FOOT_INDEX
,,X,Y,Z,X,Y,Z,X,Y,Z,X,Y,Z,X,Y,Z,X,Y,Z,X,Y,Z,X,Y,Z,X,Y,Z,X,Y,Z,X,Y,Z,X,Y,Z,X,Y,Z,X,Y,Z,X,Y,Z,X,Y,Z,X,Y,Z,X,Y,Z,X,Y,Z,X,Y,Z,X,Y,Z,X,Y,Z,X,Y,Z,X,Y,Z,X,Y,Z,X,Y,Z,X,Y,Z,X,Y,Z,X,Y,Z,X,Y,Z,X,Y,Z,X,Y,Z,X,Y,Z
0.000000,0.000000,0.527933,0.303540,-0.759028,0.545839,0.241090,-0.704962,0.557830,0.239031,-0.704844,0.568061,0.237574,-0.704594,0.506503,0.247986,-0.690688,0.493629,0.250466,-0.690549,0.480168,0.253783,-0.690789,0.583703,0.259185,-0.363188,0.464295,0.274825,-0.284723,0.554153,0.358979,-0.636683,0.508018,0.367310,-0.616252,0.679334,0.531156,-0.167868,0.390350,0.540494,-0.080949,0.850067,0.638599,-0.539093,0.198450,0.660061,-0.399482,0.825519,0.272327,-0.947345,0.248069,0.276593,-0.924652,0.819965,0.169074,-1.027128,0.249890,0.174431,-1.034234,0.802593,0.152286,-0.966704,0.268938,0.152166,-0.955976,0.797294,0.186482,-0.934703,0.277739,0.205054,-0.916669,0.643702,1.278448,-0.048054,0.423817,1.282900,0.051302,0.635381,1.900932,0.007254,0.433288,1.899511,0.089775,0.637473,2.430550,0.409991,0.438004,2.447338,0.357348,0.644595,2.499252,0.425629,0.433633,2.515624,0.372172,0.608348,2.609632,-0.018689,0.472453,2.638031,-0.105927
1.000000,0.081239,0.528325,0.303547,-0.754849,0.546180,0.241180,-0.700051,0.558105,0.239073,-0.699900,0.568287,0.237584,-0.699648,0.506922,0.248132,-0.686709,0.494121,0.250650,-0.686579,0.480689,0.254092,-0.686839,0.583715,0.259200,-0.356054,0.464697,0.275184,-0.283909,0.554465,0.358913,-0.631750,0.508523,0.367374,-0.612559,0.679341,0.531195,-0.157999,0.390378,0.540691,-0.082311,0.850914,0.640016,-0.513837,0.198201,0.660083,-0.411274,0.825529,0.272459,-0.918883,0.247255,0.277394,-0.916793,0.820288,0.169594,-1.001055,0.248501,0.175329,-1.027649,0.802862,0.152838,-0.944871,0.268058,0.152525,-0.949971,0.797730,0.187187,-0.908771,0.277004,0.205628,-0.908637,0.643658,1.278772,-0.043699,0.423281,1.282238,0.046760,0.635132,1.898715,0.018229,0.432267,1.895851,0.091864,0.637301,2.426689,0.416380,0.435963,2.441872,0.366255,0.644508,2.495011,0.432180,0.431146,2.510100,0.382131,0.607660,2.605788,-0.002068,0.470105,2.631999,-0.091718
2.000000,0.160919,0.528599,0.303554,-0.749496,0.546480,0.241209,-0.695320,0.558373,0.239083,-0.695125,0.568497,0.237570,-0.694804,0.507350,0.248270,-0.682913,0.494659,0.250818,-0.682848,0.481286,0.254357,-0.683069,0.583722,0.259211,-0.355795,0.465087,0.275469,-0.285307,0.554633,0.358911,-0.629010,0.508895,0.367508,-0.610954,0.679370,0.532648,-0.163413,0.390392,0.542015,-0.094487,0.855373,0.645787,-0.557153,0.198188,0.660299,-0.434735,0.826975,0.275888,-1.065913,0.247034,0.277566,-0.966669,0.821849,0.170419,-1.169535,0.247955,0.175638,-1.084972,0.803975,0.154379,-1.113880,0.267518,0.154211,-1.008281,0.798698,0.191973,-1.062013,0.276585,0.206985,-0.960231,0.642822,1.283737,-0.040085,0.422389,1.285878,0.043053,0.633419,1.902220,0.029125,0.431183,1.899462,0.089718,0.634526,2.428798,0.430300,0.434585,2.443638,0.361438,0.641590,2.496961,0.446635,0.429866,2.511693,0.376985,0.604630,2.607574,0.019814,0.467959,2.633117,-0.092653
3.000000,0.242905,0.528729,0.303957,-0.750326,0.546623,0.241682,-0.696467,0.558458,0.239506,-0.696286,0.568550,0.237964,-0.695971,0.507596,0.248524,-0.685288,0.495017,0.251018,-0.685260,0.481752,0.254592,-0.685477,0.583697,0.259618,-0.361032,0.465498,0.275812,-0.300085,0.554668,0.359343,-0.631343,0.509225,0.367816,-0.614780,0.679336,0.535202,-0.175171,0.390406,0.544479,-0.102602,0.856540,0.645295,-0.568390,0.198291,0.660729,-0.356496,0.827115,0.276033,-1.091929,0.246868,0.277890,-0.739158,0.822366,0.170674,-1.198814,0.247669,0.176151,-0.839011,0.804220,0.154822,-1.146911,0.266946,0.154517,-0.765187,0.798873,0.193731,-1.090900,0.276169,0.207033,-0.729703,0.642789,1.290698,-0.040058,0.422380,1.294703,0.042980,0.633350,1.909610,0.065113,0.431165,1.908052,0.093785,0.634382,2.432805,0.508216,0.434466,2.448897,0.403729,0.641477,2.499709,0.529577,0.429786,2.515537,0.423959,0.604585,2.612966,0.108121,0.467773,2.639940,-0.051236
4.000000,0.324013,0.528756,0.304358,-0.754444,0.546636,0.242169,-0.699680,0.558472,0.239844,-0.699542,0.568558,0.238238,-0.699245,0.507636,0.249146,-0.689331,0.495052,0.251740,-0.689321,0.481793,0.255540,-0.689517,0.583520,0.259775,-0.361041,0.465546,0.276724,-0.301713,0.554681,0.359718,-0.633476,0.509352,0.368267,-0.617722,0.679114,0.535183,-0.173909,0.390372,0.544912,-0.102731,0.856541,0.644026,-0.558897,0.198327,0.660925,-0.369575,0.827462,0.276606,-1.080780,0.246366,0.278439,-0.833867,0.822609,0.170977,-1.184437,0.247021,0.176697,-0.940979,0.804617,0.155156,-1.136284,0.266284,0.155247,-0.868968,0.799319,0.194188,-1.080132,0.275604,0.207019,-0.826017,0.642736,1.290623,-0.040124,0.422700,1.295132,0.043013,0.633293,1.909603,0.048178,0.431149,1.908128,0.092789,0.634729,2.433051,0.474049,0.435975,2.449484,0.390405,0.641777,2.500293,0.492927,0.432074,2.516320,0.408449,0.606248,2.612468,0.064056,0.470396,2.640442,-0.060934
5.000000,0.404225,0.528767,0.304497,-0.749020,0.546646,0.242315,-0.696304,0.558493,0.239933,-0.696183,0.568584,0.238295,-0.695918,0.507654,0.249254,-0.685532,0.495065,0.251847,-0.685481,0.481804,0.255649,-0.685698,0.583519,0.259772,-0.360967,0.465587,0.276783,-0.300059,0.554693,0.359917,-0.630125,0.509374,0.368424,-0.613305,0.679098,0.535028,-0.173032,0.390223,0.544931,-0.099778,0.856183,0.642858,-0.547516,0.198428,0.661136,-0.322222,0.827971,0.277013,-1.069996,0.246043,0.278630,-0.704115,0.823487,0.171204,-1.178918,0.246719,0.177072,-0.797706,0.805493,0.155424,-1.119493,0.266044,0.155662,-0.724122,0.799983,0.194646,-1.077978,0.275414,0.207076,-0.693730,0.642736,1.289483,-0.041885,0.422698,1.294205,0.044714,0.633246,1.907859,0.042092,0.430928,1.906310,0.103689,0.634570,2.431467,0.464350,0.435904,2.446050,0.411401,0.641678,2.498502,0.483228,0.431986,2.511829,0.431379,0.606187,2.611010,0.055230,0.470465,2.638127,-0.039783
6.000000,0.481222,0.528724,0.304637,-0.710230,0.546647,0.242419,-0.659803,0.558489,0.240018,-0.659707,0.568570,0.238378,-0.659486,0.507666,0.249298,-0.646848,0.495073,0.251873,-0.646701,0.481820,0.255659,-0.646918,0.583459,0.259812,-0.339582,0.465644,0.276797,-0.267045,0.554603,0.360126,-0.597160,0.509383,0.368510,-0.577297,0.679093,0.535080,-0.162399,0.390062,0.545240,-0.075816,0.856182,0.640219,-0.523379,0.198751,0.661135,-0.323934,0.828249,0.277183,-0.989854,0.245776,0.278837,-0.737471,0.824053,0.171373,-1.088985,0.246795,0.177394,-0.835890,0.806174,0.155862,-1.031911,0.266087,0.156028,-0.764622,0.800634,0.195768,-0.988984,0.275323,0.207109,-0.729151,0.642707,1.289134,-0.042731,0.422717,1.293257,0.045559,0.633125,1.906704,0.029406,0.430889,1.904103,0.102287,0.634251,2.431134,0.429865,0.435246,2.444241,0.406563,0.641504,2.498331,0.446809,0.430974,2.510428,0.425990,0.605190,2.610357,0.022274,0.469766,2.635988,-0.054027
7.000000,0.559343,0.528852,0.304890,-0.715665,0.546663,0.242848,-0.664711,0.558498,0.240366,-0.664606,0.568573,0.238673,-0.664378,0.507849,0.249644,-0.652031,0.495306,0.252154,-0.651882,0.482096,0.255964,-0.652076,0.583351,0.259890,-0.341369,0.465872,0.277044,-0.270572,0.554614,0.360296,-0.601445,0.509793,0.368617,-0.581868,0.679067,0.535154,-0.165435,0.390240,0.545577,-0.076352,0.856432,0.639511,-0.543960,0.198986,0.659738,-0.327913,0.828474,0.277732,-1.046074,0.246551,0.279277,-0.758298,0.824466,0.171936,-1.152480,0.247049,0.177104,-0.864164,0.806493,0.156370,-1.100643,0.266322,0.156298,-0.792587,0.800857,0.196649,-1.045165,0.275651,0.206695,-0.751001,0.640485,1.288800,-0.043783,0.422417,1.291284,0.046629,0.628637,1.906386,0.008679,0.428718,1.901519,0.102179,0.627850,2.430858,0.396001,0.430269,2.443190,0.376197,0.635007,2.498072,0.411825,0.425546,2.509964,0.391125,0.597048,2.609305,-0.018138,0.462254,2.633980,-0.080860
8.000000,0.639929,0.528820,0.304963,-0.703535,0.546663,0.242873,-0.652447,0.558498,0.240387,-0.652421,0.568574,0.238680,-0.652257,0.507871,0.249666,-0.638774,0.495361,0.252170,-0.638573,0.482198,0.255964,-0.638773,0.583351,0.259779,-0.333563,0.466056,0.277002,-0.255168,0.554590,0.360405,-0.591216,0.509889,0.368668,-0.569955,0.679062,0.535176,-0.160915,0.390209,0.547025,-0.048953,0.856433,0.639350,-0.536768,0.199099,0.659775,-0.215973,0.828775,0.280747,-1.015319,0.246845,0.279701,-0.551561,0.824754,0.173562,-1.120525,0.247255,0.177023,-0.638027,0.806785,0.157539,-1.062141,0.266570,0.156414,-0.565852,0.801115,0.198580,-1.011369,0.275982,0.206156,-0.541391,0.645584,1.289171,-0.049372,0.428917,1.294740,0.052274,0.639924,1.910304,-0.008279,0.441264,1.910986,0.097686,0.646397,2.440280,0.391459,0.451135,2.456322,0.370731,0.654572,2.509192,0.408013,0.447430,2.522915,0.385827,0.620522,2.616216,-0.026143,0.486955,2.647965,-0.087476
9.000000,0.717911,0.529543,0.306174,-0.706616,0.547190,0.244506,-0.653941,0.558952,0.242160,-0.653945,0.568947,0.240782,-0.653750,0.508758,0.250231,-0.641405,0.496470,0.252390,-0.641181,0.483342,0.256082,-0.641411,0.583413,0.260455,-0.332328,0.466561,0.276938,-0.258308,0.554775,0.361716,-0.594199,0.510717,0.369084,-0.570543,0.678512,0.536107,-0.141279,0.390207,0.547165,-0.066359,0.854208,0.636856,-0.475647,0.199243,0.659765,-0.347632,0.829000,0.280929,-0.934212,0.247113,0.280074,-0.814488,0.824967,0.173655,-1.028570,0.247827,0.177284,-0.920159,0.807018,0.157661,-0.978305,0.267095,0.157059,-0.852909,0.801350,0.198868,-0.932190,0.276378,0.206395,-0.808040,0.644799,1.292822,-0.046860,0.428442,1.296550,0.049705,0.637844,1.912795,0.020287,0.439637,1.912981,0.096847,0.640881,2.442181,0.432928,0.442611,2.459616,0.376067,0.647939,2.510487,0.450650,0.437415,2.526635,0.392912,0.614048,2.620188,0.025844,0.475984,2.651829,-0.080833
10.000000,0.800946,0.529546,0.306711,-0.712100,0.547183,0.245228,-0.657705,0.558931,0.242821,-0.657618,0.568895,0.241437,-0.657382,0.508781,0.250647,-0.648443,0.496475,0.252724,-0.648300,0.483348,0.256376,-0.648466,0.583243,0.260537,-0.333985,0.466575,0.277060,-0.269077,0.554759,0.362405,-0.595821,0.510758,0.369368,-0.576820,0.677814,0.536122,-0.140747,0.390240,0.547250,-0.081186,0.853560,0.634177,-0.480408,0.199455,0.659613,-0.347096,0.829111,0.281079,-0.976547,0.247619,0.280363,-0.797187,0.824865,0.173749,-1.075877,0.248520,0.177375,-0.901033,0.806961,0.157784,-1.030534,0.267728,0.157205,-0.831350,0.801376,0.199090,-0.977917,0.276879,0.206419,-0.790155,0.642987,1.292669,-0.044216,0.428211,1.296373,0.047049,0.635491,1.912870,0.015322,0.439521,1.912931,0.054625,0.636528,2.442202,0.412910,0.440231,2.460269,0.300390,0.642998,2.510489,0.428837,0.435089,2.528052,0.312446,0.609388,2.620177,0.004737,0.471403,2.651876,-0.163567
11.000000,0.879149,0.529550,0.307630,-0.734942,0.547186,0.245826,-0.680296,0.558935,0.243263,-0.680202,0.568897,0.241785,-0.679993,0.508820,0.251267,-0.670603,0.496493,0.253323,-0.670516,0.483369,0.256986,-0.670673,0.583212,0.260570,-0.346394,0.466620,0.277333,-0.285275,0.554740,0.363266,-0.615305,0.510816,0.370568,-0.598013,0.677522,0.535710,-0.144734,0.390343,0.547272,-0.082078,0.853511,0.632887,-0.491467,0.199816,0.659950,-0.296851,0.829215,0.281183,-1.000383,0.247897,0.280594,-0.678964,0.824787,0.173825,-1.099319,0.249056,0.177469,-0.770035,0.806954,0.157857,-1.054541,0.268089,0.157261,-0.704666,0.801461,0.199171,-1.001915,0.277039,0.206444,-0.670975,0.640953,1.291669,-0.044272,0.427804,1.295714,0.047103,0.633803,1.912612,-0.007431,0.439270,1.912390,0.050914,0.633987,2.442083,0.382503,0.439078,2.460282,0.292362,0.640127,2.510394,0.397941,0.433870,2.528291,0.303740,0.607447,2.619934,-0.034014,0.469856,2.651775,-0.175675
12.000000,0.955917,0.529553,0.308021,-0.735013,0.547191,0.246160,-0.680601,0.558939,0.243531,-0.680515,0.568903,0.242033,-0.680320,0.508829,0.251488,-0.670580,0.496499,0.253495,-0.670493,0.483384,0.257108,-0.670652,0.583208,0.260675,-0.346740,0.466692,0.277391,-0.282156,0.554729,0.363556,-0.615447,0.510829,0.370835,-0.597901,0.677517,0.535658,-0.147606,0.390223,0.547707,-0.064010,0.853478,0.632206,-0.500273,0.200229,0.660182,-0.228435,0.829302,0.281252,-1.004231,0.247824,0.281748,-0.601598,0.824650,0.173885,-1.104493,0.249113,0.177947,-0.691260,0.806843,0.157939,-1.059719,0.268136,0.158317,-0.629103,0.801409,0.199280,-1.005584,0.277014,0.207378,-0.595307,0.640727,1.291661,-0.049787,0.427620,1.295689,0.052720,0.632900,1.914319,-0.055977,0.437387,1.913735,0.050575,0.631212,2.447334,0.323921,0.434911,2.466986,0.283100,0.637133,2.516555,0.337910,0.429762,2.536538,0.293273,0.604359,2.624039,-0.105504,0.465400,2.658011,-0.191043
13.000000,1.032217,0.529559,0.308163,-0.712080,0.547241,0.246395,-0.660185,0.558984,0.243827,-0.660109,0.568940,0.242442,-0.659931,0.508966,0.251509,-0.648865,0.496647,0.253516,-0.648751,0.483554,0.257088,-0.648942,0.583225,0.261021,-0.336904,0.466840,0.277298,-0.269917,0.554709,0.363852,-0.597992,0.510837,0.370867,-0.579696,0.677538,0.536407,-0.147931,0.390083,0.548076,-0.065858,0.853484,0.632181,-0.514714,0.200592,0.660434,-0.253558,0.829337,0.281583,-1.006685,0.247859,0.281904,-0.669038,0.824689,0.173974,-1.106835,0.249086,0.177973,-0.766983,0.806857,0.158082,-1.058158,0.268155,0.158481,-0.687799,0.801462,0.199629,-1.006132,0.277064,0.207391,-0.658512,0.641091,1.293933,-0.049685,0.427478,1.298084,0.052624,0.632977,1.918998,-0.005113,0.436962,1.918513,0.056598,0.631548,2.453809,0.403763,0.435066,2.471984,0.315102,0.637664,2.523468,0.420896,0.429954,2.540574,0.328720,0.604489,2.631398,-0.011940,0.466013,2.664617,-0.155176
14.000000,1.112948,0.529703,0.308413,-0.711691,0.547348,0.247117,-0.659258,0.559040,0.244588,-0.659153,0.568957,0.243361,-0.658953,0.509199,0.251916,-0.648699,0.496833,0.253807,-0.648600,0.483731,0.257398,-0.648786,0.583167,0.261535,-0.331549,0.466891,0.277596,-0.269894,0.554718,0.364184,-0.595565,0.510928,0.370952,-0.578790,0.677397,0.536350,-0.142605,0.390065,0.548053,-0.069159,0.853490,0.632166,-0.512163,0.200781,0.660444,-0.327709,0.829405,0.282091,-1.006684,0.247968,0.282039,-0.790846,0.824724,0.174396,-1.107044,0.249121,0.178038,-0.897391,0.806880,0.158448,-1.058422,0.268249,0.158576,-0.826396,0.801492,0.200236,-1.006245,0.277180,0.207411,-0.783803,0.639286,1.293889,-0.045919,0.426192,1.297537,0.048760,0.628614,1.917921,0.015522,0.433323,1.916535,0.058083,0.625568,2.451731,0.414103,0.431054,2.469357,0.311719,0.631356,2.520945,0.430832,0.426034,2.537521,0.324809,0.597833,2.629877,0.007748,0.461477,2.662148,-0.151994
15.000000,1.194349,0.529702,0.308570,-0.720846,0.547370,0.247379,-0.668287,0.559046,0.244920,-0.668143,0.568957,0.243825,-0.667962,0.509234,0.251948,-0.659661,0.496849,0.253828,-0.659597,0.483741,0.257414,-0.659804,0.583147,0.261716,-0.335468,0.466908,0.277593,-0.282856,0.554615,0.364772,-0.602092,0.510934,0.371058,-0.587926,0.677156,0.536210,-0.143592,0.389870,0.547977,-0.089571,0.853269,0.631697,-0.496820,0.201248,0.661513,-0.360430,0.829415,0.282142,-0.970852,0.248049,0.282143,-0.820902,0.824660,0.174454,-1.065762,0.249237,0.178051,-0.926358,0.806883,0.158480,-1.019039,0.268303,0.158708,-0.856781,0.801476,0.200320,-0.970486,0.277179,0.207345,-0.813997,0.639305,1.293962,-0.043724,0.426133,1.297530,0.046519,0.628416,1.918613,0.028661,0.431918,1.917046,0.058099,0.625316,2.452424,0.434049,0.429669,2.469685,0.311975,0.631113,2.521421,0.451019,0.424724,2.537532,0.326555,0.597709,2.631258,0.026955,0.460577,2.663137,-0.149972
16.000000,1.272602,0.529655,0.308682,-0.701464,0.547396,0.247427,-0.648849,0.559069,0.244983,-0.648736,0.568965,0.243910,-0.648646,0.509249,0.251978,-0.638874,0.496856,0.253836,-0.638645,0.483747,0.257374,-0.638877,0.583157,0.261767,-0.320149,0.466936,0.277531,-0.261186,0.554517,0.365190,-0.585197,0.510895,0.371171,-0.569128,0.676955,0.536910,-0.125075,0.389700,0.548053,-0.076655,0.853164,0.629661,-0.416922,0.201373,0.661503,-0.351146,0.829460,0.281915,-0.823020,0.248014,0.282191,-0.802027,0.824691,0.174491,-0.910613,0.249203,0.178111,-0.907279,0.806910,0.158527,-0.862899,0.268272,0.158857,-0.837441,0.801479,0.200427,-0.821184,0.277165,0.207387,-0.795304,0.636838,1.293528,-0.043440,0.423116,1.294192,0.046253,0.624526,1.916935,0.005896,0.425777,1.912386,0.058610,0.621481,2.451851,0.388159,0.423214,2.465795,0.304376,0.627583,2.520976,0.402808,0.417701,2.533820,0.317110,0.593431,2.630134,-0.022382,0.454565,2.658623,-0.156692
17.000000,1.349087,0.529363,0.309094,-0.720031,0.547261,0.247592,-0.668188,0.558937,0.245101,-0.668037,0.568751,0.243991,-0.667869,0.509088,0.252148,-0.655807,0.496608,0.254016,-0.655635,0.483567,0.257528,-0.655774,0.583049,0.261788,-0.339270,0.466952,0.277688,-0.270193,0.554362,0.365694,-0.602962,0.510834,0.371593,-0.583765,0.676948,0.538717,-0.140477,0.389566,0.548232,-0.076858,0.853169,0.629598,-0.442230,0.201383,0.661711,-0.297824,0.829609,0.281857,-0.849795,0.247983,0.282286,-0.682291,0.824710,0.174522,-0.931783,0.249220,0.178147,-0.776319,0.806934,0.158573,-0.898497,0.268284,0.158958,-0.707887,0.801500,0.200506,-0.853248,0.277151,0.207362,-0.674442,0.634421,1.293247,-0.043748,0.420264,1.293029,0.046575,0.619367,1.916907,-0.004450,0.421358,1.911828,0.058910,0.613948,2.451375,0.379543,0.418229,2.465319,0.308433,0.619784,2.520396,0.394600,0.413044,2.533420,0.321388,0.585325,2.629419,-0.037672,0.448937,2.658120,-0.156148
18.000000,1.427802,0.529333,0.309030,-0.723714,0.547252,0.247576,-0.671715,0.558923,0.245083,-0.671565,0.568712,0.243954,-0.671363,0.509092,0.252119,-0.660568,0.496579,0.253981,-0.660431,0.483524,0.257472,-0.660586,0.583012,0.261726,-0.341856,0.466953,0.277694,-0.277765,0.554309,0.365726,-0.606043,0.510795,0.371567,-0.588252,0.676926,0.538842,-0.146477,0.389225,0.548455,-0.081430,0.853171,0.629622,-0.499725,0.201487,0.661644,-0.292144,0.829653,0.281857,-1.005586,0.248089,0.281900,-0.664751,0.824728,0.174536,-1.108544,0.249407,0.177679,-0.759179,0.806961,0.158528,-1.063027,0.268318,0.158691,-0.692161,0.801541,0.200408,-1.007285,0.277140,0.206711,-0.657238,0.635313,1.293229,-0.043755,0.420458,1.293491,0.046581,0.621366,1.916356,0.021527,0.422514,1.911803,0.070467,0.617263,2.448703,0.436390,0.421039,2.463542,0.351961,0.623398,2.517209,0.454929,0.416425,2.531227,0.368705,0.589187,2.627423,0.027316,0.452376,2.656325,-0.108832
19.000000,1.503578,0.529310,0.308880,-0.740206,0.547255,0.247460,-0.684972,0.558924,0.244998,-0.684841,0.568706,0.243872,-0.684621,0.509100,0.251921,-0.676651,0.496579,0.253749,-0.676579,0.483519,0.257151,-0.676768,0.583007,0.261727,-0.344478,0.466963,0.277544,-0.291817,0.554272,0.365713,-0.618254,0.510744,0.371390,-0.604627,0.676842,0.538799,-0.146571,0.389066,0.548750,-0.095348,0.853145,0.628840,-0.485918,0.201701,0.660695,-0.340500,0.829680,0.280274,-0.961537,0.248188,0.281915,-0.770660,0.824742,0.174214,-1.056084,0.249480,0.177687,-0.872636,0.806978,0.158177,-1.012881,0.268453,0.158749,-0.803559,0.801560,0.199707,-0.962552,0.277241,0.206719,-0.763099,0.637415,1.291307,-0.043306,0.422104,1.293214,0.046098,0.624958,1.912961,0.020914,0.424812,1.910609,0.070470,0.622998,2.444636,0.436087,0.426783,2.461564,0.348928,0.629199,2.512988,0.453800,0.422657,2.528777,0.365162,0.596524,2.623405,0.021531,0.460097,2.654113,-0.110426
20.000000,1.579659,0.529313,0.308850,-0.753883,0.547320,0.247417,-0.696432,0.558965,0.244932,-0.696284,0.568722,0.243744,-0.696032,0.509120,0.251885,-0.690055,0.496582,0.253703,-0.690029,0.483516,0.257090,-0.690195,0.583005,0.261597,-0.346006,0.466973,0.277489,-0.303650,0.554273,0.365725,-0.627833,0.510729,0.371388,-0.617293,0.676791,0.538174,-0.141104,0.388987,0.548773,-0.104324,0.853163,0.629234,-0.470154,0.201720,0.660676,-0.374280,0.829886,0.280039,-0.953612,0.248180,0.281938,-0.846579,0.824999,0.174290,-1.048154,0.249540,0.177661,-0.952597,0.807124,0.158155,-1.005064,0.268481,0.158795,-0.885675,0.801634,0.199449,-0.954713,0.277235,0.206683,-0.840508,0.638925,1.288359,-0.040040,0.423675,1.292006,0.042818,0.627028,1.909392,0.019801,0.427015,1.908862,0.054212,0.624777,2.440926,0.425003,0.429380,2.459558,0.299621,0.630584,2.509249,0.440495,0.425221,2.526807,0.311686,0.599388,2.619627,0.012844,0.462940,2.651604,-0.166289
21.000000,1.656891,0.528974,0.308666,-0.729162,0.547311,0.247028,-0.673791,0.558956,0.244515,-0.673703,0.568684,0.243240,-0.673490,0.509093,0.251607,-0.663795,0.496510,0.253414,-0.663689,0.483424,0.256700,-0.663892,0.582979,0.261371,-0.334066,0.466981,0.277280,-0.274402,0.553956,0.365717,-0.608966,0.510366,0.371238,-0.593327,0.676821,0.539069,-0.138428,0.388951,0.548793,-0.074107,0.855459,0.639527,-0.472928,0.201721,0.660830,-0.304547,0.830498,0.280053,-0.953861,0.248179,0.281860,-0.717959,0.825231,0.174430,-1.049607,0.249579,0.177270,-0.817708,0.807324,0.158159,-1.003821,0.268548,0.158593,-0.744056,0.801868,0.199362,-0.953829,0.277282,0.206377,-0.709157,0.640126,1.289734,-0.043500,0.424067,1.293465,0.046363,0.628130,1.911198,0.018821,0.427971,1.910359,0.081649,0.625527,2.442873,0.422021,0.429770,2.460418,0.363156,0.631727,2.511198,0.437752,0.425440,2.527644,0.379806,0.599378,2.622738,0.012398,0.463234,2.653653,-0.101535
22.000000,1.733197,0.528751,0.308389,-0.729193,0.547313,0.246508,-0.674102,0.558956,0.244101,-0.674025,0.568677,0.242849,-0.673811,0.509095,0.251139,-0.663702,0.496505,0.252917,-0.663581,0.483419,0.256056,-0.663775,0.583027,0.261291,-0.343758,0.467042,0.276944,-0.273624,0.553767,0.365635,-0.610412,0.510176,0.370964,-0.593329,0.677235,0.540835,-0.170471,0.388940,0.549580,-0.065628,0.857232,0.643098,-0.566381,0.201868,0.661447,-0.227766,0.830737,0.280050,-1.085056,0.248225,0.281696,-0.566246,0.825261,0.174305,-1.193824,0.249604,0.176615,-0.656249,0.807375,0.157855,-1.144107,0.268601,0.158029,-0.585162,0.801940,0.198939,-1.085144,0.277381,0.205859,-0.556877,0.639307,1.297849,-0.049562,0.422582,1.299207,0.052546,0.627473,1.921157,0.017101,0.427454,1.916623,0.098607,0.624411,2.449472,0.421475,0.428020,2.464768,0.389874,0.630995,2.517774,0.437888,0.423289,2.532538,0.407207,0.595429,2.630155,0.011345,0.460709,2.659000,-0.078134
23.000000,1.811053,0.528504,0.308001,-0.698425,0.547288,0.246068,-0.646564,0.558947,0.243710,-0.646464,0.568659,0.242448,-0.646264,0.509003,0.250757,-0.632198,0.496323,0.252553,-0.632005,0.483233,0.255556,-0.632221,0.583040,0.261134,-0.326977,0.467048,0.276533,-0.243869,0.553660,0.365388,-0.585317,0.509953,0.370607,-0.563105,0.677439,0.540461,-0.154726,0.388931,0.549545,-0.046009,0.857305,0.642716,-0.506674,0.201962,0.661499,-0.231502,0.830760,0.279615,-0.947136,0.248184,0.281708,-0.584586,0.825473,0.174070,-1.039200,0.249555,0.176607,-0.675528,0.807482,0.157292,-0.988314,0.268587,0.158012,-0.603122,0.801960,0.198160,-0.944545,0.277379,0.205796,-0.575085,0.639252,1.296862,-0.049404,0.422465,1.296370,0.052376,0.627584,1.917750,0.012458,0.427720,1.911068,0.094504,0.624652,2.446125,0.400553,0.428119,2.458442,0.366323,0.631391,2.514117,0.415875,0.423296,2.525815,0.380603,0.595526,2.627316,-0.007728,0.460785,2.653736,-0.085369
24.000000,1.887081,0.528356,0.308034,-0.701907,0.547274,0.246070,-0.649503,0.558942,0.243709,-0.649384,0.568647,0.242446,-0.649176,0.508994,0.250755,-0.636185,0.496281,0.252551,-0.636029,0.483194,0.255551,-0.636225,0.583046,0.261136,-0.326817,0.467055,0.276503,-0.249775,0.553501,0.365500,-0.587753,0.509879,0.370675,-0.567041,0.677439,0.540117,-0.148932,0.389032,0.549559,-0.051450,0.857262,0.642447,-0.499620,0.202249,0.661373,-0.242775,0.830785,0.279615,-0.953014,0.248179,0.281719,-0.601567,0.825563,0.174073,-1.047110,0.249546,0.176608,-0.693505,0.807587,0.157293,-0.997230,0.268562,0.158024,-0.623380,0.801974,0.198154,-0.951088,0.277371,0.205807,-0.593136,0.639117,1.296088,-0.048567,0.422429,1.294946,0.051558,0.627085,1.916799,0.012714,0.427337,1.909246,0.090610,0.622969,2.444987,0.400736,0.426272,2.455837,0.348682,0.629690,2.512848,0.416049,0.421099,2.523072,0.362329,0.593226,2.626085,-0.006284,0.458315,2.651452,-0.102263
25.000000,1.967525,0.528319,0.307409,-0.701490,0.547295,0.245136,-0.648465,0.558964,0.242733,-0.648363,0.568661,0.241297,-0.648129,0.508995,0.250080,-0.635787,0.496278,0.251869,-0.635643,0.483185,0.254770,-0.635857,0.583104,0.260418,-0.322772,0.467085,0.276035,-0.248850,0.553456,0.365069,-0.586782,0.509772,0.370058,-0.566874,0.677448,0.540113,-0.144291,0.389073,0.549603,-0.052032,0.857157,0.642320,-0.500849,0.202298,0.661387,-0.240689,0.830826,0.279447,-0.980292,0.248077,0.281928,-0.594719,0.825672,0.173920,-1.079995,0.249503,0.176697,-0.687828,0.807798,0.156939,-1.029325,0.268536,0.158231,-0.617169,0.802085,0.197352,-0.979259,0.277352,0.205973,-0.586045,0.639663,1.296609,-0.048436,0.422433,1.296003,0.051419,0.628210,1.916708,0.027934,0.427942,1.909412,0.104605,0.624774,2.444273,0.435280,0.427188,2.455128,0.401420,0.631844,2.511921,0.452701,0.421935,2.522027,0.420331,0.594656,2.625780,0.026752,0.459789,2.651117,-0.050848
26.000000,2.045988,0.528313,0.307137,-0.704625,0.547382,0.244847,-0.650559,0.559043,0.242484,-0.650505,0.568734,0.241024,-0.650276,0.509026,0.249743,-0.637427,0.496299,0.251501,-0.637268,0.483195,0.254342,-0.637507,0.583223,0.260276,-0.323263,0.467124,0.275870,-0.251290,0.553441,0.365033,-0.589862,0.509752,0.369897,-0.569239,0.677579,0.540649,-0.147585,0.388872,0.549987,-0.052961,0.857317,0.642277,-0.511644,0.202306,0.661426,-0.208123,0.830984,0.279445,-1.003866,0.248033,0.282322,-0.519954,0.825807,0.173801,-1.104838,0.249500,0.176857,-0.606047,0.808015,0.156694,-1.056814,0.268509,0.158603,-0.537089,0.802267,0.197120,-1.003750,0.277337,0.206236,-0.510068,0.639662,1.297651,-0.048551,0.422261,1.297718,0.051518,0.628718,1.916827,0.032584,0.428081,1.909729,0.111272,0.625608,2.443808,0.449590,0.427653,2.454872,0.415287,0.632797,2.511201,0.468186,0.422408,2.521631,0.434427,0.595430,2.625621,0.038396,0.460548,2.650904,-0.040001
27.000000,2.124976,0.528250,0.307202,-0.747022,0.547410,0.244847,-0.695993,0.559099,0.242494,-0.695924,0.568809,0.241070,-0.695698,0.509013,0.249710,-0.678370,0.496253,0.251455,-0.678227,0.483138,0.254275,-0.678344,0.583380,0.260313,-0.369707,0.467133,0.275736,-0.276785,0.553375,0.365261,-0.631852,0.509676,0.369958,-0.605883,0.677654,0.542215,-0.198105,0.388537,0.550730,-0.053729,0.858196,0.646461,-0.617455,0.202250,0.661746,-0.213447,0.831206,0.279780,-1.160876,0.248053,0.282334,-0.556853,0.826053,0.173793,-1.273220,0.249508,0.176824,-0.644687,0.808272,0.156693,-1.220615,0.268505,0.158613,-0.574655,0.802485,0.197121,-1.159610,0.277345,0.206193,-0.547539,0.638409,1.304363,-0.055900,0.421662,1.304042,0.058861,0.626075,1.927077,0.016132,0.426384,1.920490,0.124825,0.621516,2.454070,0.443267,0.425399,2.466785,0.422227,0.628327,2.522614,0.462693,0.420349,2.534683,0.440278,0.590984,2.635631,0.011187,0.456999,2.662913,-0.043373
28.000000,2.209001,0.528233,0.307259,-0.745432,0.547411,0.244904,-0.693026,0.559101,0.242560,-0.692953,0.568792,0.241168,-0.692725,0.509007,0.249717,-0.678238,0.496224,0.251462,-0.678118,0.483104,0.254289,-0.678265,0.583366,0.260345,-0.363623,0.467140,0.275786,-0.280932,0.553358,0.365337,-0.628709,0.509664,0.369987,-0.606289,0.677656,0.542081,-0.187607,0.388405,0.551965,-0.060441,0.858313,0.647471,-0.585420,0.202255,0.663541,-0.228481,0.832881,0.281789,-1.092860,0.247742,0.282943,-0.604029,0.827320,0.174706,-1.198638,0.249418,0.177077,-0.693011,0.809646,0.157291,-1.146822,0.268128,0.158677,-0.623461,0.803979,0.197900,-1.091736,0.276809,0.206193,-0.594350,0.640765,1.303524,-0.055401,0.423113,1.303897,0.058357,0.630854,1.926855,0.015861,0.429204,1.920225,0.118572,0.629522,2.453555,0.442202,0.430737,2.466466,0.410550,0.636956,2.522046,0.461687,0.426056,2.534318,0.428143,0.599376,2.635532,0.007043,0.463903,2.662457,-0.054208
29.000000,2.290422,0.528120,0.307311,-0.771002,0.547351,0.245103,-0.719534,0.559058,0.242806,-0.719437,0.568708,0.241523,-0.719168,0.508948,0.249744,-0.703603,0.496120,0.251476,-0.703534,0.483009,0.254297,-0.703660,0.583367,0.260457,-0.388724,0.467146,0.275805,-0.302612,0.553282,0.365432,-0.653073,0.509625,0.369987,-0.629553,0.677773,0.542010,-0.204546,0.388288,0.552129,-0.072420,0.858446,0.647308,-0.594604,0.202386,0.664576,-0.245511,0.833619,0.281797,-1.116454,0.247437,0.283745,-0.651203,0.828187,0.174696,-1.221501,0.249257,0.177766,-0.742990,0.810729,0.157283,-1.173077,0.267701,0.158986,-0.675044,0.805057,0.197908,-1.116002,0.276342,0.206252,-0.643321,0.640834,1.300775,-0.055789,0.423147,1.302139,0.058732,0.630833,1.923201,0.002308,0.428774,1.917354,0.116128,0.629473,2.449299,0.414652,0.429973,2.463861,0.409462,0.636894,2.518092,0.431983,0.425445,2.532209,0.426058,0.599205,2.631158,-0.021462,0.463031,2.658983,-0.063257
30.000000,2.371913,0.528149,0.307431,-0.769429,0.547405,0.245343,-0.718102,0.559099,0.243057,-0.718011,0.568733,0.241830,-0.717755,0.508965,0.249821,-0.703807,0.496117,0.251527,-0.703747,0.483004,0.254365,-0.703894,0.583425,0.260565,-0.388471,0.467184,0.275862,-0.309615,0.553292,0.365562,-0.651955,0.509640,0.370082,-0.630464,0.677772,0.541870,-0.200194,0.388222,0.552700,-0.079802,0.858340,0.647245,-0.577799,0.202360,0.665218,-0.245882,0.833896,0.281693,-1.088311,0.247225,0.284515,-0.620849,0.828507,0.174567,-1.191637,0.249064,0.179067,-0.709360,0.811101,0.157214,-1.142920,0.267268,0.159709,-0.641260,0.805404,0.197872,-1.087945,0.275869,0.206671,-0.612474,0.641554,1.299174,-0.055568,0.423613,1.301641,0.058497,0.633202,1.921321,0.002940,0.431339,1.917001,0.114395,0.632446,2.448185,0.414790,0.434578,2.462640,0.403229,0.639816,2.517189,0.432221,0.430185,2.530702,0.419621,0.603307,2.629580,-0.021238,0.468532,2.657587,-0.066675
31.000000,2.455637,0.528143,0.307704,-0.735186,0.547407,0.245761,-0.686657,0.559103,0.243516,-0.686651,0.568736,0.242473,-0.686512,0.508969,0.249991,-0.665835,0.496113,0.251657,-0.665516,0.483003,0.254496,-0.665715,0.583429,0.260848,-0.372271,0.467229,0.275861,-0.259340,0.553273,0.365822,-0.623983,0.509634,0.370218,-0.593164,0.677900,0.543126,-0.192042,0.388161,0.552614,-0.034699,0.858145,0.647136,-0.529238,0.202382,0.665236,-0.174124,0.833902,0.281696,-0.970090,0.245812,0.286473,-0.509430,0.828576,0.174570,-1.062993,0.248443,0.181667,-0.591568,0.811157,0.157282,-1.010427,0.266642,0.161577,-0.523042,0.805474,0.198078,-0.966103,0.275043,0.207933,-0.500490,0.639604,1.298996,-0.060905,0.422180,1.299392,0.063924,0.628205,1.921092,-0.042139,0.428255,1.915818,0.117882,0.625295,2.448163,0.342519,0.428452,2.462509,0.399087,0.632700,2.517350,0.356898,0.423340,2.530614,0.415665,0.594657,2.629323,-0.095732,0.460876,2.657233,-0.068980
32.000000,2.537374,0.528150,0.308211,-0.746365,0.547423,0.246268,-0.696997,0.559117,0.243947,-0.696906,0.568738,0.242926,-0.696680,0.508966,0.250371,-0.679673,0.496087,0.252031,-0.679490,0.482977,0.254908,-0.679676,0.583433,0.260983,-0.376147,0.467237,0.275946,-0.282055,0.553281,0.365980,-0.632320,0.509638,0.370441,-0.606239,0.677896,0.542996,-0.189549,0.388053,0.552772,-0.064111,0.856652,0.645635,-0.529856,0.202417,0.666138,-0.266857,0.833882,0.281167,-0.985968,0.244629,0.287274,-0.677341,0.828595,0.174336,-1.084161,0.247935,0.182703,-0.775404,0.811185,0.157143,-1.031004,0.266143,0.161700,-0.704141,0.805482,0.198018,-0.981961,0.274452,0.207929,-0.669674,0.639477,1.295229,-0.059066,0.421629,1.294870,0.062066,0.627435,1.913045,-0.031810,0.425938,1.906694,0.115583,0.624001,2.438033,0.362703,0.425216,2.450052,0.378723,0.631316,2.506957,0.378167,0.420055,2.518019,0.393408,0.592959,2.617578,-0.068085,0.458042,2.643407,-0.083574
33.000000,2.619695,0.528193,0.308284,-0.743828,0.547485,0.246436,-0.694526,0.559171,0.244102,-0.694416,0.568782,0.243125,-0.694192,0.509016,0.250454,-0.677867,0.496098,0.252097,-0.677683,0.482983,0.254988,-0.677873,0.583452,0.261016,-0.371249,0.467243,0.275939,-0.280975,0.553297,0.366027,-0.628513,0.509648,0.370448,-0.603726,0.677779,0.542983,-0.182976,0.388047,0.552740,-0.065729,0.855622,0.645639,-0.530500,0.202423,0.666316,-0.322193,0.833938,0.281218,-1.001927,0.244201,0.287983,-0.792673,0.828683,0.174332,-1.104149,0.247696,0.183192,-0.898847,0.811303,0.157104,-1.047248,0.265952,0.161802,-0.828098,0.805564,0.198018,-0.997582,0.274308,0.207934,-0.786356,0.639372,1.295074,-0.058298,0.421574,1.294289,0.061284,0.626905,1.911383,-0.007529,0.425505,1.905463,0.119787,0.623458,2.435930,0.395594,0.424789,2.447200,0.399204,0.630736,2.504495,0.412344,0.419606,2.514537,0.416280,0.592207,2.615847,-0.022723,0.457457,2.641151,-0.056837
34.000000,2.700179,0.528185,0.308247,-0.713694,0.547465,0.246396,-0.663523,0.559146,0.244009,-0.663478,0.568701,0.242980,-0.663284,0.509011,0.250459,-0.648857,0.496073,0.252116,-0.648665,0.482950,0.255040,-0.648889,0.583384,0.260915,-0.344030,0.467233,0.276012,-0.259776,0.553292,0.365916,-0.600726,0.509651,0.370421,-0.577962,0.677720,0.542241,-0.167714,0.388123,0.552726,-0.053421,0.855625,0.645599,-0.517779,0.202441,0.666408,-0.296290,0.834321,0.281369,-0.981955,0.243726,0.288463,-0.788799,0.828779,0.174536,-1.081338,0.247401,0.183545,-0.883050,0.811473,0.157173,-1.027074,0.265612,0.161872,-0.817952,0.805895,0.198149,-0.978934,0.273911,0.207949,-0.783106,0.640030,1.294825,-0.058467,0.422181,1.294294,0.061457,0.628271,1.910901,-0.006878,0.427032,1.905503,0.127851,0.624944,2.435979,0.395939,0.426741,2.447042,0.426744,0.632378,2.504534,0.412660,0.421629,2.514127,0.446201,0.593699,2.615906,-0.022570,0.459830,2.641320,-0.025700
35.000000,2.780281,0.528148,0.308182,-0.740982,0.547442,0.246357,-0.690618,0.559121,0.243939,-0.690594,0.568611,0.242890,-0.690371,0.508999,0.250446,-0.675583,0.496030,0.252110,-0.675454,0.482900,0.255042,-0.675640,0.583312,0.260840,-0.366493,0.467227,0.276021,-0.281823,0.553267,0.365833,-0.626073,0.509643,0.370386,-0.603085,0.677729,0.541209,-0.188755,0.388097,0.552812,-0.057951,0.855576,0.645317,-0.565137,0.202437,0.666667,-0.272699,0.834491,0.280614,-1.073999,0.243344,0.288606,-0.737265,0.829024,0.174405,-1.178770,0.247187,0.183803,-0.829271,0.811719,0.156923,-1.129690,0.265417,0.161922,-0.769132,0.806098,0.197567,-1.073611,0.273713,0.207935,-0.733367,0.640005,1.292395,-0.059352,0.422183,1.293085,0.062332,0.628277,1.909330,-0.014780,0.426942,1.903166,0.126204,0.624841,2.433459,0.388692,0.426598,2.444399,0.418817,0.632267,2.501850,0.405150,0.421556,2.511899,0.437038,0.593286,2.613379,-0.039286,0.459713,2.638250,-0.037544
36.000000,2.874099,0.528139,0.308595,-0.755198,0.547447,0.246560,-0.702950,0.559134,0.244070,-0.702924,0.568622,0.243015,-0.702709,0.508990,0.250721,-0.690088,0.495975,0.252406,-0.689952,0.482861,0.255371,-0.690150,0.583329,0.260828,-0.369394,0.467227,0.276066,-0.293513,0.553261,0.366041,-0.635676,0.509647,0.370652,-0.615497,0.677512,0.540528,-0.183157,0.388158,0.552847,-0.067327,0.854961,0.645161,-0.524014,0.202505,0.667113,-0.253915,0.834216,0.280381,-1.009996,0.243172,0.289282,-0.622170,0.829028,0.174286,-1.106035,0.246940,0.184212,-0.706157,0.811719,0.156702,-1.061921,0.265259,0.162026,-0.643232,0.806028,0.197320,-1.010332,0.273603,0.207956,-0.614138,0.641302,1.290087,-0.057042,0.423264,1.292383,0.059978,0.630622,1.907737,-0.008815,0.429001,1.902174,0.106925,0.627867,2.431397,0.395184,0.429900,2.443639,0.376753,0.635134,2.499511,0.411913,0.425035,2.511064,0.392059,0.597606,2.611288,-0.027228,0.464169,2.637421,-0.082875
37.000000,2.953060,0.528229,0.308765,-0.767223,0.547475,0.246676,-0.715789,0.559154,0.244140,-0.715746,0.568631,0.243088,-0.715516,0.509042,0.250891,-0.701879,0.496000,0.252556,-0.701754,0.482888,0.255559,-0.701902,0.583330,0.260830,-0.381299,0.467237,0.276072,-0.302666,0.553344,0.366048,-0.647393,0.509789,0.370805,-0.626033,0.677514,0.539728,-0.189691,0.388303,0.552845,-0.070848,0.854811,0.644733,-0.564988,0.202487,0.667871,-0.244279,0.834192,0.280425,-1.098949,0.242857,0.289418,-0.608540,0.829038,0.174299,-1.206359,0.246586,0.184341,-0.694599,0.811730,0.156700,-1.157160,0.265034,0.162044,-0.631902,0.806019,0.197340,-1.099062,0.273457,0.207900,-0.601219,0.641223,1.290026,-0.057259,0.423458,1.292343,0.060188,0.629772,1.907887,-0.006536,0.428885,1.902683,0.109278,0.625304,2.431739,0.405590,0.428918,2.445112,0.378751,0.632330,2.499780,0.423160,0.424019,2.512563,0.394147,0.594766,2.611846,-0.016962,0.462528,2.639883,-0.082020
38.000000,3.036986,0.528250,0.308495,-0.773317,0.547496,0.246427,-0.723710,0.559191,0.243872,-0.723655,0.568688,0.242763,-0.723432,0.509056,0.250613,-0.709177,0.496004,0.252221,-0.709117,0.482888,0.255171,-0.709249,0.583352,0.260486,-0.398694,0.467244,0.275551,-0.319359,0.553393,0.365833,-0.656854,0.509874,0.370491,-0.635148,0.677686,0.538941,-0.221566,0.388065,0.553112,-0.082248,0.854878,0.644733,-0.643216,0.202340,0.667684,-0.244974,0.834156,0.280480,-1.211346,0.242713,0.289313,-0.614176,0.829048,0.174197,-1.327269,0.246332,0.184087,-0.702524,0.811726,0.156636,-1.277254,0.264854,0.161700,-0.637641,0.805965,0.197345,-1.211623,0.273349,0.207261,-0.606577,0.641094,1.290149,-0.057274,0.423707,1.293313,0.060189,0.630088,1.908157,0.006206,0.429769,1.903286,0.111788,0.626250,2.431928,0.428546,0.430179,2.445754,0.390040,0.633247,2.500001,0.447734,0.425458,2.513561,0.406148,0.595716,2.612156,0.009137,0.463232,2.639932,-0.069782
39.000000,3.122113,0.528292,0.308366,-0.769556,0.547526,0.246306,-0.719495,0.559228,0.243728,-0.719436,0.568733,0.242575,-0.719215,0.509066,0.250507,-0.705062,0.496006,0.252085,-0.704982,0.482885,0.255010,-0.705126,0.583341,0.260143,-0.393361,0.467245,0.275104,-0.314112,0.553455,0.365502,-0.652992,0.509917,0.370186,-0.631352,0.677647,0.538777,-0.212893,0.387987,0.552979,-0.081317,0.854661,0.644544,-0.611181,0.202327,0.667681,-0.273980,0.834157,0.280378,-1.143430,0.242395,0.289588,-0.708296,0.829058,0.173827,-1.250830,0.246232,0.184431,-0.807885,0.811720,0.156166,-1.201518,0.264792,0.161883,-0.740682,0.805900,0.196916,-1.143249,0.273241,0.207332,-0.702118,0.640858,1.290178,-0.057692,0.423752,1.293317,0.060638,0.629675,1.908289,-0.010109,0.429272,1.903592,0.112976,0.625769,2.432827,0.398848,0.429766,2.446335,0.394073,0.632756,2.501114,0.415720,0.425078,2.514119,0.410377,0.595216,2.612344,-0.029095,0.462787,2.640309,-0.067643
40.000000,3.204767,0.528340,0.308336,-0.767245,0.547530,0.246313,-0.716263,0.559233,0.243735,-0.716165,0.568735,0.242595,-0.715912,0.509070,0.250517,-0.703291,0.495999,0.252107,-0.703219,0.482871,0.255057,-0.703383,0.583334,0.260149,-0.385568,0.467229,0.275133,-0.313462,0.553586,0.365486,-0.649103,0.510021,0.370190,-0.629493,0.677659,0.538575,-0.188906,0.387920,0.552986,-0.085537,0.854610,0.644489,-0.554095,0.202338,0.668463,-0.337164,0.835011,0.280578,-1.050413,0.242268,0.289631,-0.801209,0.829544,0.173845,-1.148845,0.246182,0.184558,-0.903745,0.812061,0.156177,-1.097448,0.264771,0.161894,-0.832810,0.806143,0.196951,-1.048788,0.273221,0.207253,-0.793806,0.640501,1.289723,-0.054643,0.423168,1.291466,0.057595,0.628905,1.905228,-0.009483,0.428449,1.899089,0.112859,0.624002,2.429883,0.396207,0.427994,2.439169,0.394077,0.630756,2.497930,0.412192,0.422791,2.506529,0.410433,0.593164,2.609143,-0.028448,0.460868,2.632316,-0.066392
41.000000,3.290346,0.528337,0.307893,-0.769815,0.547524,0.245938,-0.719867,0.559228,0.243353,-0.719775,0.568724,0.242182,-0.719514,0.509071,0.250359,-0.705573,0.495996,0.252006,-0.705518,0.482866,0.254989,-0.705666,0.583335,0.259749,-0.394025,0.467240,0.275011,-0.315066,0.553617,0.364952,-0.653401,0.510054,0.369969,-0.631912,0.677729,0.538561,-0.207960,0.387998,0.552591,-0.085610,0.854881,0.646198,-0.607530,0.202295,0.668093,-0.253479,0.835043,0.281711,-1.162210,0.242112,0.289379,-0.602818,0.829553,0.173930,-1.274348,0.246060,0.184479,-0.691412,0.812075,0.156253,-1.227312,0.264688,0.161819,-0.625198,0.806148,0.197215,-1.163533,0.273084,0.206860,-0.594757,0.638990,1.289655,-0.054971,0.422496,1.291374,0.057908,0.625633,1.905011,0.004422,0.425316,1.898301,0.122824,0.620076,2.427851,0.415974,0.424757,2.437049,0.414149,0.626956,2.495622,0.433694,0.419976,2.504217,0.431914,0.588042,2.607480,-0.006102,0.456978,2.630381,-0.043124
42.000000,3.372273,0.528707,0.308314,-0.773886,0.547662,0.246302,-0.721909,0.559312,0.243594,-0.721811,0.568779,0.242411,-0.721532,0.509300,0.251092,-0.710167,0.496149,0.252862,-0.710123,0.483001,0.256095,-0.710277,0.583319,0.259881,-0.392027,0.467259,0.275547,-0.320233,0.553868,0.365046,-0.654060,0.510468,0.370641,-0.635849,0.677698,0.538077,-0.196503,0.388020,0.551945,-0.103284,0.854895,0.645695,-0.564014,0.202291,0.667685,-0.354327,0.835044,0.281770,-1.079277,0.242100,0.289001,-0.830849,0.829580,0.173707,-1.182278,0.246017,0.184180,-0.938338,0.812081,0.156115,-1.138009,0.264650,0.161553,-0.870113,0.806103,0.197197,-1.080937,0.273074,0.206136,-0.825157,0.639057,1.287988,-0.050796,0.422556,1.290439,0.053696,0.625665,1.904346,0.004264,0.425574,1.898340,0.100209,0.620181,2.427861,0.414674,0.425236,2.437282,0.369341,0.627008,2.495739,0.431745,0.420587,2.504647,0.384112,0.588319,2.607233,-0.006314,0.457504,2.630656,-0.095633
43.000000,3.452459,0.528938,0.308314,-0.759677,0.547788,0.246309,-0.709412,0.559395,0.243585,-0.709317,0.568837,0.242380,-0.709104,0.509460,0.251205,-0.697209,0.496257,0.252992,-0.697113,0.483086,0.256274,-0.697284,0.583316,0.259671,-0.381855,0.467278,0.275516,-0.311444,0.554081,0.364809,-0.640859,0.510588,0.370637,-0.622292,0.677909,0.536036,-0.183785,0.388115,0.550687,-0.099782,0.854533,0.645695,-0.527698,0.202290,0.667687,-0.348093,0.835129,0.281864,-1.011657,0.242107,0.288984,-0.827734,0.829755,0.173488,-1.109340,0.245997,0.184207,-0.932017,0.812297,0.155700,-1.061430,0.264631,0.161537,-0.859714,0.806162,0.196929,-1.010184,0.273084,0.206018,-0.820301,0.639563,1.282244,-0.050279,0.423043,1.284349,0.053158,0.626302,1.901528,-0.014486,0.425914,1.895734,0.087083,0.622417,2.427811,0.364365,0.426795,2.437439,0.319164,0.629545,2.495844,0.378504,0.422108,2.504897,0.330404,0.590903,2.606784,-0.056307,0.460091,2.630682,-0.143212
44.000000,3.531349,0.529103,0.307818,-0.730819,0.547832,0.245996,-0.677800,0.559425,0.243226,-0.677730,0.568852,0.241961,-0.677531,0.509520,0.250954,-0.666649,0.496286,0.252773,-0.666472,0.483100,0.256120,-0.666677,0.583327,0.258903,-0.343057,0.467273,0.275094,-0.278162,0.554242,0.364119,-0.610980,0.510717,0.370461,-0.593596,0.677775,0.533428,-0.141281,0.388345,0.549678,-0.084753,0.851471,0.644334,-0.463548,0.202690,0.667351,-0.359061,0.835096,0.281929,-0.910169,0.242229,0.288819,-0.853711,0.829759,0.173458,-0.999884,0.245984,0.184196,-0.958231,0.812300,0.155671,-0.949340,0.264618,0.161486,-0.886792,0.806157,0.196941,-0.907078,0.273085,0.205798,-0.846713,0.640316,1.279432,-0.048911,0.423577,1.281491,0.051795,0.627654,1.899578,-0.021323,0.428708,1.895229,0.079092,0.623932,2.427872,0.354014,0.428636,2.437878,0.318538,0.630759,2.495905,0.367299,0.423599,2.505741,0.330879,0.593603,2.606688,-0.067112,0.461564,2.630827,-0.143540
45.000000,3.611836,0.529117,0.306585,-0.778984,0.547790,0.245177,-0.728223,0.559389,0.242485,-0.728113,0.568774,0.241265,-0.727861,0.509489,0.250187,-0.714396,0.496230,0.252167,-0.714321,0.483047,0.255651,-0.714466,0.583292,0.258256,-0.392582,0.467245,0.274806,-0.318355,0.554313,0.362956,-0.658012,0.510726,0.369641,-0.637842,0.677724,0.533485,-0.190436,0.388544,0.546941,-0.105050,0.851519,0.644488,-0.565770,0.202687,0.667345,-0.388995,0.835168,0.282603,-1.074952,0.242196,0.288834,-0.909304,0.829898,0.173709,-1.176467,0.245973,0.184301,-1.018878,0.812523,0.155920,-1.126545,0.264605,0.161498,-0.946349,0.806451,0.197524,-1.072830,0.273073,0.205765,-0.902487,0.637562,1.277060,-0.048970,0.420824,1.277871,0.051852,0.624281,1.897431,-0.014908,0.424886,1.892126,0.080368,0.619254,2.425185,0.370600,0.424190,2.436722,0.329375,0.625643,2.493451,0.385192,0.419409,2.505013,0.341923,0.588203,2.603701,-0.055950,0.456418,2.628311,-0.139299
46.000000,3.693130,0.529121,0.306005,-0.775820,0.547784,0.244731,-0.724868,0.559382,0.242075,-0.724778,0.568746,0.240889,-0.724547,0.509487,0.249646,-0.711018,0.496215,0.251663,-0.710925,0.483035,0.255188,-0.711080,0.583269,0.257793,-0.391077,0.467241,0.274318,-0.315995,0.554323,0.362398,-0.655814,0.510733,0.368987,-0.635351,0.677727,0.533352,-0.189600,0.388519,0.545787,-0.101878,0.851546,0.644472,-0.558267,0.202693,0.667443,-0.367579,0.835344,0.282635,-1.061225,0.241422,0.290453,-0.860434,0.829981,0.173704,-1.160801,0.245861,0.185819,-0.966758,0.812649,0.155803,-1.111144,0.264584,0.162289,-0.895141,0.806592,0.197407,-1.058982,0.272964,0.206290,-0.853548,0.639972,1.276908,-0.049025,0.422283,1.278043,0.051907,0.626859,1.897310,0.012096,0.426556,1.892231,0.097277,0.622895,2.424559,0.416404,0.426477,2.436707,0.378933,0.629713,2.492698,0.433004,0.421903,2.504834,0.396057,0.590824,2.603644,-0.005187,0.458976,2.628518,-0.083210
47.000000,3.776969,0.529219,0.305319,-0.773199,0.547791,0.244368,-0.722156,0.559386,0.241828,-0.722068,0.568736,0.240752,-0.721837,0.509516,0.249092,-0.708460,0.496247,0.251098,-0.708367,0.483057,0.254730,-0.708523,0.583263,0.257758,-0.389139,0.467242,0.274265,-0.316390,0.554428,0.362194,-0.653473,0.510818,0.368475,-0.633270,0.677330,0.534479,-0.193367,0.388502,0.545796,-0.103333,0.851347,0.641944,-0.586594,0.202661,0.667432,-0.327679,0.835573,0.282643,-1.132627,0.241235,0.290484,-0.724061,0.830122,0.173733,-1.242428,0.245781,0.186227,-0.818916,0.812794,0.155810,-1.192879,0.264517,0.162595,-0.753594,0.806814,0.197447,-1.133089,0.272763,0.206444,-0.717024,0.637344,1.280737,-0.049050,0.420928,1.282094,0.051939,0.623580,1.899051,0.033036,0.424896,1.894376,0.115428,0.618729,2.424662,0.460222,0.424055,2.437120,0.427260,0.625171,2.492771,0.479912,0.419507,2.505148,0.447598,0.587590,2.603981,0.049286,0.455518,2.628672,-0.028444
48.000000,3.854775,0.529266,0.303526,-0.785527,0.547797,0.242769,-0.732290,0.559389,0.240484,-0.732209,0.568736,0.239509,-0.731947,0.509519,0.247463,-0.721516,0.496250,0.249511,-0.721511,0.483054,0.253172,-0.721668,0.583260,0.257214,-0.394013,0.467234,0.273689,-0.333475,0.554509,0.360833,-0.664423,0.510834,0.366757,-0.648189,0.677321,0.534959,-0.197125,0.388499,0.545946,-0.111447,0.851429,0.641739,-0.582186,0.201963,0.668135,-0.314581,0.835729,0.283180,-1.118448,0.241089,0.290469,-0.695922,0.830286,0.174107,-1.224917,0.245718,0.185983,-0.787504,0.812986,0.156169,-1.176093,0.264487,0.162482,-0.717431,0.807115,0.197917,-1.118449,0.272712,0.206398,-0.686460,0.639387,1.281980,-0.049084,0.422452,1.287299,0.051967,0.628000,1.902639,0.029598,0.428026,1.902210,0.113284,0.625782,2.428446,0.456264,0.431679,2.445154,0.414971,0.632296,2.496714,0.475642,0.427944,2.512850,0.433452,0.597625,2.608386,0.041141,0.465467,2.636649,-0.042617
49.000000,3.932295,0.529279,0.303133,-0.751035,0.547800,0.242476,-0.698557,0.559389,0.240219,-0.698428,0.568708,0.239267,-0.698172,0.509520,0.247128,-0.688248,0.496238,0.249185,-0.688212,0.483027,0.252889,-0.688349,0.583258,0.256863,-0.365568,0.467228,0.273473,-0.308312,0.554566,0.360501,-0.632256,0.510842,0.366458,-0.616637,0.677264,0.534603,-0.166573,0.388569,0.545773,-0.103970,0.851151,0.641536,-0.529675,0.201980,0.668134,-0.351551,0.835747,0.284689,-1.034123,0.241003,0.290459,-0.825376,0.830514,0.174919,-1.135307,0.245582,0.185980,-0.930949,0.813164,0.156810,-1.083635,0.264433,0.162478,-0.859906,0.807243,0.199500,-1.032609,0.272668,0.206356,-0.818354,0.639770,1.281320,-0.046116,0.423358,1.285820,0.048979,0.628370,1.902213,0.027643,0.429613,1.901659,0.092034,0.626050,2.428454,0.447253,0.432366,2.445034,0.356879,0.632602,2.496725,0.466250,0.428288,2.512692,0.371717,0.597678,2.608378,0.029622,0.465727,2.636639,-0.098165
50.000000,4.011129,0.529613,0.303492,-0.751304,0.547908,0.242688,-0.697526,0.559460,0.240342,-0.697419,0.568763,0.239404,-0.697170,0.509665,0.247436,-0.687680,0.496337,0.249491,-0.687604,0.483128,0.253279,-0.687739,0.583230,0.256866,-0.352099,0.467229,0.273566,-0.298822,0.554732,0.360701,-0.629173,0.511237,0.366890,-0.614410,0.676743,0.534521,-0.140308,0.388495,0.545622,-0.099541,0.849051,0.640114,-0.478958,0.201963,0.668298,-0.397830,0.835921,0.285515,-0.959251,0.240893,0.290531,-0.941576,0.830928,0.175503,-1.052952,0.245422,0.185953,-1.050836,0.813492,0.157141,-1.004008,0.264302,0.162479,-0.981501,0.807595,0.199970,-0.957471,0.272550,0.206348,-0.935696,0.640157,1.281328,-0.045896,0.424352,1.286149,0.048750,0.630695,1.902423,-0.005217,0.433337,1.903913,0.086730,0.630512,2.430630,0.375176,0.437515,2.450320,0.344140,0.636916,2.499653,0.388592,0.433353,2.518883,0.358511,0.603056,2.609924,-0.049809,0.470789,2.640906,-0.116298
51.000000,4.096026,0.529437,0.303545,-0.744478,0.547550,0.242749,-0.690420,0.559189,0.240369,-0.690308,0.568437,0.239427,-0.690060,0.509326,0.247576,-0.680889,0.495866,0.249767,-0.680803,0.482793,0.253611,-0.680975,0.582875,0.256875,-0.346419,0.467107,0.273939,-0.292749,0.554746,0.360797,-0.621739,0.511236,0.367061,-0.607184,0.676039,0.534435,-0.135747,0.388456,0.545521,-0.098995,0.848464,0.636414,-0.473186,0.202000,0.668697,-0.419567,0.835935,0.285558,-0.949681,0.240718,0.290527,-0.959153,0.831194,0.175505,-1.041956,0.245088,0.185929,-1.069574,0.813720,0.157144,-0.993931,0.264039,0.162445,-1.000043,0.807780,0.200041,-0.948087,0.272204,0.206296,-0.953288,0.640277,1.279217,-0.041334,0.424366,1.283855,0.044149,0.630749,1.897884,0.006800,0.433252,1.898275,0.078208,0.630439,2.425001,0.381528,0.437296,2.443129,0.335975,0.636855,2.493766,0.393928,0.433136,2.511348,0.350255,0.602894,2.603015,-0.025887,0.470396,2.632676,-0.120206
52.000000,4.178254,0.529198,0.303530,-0.803264,0.547305,0.242658,-0.751265,0.559001,0.240256,-0.751151,0.568247,0.239307,-0.750893,0.509064,0.247535,-0.738835,0.495543,0.249750,-0.738780,0.482528,0.253590,-0.738930,0.582716,0.256770,-0.407633,0.467056,0.273920,-0.341175,0.554730,0.360788,-0.679197,0.511221,0.367026,-0.661048,0.676004,0.534432,-0.196046,0.388236,0.545067,-0.121747,0.848335,0.633521,-0.559880,0.201797,0.668783,-0.418775,0.836044,0.285544,-1.068435,0.240300,0.290421,-0.954435,0.831383,0.175359,-1.167112,0.244734,0.185881,-1.063696,0.813802,0.157066,-1.120945,0.263626,0.162288,-0.995584,0.807839,0.200023,-1.067824,0.271619,0.206056,-0.948844,0.638586,1.278068,-0.042353,0.422407,1.282372,0.045175,0.628891,1.897042,-0.005343,0.428802,1.896478,0.080642,0.626857,2.423902,0.383872,0.430987,2.442132,0.342090,0.632884,2.492673,0.398255,0.426728,2.510763,0.356572,0.598758,2.601825,-0.034827,0.464126,2.630799,-0.119296
53.000000,4.256262,0.529181,0.303599,-0.777704,0.547179,0.242789,-0.725968,0.558861,0.240323,-0.725818,0.568016,0.239358,-0.725554,0.508993,0.247841,-0.715353,0.495435,0.250205,-0.715311,0.482467,0.254125,-0.715504,0.582340,0.256767,-0.387512,0.467039,0.274613,-0.329313,0.554741,0.360774,-0.655703,0.511253,0.367071,-0.639747,0.675939,0.534010,-0.179041,0.388228,0.544720,-0.117596,0.848323,0.631667,-0.527862,0.201798,0.668831,-0.440603,0.836109,0.285568,-1.016261,0.240127,0.290491,-1.000964,0.831507,0.175341,-1.112226,0.244575,0.185914,-1.116468,0.813872,0.157063,-1.064236,0.263532,0.162289,-1.046407,0.807946,0.200041,-1.015005,0.271498,0.206050,-0.995859,0.638609,1.277269,-0.041693,0.422389,1.281106,0.044500,0.628801,1.895875,0.004246,0.428613,1.894261,0.079602,0.626489,2.422611,0.401334,0.430132,2.439443,0.344785,0.632475,2.491177,0.416950,0.425659,2.508086,0.359682,0.598268,2.600510,-0.009250,0.463145,2.628123,-0.115686
54.000000,4.340362,0.529182,0.304104,-0.777404,0.547176,0.243778,-0.725125,0.558857,0.241258,-0.724964,0.568014,0.240420,-0.724714,0.508951,0.248566,-0.714662,0.495351,0.250862,-0.714627,0.482419,0.254665,-0.714883,0.582321,0.257268,-0.386755,0.467032,0.275036,-0.320798,0.554752,0.361020,-0.655152,0.511258,0.367360,-0.637313,0.675938,0.533937,-0.178668,0.388068,0.544758,-0.113574,0.848826,0.632250,-0.527787,0.201727,0.668648,-0.422363,0.836175,0.285574,-1.010485,0.240055,0.290288,-0.958921,0.831521,0.174893,-1.105362,0.244383,0.185563,-1.071586,0.813929,0.156718,-1.057933,0.263359,0.162127,-0.999760,0.808067,0.199754,-1.008986,0.271297,0.205932,-0.952888,0.639465,1.277337,-0.042757,0.422401,1.281302,0.045543,0.630172,1.894274,0.028210,0.428684,1.892694,0.120591,0.628718,2.418114,0.442479,0.430630,2.433616,0.435767,0.635209,2.485894,0.459856,0.426231,2.501061,0.456724,0.599355,2.598570,0.025805,0.464312,2.624300,-0.017711
55.000000,4.421400,0.529279,0.304170,-0.778095,0.547248,0.243826,-0.724868,0.558906,0.241294,-0.724741,0.568073,0.240487,-0.724487,0.508971,0.248606,-0.714293,0.495356,0.250900,-0.714248,0.482422,0.254716,-0.714456,0.582318,0.257315,-0.384985,0.467027,0.275072,-0.320013,0.554846,0.361042,-0.654815,0.511413,0.367453,-0.637749,0.675790,0.533917,-0.178440,0.387963,0.544569,-0.112712,0.848262,0.631694,-0.526528,0.201651,0.668518,-0.406958,0.836234,0.285438,-1.012285,0.240041,0.290066,-0.943990,0.831590,0.174668,-1.107244,0.244181,0.185305,-1.052387,0.813991,0.156447,-1.058544,0.263264,0.162110,-0.985458,0.808181,0.199492,-1.010412,0.271250,0.205898,-0.939349,0.639475,1.277012,-0.043053,0.422413,1.281331,0.045851,0.630273,1.894293,0.006782,0.428714,1.893433,0.102884,0.628863,2.418726,0.408152,0.430759,2.436627,0.372404,0.635286,2.487081,0.424088,0.426410,2.505338,0.387242,0.599807,2.598937,-0.015085,0.464507,2.626062,-0.094057
56.000000,4.499189,0.529276,0.304407,-0.799664,0.547247,0.244153,-0.744884,0.558905,0.241631,-0.744759,0.568072,0.240935,-0.744486,0.508925,0.248784,-0.735517,0.495260,0.251055,-0.735502,0.482355,0.254831,-0.735685,0.582288,0.257540,-0.392608,0.467010,0.275075,-0.337171,0.554857,0.361156,-0.671679,0.511389,0.367646,-0.657197,0.675768,0.533673,-0.178547,0.387631,0.544417,-0.126002,0.848269,0.632171,-0.516696,0.201606,0.668669,-0.450516,0.836505,0.285392,-1.002098,0.239996,0.290679,-1.016154,0.831703,0.174542,-1.095999,0.244059,0.185518,-1.129279,0.814106,0.156197,-1.050658,0.263108,0.162622,-1.060050,0.808350,0.199127,-1.001052,0.271087,0.206455,-1.010380,0.641355,1.275855,-0.041755,0.423484,1.281007,0.044517,0.631859,1.893549,0.018599,0.429610,1.893319,0.101543,0.629757,2.418389,0.427951,0.431420,2.436721,0.371346,0.635979,2.486663,0.444859,0.427100,2.505452,0.386235,0.600789,2.598921,0.009131,0.465163,2.626241,-0.095527
57.000000,4.575292,0.528983,0.304435,-0.797993,0.547140,0.244225,-0.744520,0.558821,0.241726,-0.744383,0.568005,0.241077,-0.744171,0.508770,0.248832,-0.734195,0.495085,0.251120,-0.734185,0.482246,0.254875,-0.734364,0.582258,0.257805,-0.390600,0.467006,0.275204,-0.336409,0.554738,0.361262,-0.670264,0.511220,0.367716,-0.656561,0.675876,0.533883,-0.181516,0.387618,0.544880,-0.116406,0.848253,0.633366,-0.537534,0.201519,0.668062,-0.310595,0.836768,0.285351,-1.062726,0.239805,0.290601,-0.712339,0.831915,0.174522,-1.165725,0.243473,0.185268,-0.806460,0.814246,0.156078,-1.123456,0.262704,0.162638,-0.740661,0.808505,0.199017,-1.065039,0.270654,0.206538,-0.704972,0.641344,1.276592,-0.043358,0.423348,1.282193,0.046172,0.631654,1.893831,0.021873,0.428807,1.893333,0.107790,0.629641,2.417842,0.435687,0.431285,2.435238,0.397123,0.635940,2.485844,0.453555,0.427048,2.503360,0.415172,0.600405,2.598733,0.018027,0.465159,2.625607,-0.061661
58.000000,4.653968,0.528754,0.304444,-0.803776,0.546995,0.244240,-0.751411,0.558729,0.241743,-0.751294,0.567956,0.241098,-0.751035,0.508443,0.248859,-0.739268,0.494685,0.251180,-0.739265,0.481907,0.254914,-0.739425,0.582229,0.257822,-0.408310,0.466968,0.275328,-0.342276,0.554651,0.361318,-0.680093,0.511091,0.367966,-0.662520,0.675918,0.534416,-0.204104,0.387472,0.546016,-0.115029,0.848342,0.634578,-0.558633,0.201403,0.667619,-0.272189,0.836967,0.285022,-1.083998,0.237964,0.290580,-0.651189,0.832077,0.173619,-1.186218,0.242520,0.185010,-0.740200,0.814391,0.155189,-1.145013,0.261703,0.162628,-0.677092,0.808659,0.198256,-1.086272,0.268922,0.206533,-0.644087,0.641424,1.276585,-0.045666,0.423370,1.282197,0.048505,0.631171,1.893792,0.017279,0.426615,1.893094,0.112412,0.627952,2.417243,0.434100,0.428310,2.434915,0.398396,0.634257,2.485246,0.453003,0.424385,2.502936,0.415528,0.598510,2.598281,0.013204,0.462069,2.625599,-0.063110
59.000000,4.733508,0.528670,0.304427,-0.798774,0.546891,0.244233,-0.746392,0.558637,0.241731,-0.746279,0.567832,0.241086,-0.746008,0.508325,0.248869,-0.734512,0.494575,0.251201,-0.734495,0.481790,0.254939,-0.734651,0.582048,0.257811,-0.405220,0.466945,0.275487,-0.340652,0.554628,0.361320,-0.675884,0.511073,0.368039,-0.658450,0.675880,0.534648,-0.202811,0.387228,0.546149,-0.114933,0.848281,0.635462,-0.574026,0.200681,0.666875,-0.306286,0.836972,0.285263,-1.116176,0.237247,0.289161,-0.736331,0.832102,0.173615,-1.222038,0.242039,0.182872,-0.832691,0.814415,0.155177,-1.177294,0.261073,0.161717,-0.766627,0.808671,0.198269,-1.117836,0.268045,0.205618,-0.729456,0.639874,1.277178,-0.046121,0.422614,1.282549,0.048969,0.626781,1.895173,0.017031,0.423380,1.893710,0.110152,0.620965,2.418108,0.432251,0.423571,2.435342,0.395553,0.627020,2.485974,0.450663,0.419565,2.503234,0.412581,0.590937,2.599100,0.011756,0.456687,2.626310,-0.067209
60.000000,4.812788,0.528575,0.304412,-0.792295,0.546728,0.244235,-0.739284,0.558502,0.241731,-0.739154,0.567657,0.241085,-0.738881,0.508218,0.248878,-0.729208,0.494487,0.251216,-0.729182,0.481731,0.254955,-0.729334,0.581944,0.257807,-0.393124,0.466900,0.275535,-0.336582,0.554585,0.361310,-0.667502,0.511070,0.368053,-0.652208,0.675535,0.534480,-0.176704,0.386922,0.546149,-0.113199,0.848386,0.635819,-0.512001,0.200322,0.665998,-0.319852,0.836983,0.285347,-1.031359,0.236288,0.288848,-0.768139,0.832207,0.173680,-1.133592,0.241028,0.182228,-0.866929,0.814479,0.155221,-1.093141,0.260186,0.161374,-0.797147,0.808706,0.198407,-1.034423,0.267061,0.205405,-0.760479,0.640449,1.277202,-0.045708,0.423001,1.282841,0.048564,0.627097,1.896163,0.016895,0.423833,1.895647,0.095988,0.621896,2.419680,0.431218,0.424228,2.439017,0.379323,0.628014,2.487607,0.449289,0.420241,2.507202,0.396081,0.592397,2.600316,0.011739,0.457417,2.629459,-0.088544
61.000000,4.893028,0.528273,0.304644,-0.776043,0.546252,0.244702,-0.723912,0.558120,0.242186,-0.723809,0.567287,0.241515,-0.723559,0.507879,0.249391,-0.713360,0.494199,0.251799,-0.713286,0.481527,0.255447,-0.713488,0.581752,0.258088,-0.384300,0.466801,0.276193,-0.324409,0.554422,0.361502,-0.654065,0.511008,0.368500,-0.637690,0.675466,0.534388,-0.167196,0.386610,0.546721,-0.102786,0.848350,0.634996,-0.474598,0.199999,0.666270,-0.296241,0.836994,0.285209,-0.954121,0.235631,0.288843,-0.707399,0.832295,0.173615,-1.047882,0.240261,0.181902,-0.801501,0.814575,0.155171,-1.008286,0.259408,0.161322,-0.735190,0.808755,0.198353,-0.956665,0.266338,0.205400,-0.700175,0.640447,1.276676,-0.045719,0.422912,1.282478,0.048576,0.627085,1.895491,0.005352,0.423478,1.894275,0.087816,0.622015,2.418609,0.411083,0.424391,2.436393,0.363259,0.628085,2.486577,0.428286,0.420387,2.504399,0.379293,0.592532,2.598299,-0.006193,0.457494,2.626486,-0.100158
62.000000,4.974484,0.528248,0.304621,-0.772297,0.546215,0.244676,-0.719431,0.558086,0.242129,-0.719316,0.567241,0.241431,-0.719047,0.507847,0.249397,-0.708745,0.494166,0.251812,-0.708698,0.481511,0.255460,-0.708874,0.581719,0.258015,-0.380288,0.466792,0.276221,-0.319039,0.554402,0.361476,-0.650850,0.510986,0.368526,-0.634159,0.675462,0.534166,-0.166778,0.386569,0.546683,-0.097717,0.849689,0.635407,-0.488130,0.199453,0.666269,-0.270256,0.837223,0.284634,-0.981446,0.235358,0.288669,-0.646141,0.832536,0.173009,-1.078197,0.239608,0.181053,-0.736952,0.814752,0.154568,-1.036549,0.259058,0.161188,-0.668734,0.808871,0.197820,-0.983365,0.266252,0.205396,-0.637625,0.641188,1.276628,-0.045620,0.423352,1.282251,0.048486,0.627577,1.895606,0.002393,0.423921,1.894177,0.086945,0.622221,2.418851,0.398690,0.425026,2.436180,0.352301,0.628391,2.486845,0.414712,0.420914,2.503932,0.367233,0.592756,2.598385,-0.018488,0.458511,2.626524,-0.111000
63.000000,5.058472,0.528080,0.304441,-0.735239,0.546061,0.244464,-0.682346,0.557988,0.241885,-0.682228,0.567140,0.241128,-0.681961,0.507603,0.249207,-0.670548,0.493917,0.251671,-0.670448,0.481299,0.255319,-0.670660,0.581685,0.257827,-0.347621,0.466718,0.276144,-0.281893,0.554337,0.361422,-0.616240,0.510894,0.368465,-0.598237,0.675601,0.534050,-0.143783,0.386383,0.546635,-0.080521,0.849999,0.636114,-0.455436,0.199153,0.666306,-0.298177,0.837252,0.284667,-0.923818,0.234139,0.288755,-0.765773,0.832702,0.172983,-1.016692,0.238014,0.180819,-0.870839,0.814845,0.154437,-0.973986,0.258003,0.161030,-0.797669,0.808966,0.197705,-0.924632,0.265511,0.205391,-0.758284,0.642076,1.276653,-0.044329,0.423455,1.281848,0.047221,0.628054,1.895507,0.003719,0.424006,1.893736,0.085475,0.622497,2.418880,0.400297,0.424947,2.435881,0.344625,0.628854,2.486872,0.416362,0.420504,2.503632,0.359058,0.592856,2.598418,-0.017353,0.458511,2.626478,-0.115136
64.000000,5.138145,0.528059,0.304486,-0.712570,0.546058,0.244524,-0.662169,0.557990,0.241955,-0.662057,0.567150,0.241248,-0.661804,0.507561,0.249212,-0.647852,0.493846,0.251676,-0.647753,0.481246,0.255316,-0.647976,0.581734,0.257909,-0.337141,0.466704,0.276069,-0.259066,0.554312,0.361591,-0.597189,0.510850,0.368571,-0.575714,0.675699,0.534078,-0.143963,0.386234,0.546633,-0.061351,0.850217,0.636137,-0.471306,0.199127,0.667481,-0.305432,0.837399,0.284520,-0.944261,0.233349,0.288819,-0.766822,0.832871,0.172760,-1.039109,0.236845,0.180671,-0.872588,0.814921,0.154299,-0.992630,0.257269,0.160705,-0.798043,0.809012,0.197424,-0.944072,0.265077,0.205263,-0.759224,0.641284,1.281279,-0.044741,0.422285,1.283311,0.047649,0.627488,1.896249,0.019712,0.422968,1.893700,0.117697,0.621075,2.419256,0.421455,0.421738,2.433917,0.420029,0.627695,2.487084,0.438254,0.416449,2.501144,0.440555,0.589579,2.599870,0.012012,0.455287,2.626238,-0.025709
65.000000,5.216996,0.528030,0.304547,-0.733089,0.546064,0.244644,-0.682188,0.557995,0.242064,-0.682025,0.567164,0.241393,-0.681728,0.507547,0.249284,-0.669394,0.493813,0.251731,-0.669412,0.481211,0.255344,-0.669564,0.581778,0.257958,-0.353542,0.466692,0.276071,-0.284031,0.554295,0.361653,-0.615743,0.510735,0.368644,-0.596600,0.675736,0.534132,-0.153763,0.386072,0.546434,-0.069671,0.850356,0.636157,-0.490104,0.199089,0.667453,-0.304386,0.837493,0.283160,-0.986663,0.232512,0.288805,-0.736539,0.832899,0.171393,-1.085238,0.235935,0.180592,-0.835651,0.814951,0.153464,-1.041095,0.256576,0.160410,-0.764328,0.809032,0.196409,-0.988475,0.264617,0.204991,-0.728519,0.641995,1.281239,-0.044573,0.422893,1.283392,0.047485,0.629359,1.896561,0.019265,0.424965,1.894041,0.106014,0.624039,2.419712,0.421248,0.425047,2.434149,0.384469,0.630772,2.487563,0.438091,0.419866,2.501316,0.401711,0.593088,2.600541,0.011225,0.459552,2.626846,-0.067330
66.000000,5.295975,0.528025,0.304424,-0.752763,0.546070,0.244528,-0.701496,0.557998,0.241957,-0.701352,0.567195,0.241308,-0.700959,0.507542,0.249089,-0.685102,0.493799,0.251530,-0.685099,0.481196,0.255163,-0.685168,0.581842,0.257942,-0.376061,0.466666,0.275991,-0.292996,0.554293,0.361630,-0.637691,0.510729,0.368607,-0.614398,0.676039,0.534570,-0.191121,0.385955,0.546853,-0.073291,0.850788,0.636292,-0.579924,0.198155,0.668051,-0.254621,0.837688,0.282452,-1.120310,0.232197,0.288497,-0.636131,0.832919,0.170647,-1.228667,0.235444,0.179748,-0.725181,0.814983,0.152780,-1.181395,0.256112,0.159470,-0.655720,0.809128,0.195542,-1.121378,0.264311,0.204165,-0.627612,0.641213,1.285654,-0.049210,0.422467,1.289248,0.052247,0.628666,1.904962,0.006940,0.424985,1.903561,0.105361,0.623137,2.427224,0.417428,0.424873,2.446250,0.383932,0.629817,2.495698,0.434610,0.419710,2.515699,0.400355,0.591879,2.609336,-0.003876,0.458540,2.638371,-0.077991
67.000000,5.375920,0.527733,0.304423,-0.753152,0.545837,0.244534,-0.700942,0.557802,0.241964,-0.700803,0.567030,0.241310,-0.700420,0.507240,0.249086,-0.686060,0.493554,0.251529,-0.686046,0.481014,0.255151,-0.686147,0.581761,0.257947,-0.368035,0.466586,0.275990,-0.293367,0.554090,0.361628,-0.636160,0.510493,0.368589,-0.614622,0.676012,0.534110,-0.172151,0.385558,0.546545,-0.074679,0.850783,0.634411,-0.526849,0.197764,0.668513,-0.264409,0.837953,0.281035,-1.042566,0.231321,0.288637,-0.677149,0.832974,0.169751,-1.140265,0.234587,0.179766,-0.770583,0.815001,0.151591,-1.099915,0.255469,0.159457,-0.702159,0.809168,0.193724,-1.045903,0.263663,0.204164,-0.670030,0.642356,1.282729,-0.047321,0.422683,1.287482,0.050305,0.630416,1.900627,0.022199,0.426385,1.899579,0.103639,0.626350,2.420389,0.433187,0.427418,2.440492,0.383660,0.633351,2.487983,0.450733,0.422508,2.508762,0.399837,0.595325,2.602690,0.019494,0.461783,2.633046,-0.078692
68.000000,5.456578,0.527687,0.304441,-0.750608,0.545767,0.244544,-0.698914,0.557734,0.241962,-0.698785,0.566986,0.241294,-0.698429,0.507137,0.249138,-0.684859,0.493411,0.251604,-0.684835,0.480910,0.255210,-0.684955,0.581691,0.257898,-0.366941,0.466496,0.276002,-0.293473,0.554026,0.361628,-0.633083,0.510471,0.368627,-0.612326,0.675992,0.534326,-0.170334,0.385423,0.546495,-0.076213,0.850788,0.634234,-0.527191,0.197760,0.668514,-0.274109,0.838930,0.280499,-1.053482,0.231183,0.288638,-0.691587,0.833280,0.169277,-1.155934,0.234396,0.179759,-0.787602,0.815313,0.151070,-1.114313,0.255264,0.159386,-0.720598,0.809610,0.192829,-1.056931,0.263427,0.204121,-0.684711,0.642240,1.282690,-0.046974,0.422690,1.287429,0.049947,0.631086,1.900297,0.020484,0.428811,1.899373,0.093210,0.627782,2.420365,0.427169,0.430063,2.440444,0.360785,0.634779,2.487961,0.444343,0.425071,2.508685,0.375813,0.597199,2.602512,0.015697,0.464055,2.632664,-0.100884
69.000000,5.539290,0.527659,0.304849,-0.729674,0.545733,0.244805,-0.678958,0.557702,0.242200,-0.678841,0.566968,0.241527,-0.678571,0.507071,0.249371,-0.665028,0.493367,0.251775,-0.664983,0.480899,0.255309,-0.665162,0.581666,0.257984,-0.352089,0.466470,0.275987,-0.276128,0.553964,0.361671,-0.613480,0.510456,0.368719,-0.592449,0.676051,0.534261,-0.159374,0.385401,0.546284,-0.065870,0.850566,0.633997,-0.507670,0.197881,0.668849,-0.265915,0.839828,0.279405,-1.015725,0.230602,0.289383,-0.678286,0.833602,0.168672,-1.117187,0.233943,0.179988,-0.775605,0.815676,0.150264,-1.074282,0.254893,0.159649,-0.709402,0.810163,0.191628,-1.018507,0.262966,0.204505,-0.671957,0.642520,1.283338,-0.047161,0.423399,1.288083,0.050126,0.631841,1.899946,0.024580,0.428910,1.899158,0.110092,0.629452,2.420111,0.432406,0.430818,2.437665,0.403603,0.636992,2.487608,0.450099,0.425933,2.504443,0.422638,0.598375,2.602357,0.024487,0.465377,2.631523,-0.044476
70.000000,5.615214,0.527423,0.304858,-0.724604,0.545587,0.244810,-0.675232,0.557563,0.242212,-0.675108,0.566862,0.241544,-0.674829,0.506956,0.249370,-0.660744,0.493292,0.251770,-0.660720,0.480864,0.255285,-0.660875,0.581620,0.258065,-0.352927,0.466450,0.275978,-0.276393,0.553712,0.361675,-0.610294,0.510301,0.368717,-0.588804,0.676033,0.534835,-0.162124,0.385384,0.546448,-0.066720,0.850299,0.633485,-0.543199,0.197872,0.668447,-0.267913,0.840444,0.279356,-1.087268,0.230591,0.289323,-0.680340,0.834007,0.168714,-1.196624,0.233924,0.179354,-0.777746,0.816251,0.150286,-1.152267,0.254866,0.159525,-0.712031,0.810946,0.191631,-1.090365,0.262949,0.204491,-0.674265,0.640856,1.288157,-0.047208,0.423050,1.292348,0.050166,0.630047,1.903479,0.026934,0.428412,1.901438,0.109451,0.627286,2.423834,0.435415,0.429931,2.439204,0.399798,0.634646,2.491379,0.453408,0.424996,2.506089,0.418837,0.596003,2.605629,0.029899,0.464017,2.632689,-0.052276
71.000000,5.693128,0.527348,0.305095,-0.726847,0.545578,0.245037,-0.676201,0.557553,0.242413,-0.676057,0.566854,0.241763,-0.675800,0.506900,0.249596,-0.662026,0.493183,0.251989,-0.661985,0.480754,0.255422,-0.662175,0.581616,0.258174,-0.361667,0.466386,0.276002,-0.280812,0.553675,0.361806,-0.611875,0.510256,0.368947,-0.589705,0.676038,0.534535,-0.179010,0.385370,0.546137,-0.067136,0.850334,0.632184,-0.575682,0.197889,0.668463,-0.272798,0.840449,0.277590,-1.124482,0.230524,0.289395,-0.687202,0.834139,0.167214,-1.235533,0.233701,0.179324,-0.782953,0.816266,0.149398,-1.190321,0.254734,0.159493,-0.715754,0.810952,0.190781,-1.127396,0.262877,0.204486,-0.680277,0.640353,1.288554,-0.048123,0.423069,1.292408,0.051089,0.629092,1.904660,0.022672,0.428193,1.902156,0.109090,0.626178,2.425798,0.431841,0.429594,2.440458,0.391482,0.633587,2.493488,0.449855,0.424667,2.507188,0.408838,0.594541,2.607095,0.024226,0.463429,2.634641,-0.063407
72.000000,5.769599,0.527217,0.304737,-0.730751,0.545584,0.244543,-0.680578,0.557568,0.241997,-0.680421,0.566877,0.241430,-0.680129,0.506848,0.248812,-0.664033,0.493126,0.251113,-0.664024,0.480631,0.254429,-0.664231,0.581773,0.258031,-0.368223,0.466308,0.275130,-0.281269,0.553619,0.361713,-0.618902,0.509964,0.368628,-0.593831,0.676074,0.534575,-0.183187,0.385083,0.545454,-0.068484,0.850478,0.631942,-0.565637,0.197182,0.669366,-0.199845,0.840528,0.274818,-1.090819,0.229823,0.289854,-0.501290,0.834479,0.165774,-1.194499,0.233288,0.179407,-0.584728,0.816416,0.148430,-1.150807,0.254573,0.159552,-0.516757,0.811054,0.189361,-1.095407,0.262683,0.204632,-0.492188,0.640359,1.288961,-0.048993,0.422792,1.292721,0.052012,0.629104,1.904588,0.025229,0.427696,1.902072,0.126711,0.626203,2.425331,0.440471,0.429424,2.438515,0.434871,0.633680,2.493010,0.459071,0.424519,2.504636,0.455624,0.594552,2.606999,0.029359,0.463410,2.634107,-0.017539
73.000000,5.846332,0.527160,0.304736,-0.742574,0.545575,0.244534,-0.691660,0.557556,0.241986,-0.691501,0.566838,0.241423,-0.691198,0.506762,0.248788,-0.676072,0.492988,0.251094,-0.676078,0.480415,0.254399,-0.676235,0.581699,0.257995,-0.371195,0.466120,0.275106,-0.288381,0.553566,0.361715,-0.627602,0.509777,0.368642,-0.604158,0.676011,0.534570,-0.182178,0.384874,0.544992,-0.069195,0.850651,0.632077,-0.558416,0.196290,0.669546,-0.226680,0.840513,0.272345,-1.090003,0.229508,0.289871,-0.591464,0.834495,0.163836,-1.195524,0.232833,0.179411,-0.682742,0.816435,0.146938,-1.151946,0.254409,0.159518,-0.615154,0.811066,0.187749,-1.093504,0.262589,0.204635,-0.583509,0.639968,1.288903,-0.049012,0.422615,1.292689,0.052030,0.628318,1.904672,0.022950,0.427282,1.902075,0.117965,0.625423,2.425350,0.436761,0.429140,2.438699,0.406000,0.632822,2.493032,0.455154,0.424285,2.504866,0.423724,0.593984,2.607008,0.023990,0.463079,2.634289,-0.054098
74.000000,5.925267,0.527037,0.304731,-0.739867,0.545438,0.244519,-0.689288,0.557448,0.241965,-0.689146,0.566705,0.241386,-0.688844,0.506462,0.248783,-0.673628,0.492627,0.251096,-0.673636,0.480037,0.254394,-0.673777,0.581560,0.257915,-0.369088,0.465874,0.275100,-0.284939,0.553472,0.361717,-0.625290,0.509562,0.368733,-0.601719,0.675955,0.534522,-0.181505,0.384771,0.544974,-0.064553,0.850662,0.631837,-0.558415,0.195812,0.669660,-0.211904,0.840499,0.269081,-1.094743,0.229166,0.289962,-0.577514,0.834511,0.161445,-1.202791,0.232422,0.179400,-0.669024,0.816454,0.145416,-1.160466,0.254089,0.159508,-0.603323,0.811073,0.186198,-1.098859,0.262274,0.204648,-0.570461,0.639607,1.289700,-0.050037,0.422474,1.293150,0.053076,0.627548,1.906130,0.010192,0.426779,1.902887,0.113871,0.623318,2.427128,0.415402,0.427482,2.439844,0.395745,0.630673,2.495087,0.432573,0.422558,2.506275,0.412463,0.591329,2.608244,-0.000609,0.460779,2.635658,-0.066318
75.000000,6.001535,0.526922,0.304726,-0.748084,0.545364,0.244493,-0.698875,0.557383,0.241941,-0.698761,0.566649,0.241358,-0.698478,0.506318,0.248752,-0.682802,0.492417,0.251070,-0.682756,0.479785,0.254344,-0.682899,0.581510,0.257894,-0.377525,0.465672,0.275053,-0.291250,0.553347,0.361724,-0.633338,0.509326,0.368753,-0.609133,0.675944,0.535315,-0.190435,0.384467,0.544930,-0.066518,0.850667,0.632053,-0.580400,0.194917,0.671090,-0.225261,0.840569,0.268569,-1.134888,0.228938,0.290290,-0.604836,0.834844,0.161004,-1.246919,0.232141,0.179522,-0.697918,0.816747,0.144956,-1.203990,0.253812,0.159515,-0.630876,0.811222,0.185953,-1.138966,0.262019,0.204677,-0.597601,0.638594,1.290365,-0.051042,0.421097,1.293344,0.054076,0.626906,1.906421,0.013480,0.425965,1.902851,0.120965,0.622752,2.427112,0.432546,0.426404,2.439679,0.424680,0.630130,2.495067,0.451158,0.421350,2.506159,0.444047,0.590657,2.608232,0.013303,0.459614,2.635330,-0.036155
76.000000,6.078800,0.526857,0.304887,-0.782392,0.545272,0.244582,-0.733245,0.557299,0.242009,-0.733080,0.566579,0.241393,-0.732749,0.506078,0.248807,-0.717825,0.492100,0.251118,-0.717824,0.479493,0.254361,-0.717968,0.581411,0.257873,-0.404576,0.465465,0.275017,-0.322597,0.553285,0.361880,-0.664109,0.509176,0.368993,-0.641193,0.675917,0.535328,-0.203909,0.384199,0.544846,-0.099181,0.850636,0.632058,-0.585613,0.194915,0.671462,-0.297737,0.840557,0.267975,-1.131347,0.228137,0.291154,-0.723842,0.835013,0.160048,-1.238509,0.230826,0.180957,-0.821183,0.816905,0.144030,-1.195755,0.252695,0.159758,-0.755275,0.811233,0.185356,-1.134609,0.261245,0.204939,-0.717023,0.638593,1.290299,-0.050242,0.420794,1.293073,0.053242,0.626131,1.905482,0.028838,0.422537,1.901124,0.120978,0.621067,2.424042,0.453458,0.422713,2.435306,0.422470,0.628368,2.491439,0.472547,0.417838,2.501335,0.441763,0.588715,2.605449,0.038813,0.456664,2.631013,-0.035598
77.000000,6.157547,0.526863,0.304799,-0.767481,0.545292,0.244509,-0.713980,0.557307,0.241943,-0.713908,0.566579,0.241325,-0.713657,0.506056,0.248533,-0.701018,0.492076,0.250736,-0.700845,0.479475,0.253929,-0.701077,0.581383,0.257775,-0.372844,0.465395,0.274605,-0.300585,0.553268,0.361825,-0.645626,0.509157,0.368810,-0.625847,0.675744,0.534359,-0.168176,0.384184,0.544508,-0.092519,0.850397,0.631754,-0.494498,0.195572,0.671342,-0.341491,0.840566,0.267676,-0.971601,0.227692,0.291368,-0.828692,0.835218,0.159746,-1.066319,0.230200,0.181046,-0.931479,0.817013,0.143559,-1.020503,0.252048,0.159754,-0.863172,0.811258,0.184844,-0.971154,0.260713,0.204958,-0.822159,0.639770,1.284071,-0.049699,0.420945,1.287205,0.052692,0.628718,1.894649,0.000520,0.423816,1.892584,0.119867,0.625516,2.417235,0.393579,0.426032,2.427138,0.422079,0.632815,2.485343,0.409031,0.420809,2.493564,0.440436,0.595572,2.596375,-0.024738,0.461616,2.619703,-0.040078
78.000000,6.234814,0.526746,0.305071,-0.743339,0.545211,0.244607,-0.690305,0.557249,0.242037,-0.690171,0.566533,0.241416,-0.689842,0.505782,0.248616,-0.678036,0.491717,0.250838,-0.677949,0.479110,0.253985,-0.678147,0.581358,0.257777,-0.355863,0.465189,0.274596,-0.287450,0.553183,0.362128,-0.624368,0.508989,0.369360,-0.605714,0.675736,0.534431,-0.156212,0.384168,0.544575,-0.088052,0.850390,0.631636,-0.505078,0.196249,0.671375,-0.334441,0.840484,0.264360,-1.009982,0.227586,0.291432,-0.798853,0.835464,0.157865,-1.110143,0.229723,0.180787,-0.888760,0.817033,0.141363,-1.065303,0.251511,0.159504,-0.812364,0.811150,0.181956,-1.011171,0.260328,0.204890,-0.784552,0.640073,1.285969,-0.047078,0.421266,1.288840,0.050137,0.628707,1.896105,0.008224,0.423828,1.893605,0.102105,0.624847,2.418025,0.397410,0.425354,2.427829,0.373401,0.632155,2.486034,0.414224,0.420039,2.494332,0.389038,0.594206,2.597712,-0.017932,0.460560,2.621010,-0.082834
79.000000,6.312391,0.526605,0.305160,-0.743361,0.545160,0.244634,-0.690794,0.557218,0.242063,-0.690669,0.566510,0.241450,-0.690352,0.505588,0.248640,-0.677994,0.491462,0.250881,-0.677908,0.478859,0.254010,-0.678108,0.581348,0.257775,-0.357251,0.464965,0.274585,-0.285497,0.553011,0.362255,-0.624608,0.508764,0.369552,-0.605141,0.675521,0.534612,-0.157878,0.384152,0.544559,-0.082630,0.850208,0.631383,-0.511015,0.196287,0.671550,-0.309922,0.840596,0.261925,-1.023019,0.227455,0.291506,-0.743849,0.836192,0.156874,-1.124709,0.229406,0.180400,-0.833371,0.817423,0.139640,-1.080802,0.251025,0.159454,-0.769872,0.811257,0.179460,-1.025042,0.259756,0.204890,-0.735935,0.639784,1.286990,-0.047479,0.421116,1.289599,0.050531,0.627485,1.897994,0.010391,0.423212,1.895676,0.105039,0.622633,2.420361,0.407591,0.423504,2.431220,0.394686,0.629818,2.488308,0.424409,0.418139,2.497706,0.412903,0.591752,2.601049,-0.013783,0.457900,2.625843,-0.065777
80.000000,6.390778,0.526638,0.305048,-0.743463,0.545283,0.244468,-0.690457,0.557325,0.241904,-0.690346,0.566655,0.241332,-0.690034,0.505602,0.248336,-0.677486,0.491448,0.250535,-0.677387,0.478835,0.253669,-0.677589,0.581443,0.257651,-0.354205,0.464888,0.273950,-0.281583,0.552996,0.362227,-0.624473,0.508747,0.369441,-0.604818,0.675472,0.534920,-0.150846,0.384133,0.544363,-0.080469,0.850283,0.632222,-0.483388,0.196295,0.673018,-0.327039,0.840989,0.260804,-0.961632,0.227362,0.291491,-0.802811,0.836869,0.156437,-1.056949,0.228193,0.180071,-0.905381,0.817835,0.138881,-1.011080,0.249616,0.159242,-0.837584,0.811518,0.178311,-0.961925,0.258881,0.204765,-0.796568,0.640374,1.287003,-0.047306,0.421331,1.289608,0.050354,0.628129,1.898052,0.010065,0.425512,1.895708,0.107896,0.622747,2.420873,0.407749,0.424831,2.431495,0.398961,0.629876,2.488949,0.423956,0.419135,2.498143,0.417340,0.591802,2.601635,-0.012503,0.458787,2.626150,-0.060023
81.000000,6.470415,0.526744,0.304971,-0.743705,0.545413,0.244416,-0.690803,0.557412,0.241844,-0.690689,0.566738,0.241298,-0.690376,0.505622,0.248307,-0.677684,0.491434,0.250514,-0.677591,0.478818,0.253655,-0.677784,0.581482,0.257554,-0.354979,0.464855,0.273793,-0.282073,0.553053,0.362192,-0.624788,0.508736,0.369420,-0.605021,0.675479,0.534987,-0.152180,0.384121,0.544040,-0.080408,0.850744,0.632510,-0.494406,0.196279,0.674013,-0.356404,0.841534,0.260427,-0.989288,0.226996,0.291534,-0.873360,0.837473,0.155819,-1.088372,0.226487,0.179957,-0.983355,0.818070,0.137603,-1.042485,0.248265,0.158967,-0.914098,0.811661,0.176834,-0.990229,0.258139,0.204525,-0.868503,0.640770,1.286958,-0.046943,0.421744,1.289393,0.050005,0.628134,1.898217,0.005464,0.425703,1.895750,0.105048,0.622744,2.421762,0.394852,0.425043,2.431891,0.372204,0.629870,2.490295,0.409451,0.419287,2.498768,0.387812,0.591681,2.602399,-0.027382,0.459089,2.626834,-0.088316
82.000000,6.549732,0.526723,0.304914,-0.737802,0.545413,0.244304,-0.685736,0.557415,0.241749,-0.685627,0.566744,0.241240,-0.685316,0.505562,0.248217,-0.671107,0.491360,0.250450,-0.670998,0.478728,0.253597,-0.671184,0.581520,0.257534,-0.353732,0.464752,0.273688,-0.275202,0.553041,0.362155,-0.620664,0.508661,0.369386,-0.599071,0.675467,0.536616,-0.153788,0.384057,0.544175,-0.077678,0.850790,0.633055,-0.500020,0.196341,0.674448,-0.353877,0.841845,0.260485,-0.996505,0.225862,0.292127,-0.864570,0.837815,0.155858,-1.094059,0.224947,0.180265,-0.975950,0.818315,0.137611,-1.053544,0.246936,0.159010,-0.907287,0.811831,0.176856,-0.999166,0.256812,0.204572,-0.860384,0.639838,1.290094,-0.046998,0.420576,1.290574,0.050063,0.625931,1.901340,0.014559,0.424824,1.897473,0.115621,0.618623,2.424764,0.418328,0.422713,2.433600,0.406296,0.625373,2.493418,0.434650,0.416709,2.500882,0.425175,0.586736,2.605568,0.001422,0.455672,2.628422,-0.049376
83.000000,6.633108,0.526488,0.304664,-0.738099,0.545385,0.243979,-0.687243,0.557408,0.241480,-0.687144,0.566742,0.241024,-0.686820,0.505378,0.247749,-0.671539,0.491139,0.249972,-0.671429,0.478463,0.253051,-0.671626,0.581621,0.257440,-0.367974,0.464638,0.273234,-0.275938,0.552937,0.362114,-0.623596,0.508244,0.369128,-0.599301,0.675512,0.538240,-0.192700,0.383790,0.544152,-0.072659,0.852224,0.633090,-0.600657,0.196192,0.674481,-0.286550,0.842809,0.260401,-1.147310,0.225158,0.292052,-0.739652,0.838409,0.155765,-1.261806,0.223882,0.179914,-0.844629,0.818736,0.137536,-1.214245,0.246005,0.158686,-0.778617,0.812257,0.176731,-1.149702,0.256117,0.204265,-0.736031,0.639083,1.296164,-0.052154,0.420154,1.296637,0.055312,0.625574,1.908697,0.014272,0.424680,1.903803,0.126946,0.618270,2.430045,0.428561,0.422316,2.438165,0.434960,0.625143,2.498837,0.446541,0.416383,2.506134,0.455208,0.585574,2.611480,0.007497,0.454902,2.632757,-0.023458
84.000000,6.712948,0.526476,0.304745,-0.742953,0.545370,0.244031,-0.692063,0.557389,0.241532,-0.691977,0.566713,0.241088,-0.691635,0.505343,0.247746,-0.676929,0.491067,0.249968,-0.676853,0.478368,0.253035,-0.677031,0.581608,0.257437,-0.369953,0.464496,0.273130,-0.283429,0.552916,0.362190,-0.627912,0.508204,0.369242,-0.604746,0.675486,0.538133,-0.189285,0.383766,0.544059,-0.073787,0.852008,0.632440,-0.584313,0.196120,0.675474,-0.277860,0.843859,0.260424,-1.130998,0.224298,0.292053,-0.703748,0.839495,0.155893,-1.242666,0.222912,0.179846,-0.802699,0.819628,0.137605,-1.195586,0.244904,0.158300,-0.738152,0.813199,0.176750,-1.133656,0.255219,0.203931,-0.698897,0.639462,1.297345,-0.052165,0.420304,1.299388,0.055319,0.628404,1.910993,0.017862,0.428575,1.908481,0.126243,0.623189,2.432505,0.442348,0.427942,2.442086,0.436649,0.630192,2.501405,0.460935,0.422023,2.509954,0.457392,0.591889,2.614456,0.023425,0.461687,2.636770,-0.021884
85.000000,6.792158,0.526467,0.304755,-0.743275,0.545369,0.244014,-0.692372,0.557387,0.241513,-0.692298,0.566711,0.241072,-0.691971,0.505330,0.247737,-0.677174,0.491049,0.249956,-0.677103,0.478347,0.253020,-0.677290,0.581622,0.257440,-0.369837,0.464454,0.273098,-0.283713,0.552906,0.362198,-0.628322,0.508187,0.369268,-0.605192,0.675480,0.537812,-0.187103,0.383669,0.543558,-0.072159,0.851768,0.629959,-0.573274,0.196016,0.676708,-0.279032,0.844774,0.261406,-1.111635,0.223483,0.292154,-0.737619,0.840990,0.156422,-1.220591,0.222093,0.179871,-0.840339,0.820857,0.138674,-1.174938,0.244242,0.158293,-0.773741,0.814476,0.177708,-1.114238,0.254613,0.203925,-0.732687,0.641138,1.295952,-0.052505,0.422198,1.299091,0.055636,0.632942,1.909712,0.014092,0.431605,1.908311,0.125412,0.628826,2.432403,0.439977,0.431890,2.442071,0.430910,0.635813,2.501369,0.458895,0.426185,2.509932,0.450831,0.598885,2.614235,0.021415,0.466255,2.636737,-0.026912
86.000000,6.870495,0.526457,0.304754,-0.741852,0.545366,0.244014,-0.688705,0.557385,0.241518,-0.688601,0.566710,0.241094,-0.688271,0.505321,0.247696,-0.674830,0.491048,0.249866,-0.674777,0.478338,0.252891,-0.674976,0.581639,0.257482,-0.356540,0.464427,0.272903,-0.280205,0.552875,0.362197,-0.625066,0.508160,0.369229,-0.603738,0.675225,0.537322,-0.156337,0.383590,0.543366,-0.070875,0.851799,0.628445,-0.469199,0.195417,0.677615,-0.281179,0.846337,0.262920,-0.923823,0.223358,0.291935,-0.734493,0.842924,0.157220,-1.013384,0.221852,0.179621,-0.833355,0.822685,0.139870,-0.968150,0.243994,0.157867,-0.764469,0.816400,0.179130,-0.924486,0.254408,0.203497,-0.728436,0.645963,1.293404,-0.050901,0.424936,1.297893,0.054050,0.637850,1.907820,0.008278,0.433792,1.907700,0.115853,0.633537,2.431964,0.416419,0.434380,2.441705,0.403324,0.640682,2.501007,0.432949,0.428619,2.509411,0.421588,0.604124,2.613933,0.001582,0.469669,2.636672,-0.052006
87.000000,6.947951,0.526291,0.304672,-0.692601,0.545172,0.243957,-0.639516,0.557226,0.241474,-0.639352,0.566521,0.241060,-0.639044,0.505255,0.247638,-0.628388,0.491008,0.249829,-0.628310,0.478317,0.252866,-0.628579,0.581586,0.257500,-0.310713,0.464404,0.272882,-0.248523,0.552758,0.362146,-0.576636,0.508094,0.369180,-0.559630,0.675036,0.536401,-0.112541,0.383569,0.543186,-0.070913,0.851013,0.626440,-0.413135,0.195787,0.673979,-0.423603,0.847801,0.269001,-0.856298,0.223350,0.291845,-0.996339,0.844680,0.161386,-0.942916,0.221738,0.179388,-1.114677,0.824455,0.144075,-0.900368,0.243780,0.157722,-1.047417,0.818244,0.184345,-0.857728,0.254120,0.203365,-0.993988,0.646164,1.285474,-0.040369,0.425284,1.288023,0.043286,0.637456,1.893911,0.023886,0.433621,1.892596,0.089917,0.633177,2.419756,0.416820,0.432260,2.430867,0.348848,0.639975,2.487807,0.433335,0.425892,2.498809,0.363992,0.604007,2.601663,0.014725,0.466607,2.623217,-0.096709
88.000000,7.028307,0.525052,0.304376,-0.696076,0.544576,0.243366,-0.644801,0.556892,0.240845,-0.644662,0.566225,0.240320,-0.644372,0.504492,0.247370,-0.630809,0.490299,0.249710,-0.630728,0.477722,0.252780,-0.630975,0.581590,0.257157,-0.321754,0.464206,0.272863,-0.247908,0.552215,0.362094,-0.583068,0.507075,0.369052,-0.562139,0.675084,0.536314,-0.125527,0.383622,0.543578,-0.056184,0.851064,0.625781,-0.449759,0.195797,0.674016,-0.254582,0.848714,0.271568,-0.921991,0.223414,0.291736,-0.620128,0.845684,0.163252,-1.015480,0.221748,0.179085,-0.709678,0.825844,0.145480,-0.972892,0.243783,0.157407,-0.642971,0.819628,0.185651,-0.924505,0.254106,0.203135,-0.613292,0.645650,1.284018,-0.040526,0.425168,1.286745,0.043418,0.637350,1.893024,-0.009134,0.432825,1.891569,0.082428,0.632701,2.419308,0.364129,0.432093,2.429059,0.334405,0.639605,2.487510,0.378511,0.425774,2.496489,0.348823,0.603261,2.600073,-0.042400,0.466475,2.621900,-0.114186
89.000000,7.108520,0.524698,0.304473,-0.701381,0.544245,0.243397,-0.650905,0.556657,0.240861,-0.650791,0.566011,0.240327,-0.650501,0.504148,0.247595,-0.635853,0.490014,0.250095,-0.635776,0.477508,0.253209,-0.636018,0.581597,0.257231,-0.327243,0.464145,0.273518,-0.248959,0.552072,0.362225,-0.588440,0.506915,0.369639,-0.565898,0.675376,0.536560,-0.128672,0.383610,0.544658,-0.051794,0.851969,0.625838,-0.464932,0.195834,0.672763,-0.236222,0.849958,0.272593,-0.971410,0.223446,0.291224,-0.621580,0.846491,0.164391,-1.071234,0.221757,0.178386,-0.716604,0.827062,0.146129,-1.033147,0.243764,0.157073,-0.651796,0.821034,0.186237,-0.977605,0.254061,0.202729,-0.616196,0.643144,1.285671,-0.042441,0.423604,1.287989,0.045348,0.635356,1.893225,-0.005785,0.431248,1.891774,0.092871,0.632025,2.419244,0.377441,0.432056,2.427693,0.365093,0.639250,2.487483,0.392486,0.425689,2.494677,0.382095,0.602385,2.599608,-0.031541,0.466343,2.620467,-0.078718
90.000000,7.186428,0.524149,0.304419,-0.714509,0.543694,0.243182,-0.664266,0.556323,0.240626,-0.664156,0.565627,0.240013,-0.663893,0.503553,0.247529,-0.648624,0.489491,0.250082,-0.648564,0.477070,0.253203,-0.648812,0.581526,0.257066,-0.338059,0.463919,0.273538,-0.255832,0.551841,0.362194,-0.600001,0.506463,0.369640,-0.576448,0.675374,0.536497,-0.134264,0.383552,0.544998,-0.051948,0.852437,0.626655,-0.489506,0.195834,0.672791,-0.235157,0.850571,0.273079,-1.030517,0.223453,0.290887,-0.605498,0.846985,0.164821,-1.134115,0.221851,0.177964,-0.694965,0.827778,0.146288,-1.094167,0.243778,0.156767,-0.632040,0.821759,0.186288,-1.035526,0.254057,0.202283,-0.598958,0.643071,1.287322,-0.042595,0.423602,1.290525,0.045519,0.635319,1.895219,0.016378,0.431192,1.894669,0.093664,0.631885,2.420424,0.424413,0.431388,2.431340,0.378159,0.639189,2.488353,0.442586,0.425054,2.498311,0.396362,0.602199,2.601492,0.018709,0.465443,2.624388,-0.071075
91.000000,7.262160,0.524010,0.304536,-0.703804,0.543505,0.243253,-0.651734,0.556169,0.240684,-0.651623,0.565488,0.240049,-0.651349,0.503384,0.247669,-0.637494,0.489346,0.250271,-0.637439,0.476957,0.253369,-0.637710,0.581513,0.257090,-0.325454,0.463869,0.273638,-0.248156,0.551787,0.362251,-0.589087,0.506432,0.369904,-0.567481,0.675370,0.535958,-0.125660,0.383511,0.545409,-0.053607,0.852398,0.626390,-0.452158,0.195813,0.672840,-0.286142,0.850657,0.273432,-0.931739,0.223503,0.290470,-0.723991,0.847251,0.164912,-1.023667,0.221982,0.177482,-0.825177,0.828025,0.146328,-0.985980,0.243800,0.156072,-0.758769,0.821897,0.186318,-0.936029,0.254045,0.201472,-0.718679,0.643059,1.286297,-0.040808,0.423530,1.289786,0.043717,0.635153,1.893897,0.016301,0.430805,1.893258,0.086518,0.632031,2.418707,0.410337,0.431401,2.429659,0.351841,0.639520,2.486893,0.426372,0.425293,2.496451,0.367446,0.602447,2.599336,0.008824,0.466137,2.622855,-0.096554
92.000000,7.338862,0.523957,0.304545,-0.702202,0.543493,0.243257,-0.650222,0.556160,0.240683,-0.650144,0.565479,0.240054,-0.649881,0.503356,0.247743,-0.636084,0.489318,0.250401,-0.635952,0.476933,0.253508,-0.636253,0.581541,0.257212,-0.324511,0.463838,0.273843,-0.245618,0.551772,0.362283,-0.587676,0.506404,0.369975,-0.566031,0.675432,0.536060,-0.123595,0.383501,0.545840,-0.053639,0.852701,0.626663,-0.428521,0.195755,0.672837,-0.285409,0.850858,0.274160,-0.878770,0.223783,0.290477,-0.699890,0.847542,0.165546,-0.965739,0.222264,0.177464,-0.793922,0.828465,0.147107,-0.923191,0.244062,0.156044,-0.727038,0.822244,0.187043,-0.880298,0.254184,0.201468,-0.693229,0.643687,1.286986,-0.040922,0.423846,1.290604,0.043822,0.637573,1.893527,-0.011253,0.433186,1.893099,0.102858,0.635088,2.418808,0.360161,0.433777,2.429289,0.372272,0.642762,2.486994,0.373494,0.427327,2.496202,0.388621,0.605136,2.599437,-0.053750,0.469071,2.622318,-0.070119
93.000000,7.414472,0.523953,0.304563,-0.707999,0.543515,0.243272,-0.654594,0.556167,0.240693,-0.654538,0.565496,0.240074,-0.654290,0.503351,0.247778,-0.640917,0.489306,0.250461,-0.640766,0.476916,0.253573,-0.641109,0.581652,0.257223,-0.325736,0.463811,0.273869,-0.246359,0.551778,0.362298,-0.591616,0.506383,0.370057,-0.570290,0.675436,0.535827,-0.127214,0.383560,0.545839,-0.054464,0.852756,0.623223,-0.435051,0.195896,0.672451,-0.282890,0.850970,0.274193,-0.889374,0.224127,0.290340,-0.679494,0.847833,0.166018,-0.978480,0.222801,0.177324,-0.772926,0.828745,0.147721,-0.937056,0.244404,0.155979,-0.706501,0.822483,0.187480,-0.891927,0.254400,0.201454,-0.672450,0.643759,1.286980,-0.041254,0.423844,1.290572,0.044143,0.637407,1.892489,0.009245,0.433066,1.891649,0.114174,0.634869,2.416050,0.415999,0.433336,2.426137,0.414693,0.642573,2.483703,0.433279,0.426795,2.492848,0.434815,0.604909,2.597391,0.007279,0.468603,2.619496,-0.030978
94.000000,7.492912,0.524141,0.304590,-0.718222,0.543695,0.243296,-0.663771,0.556255,0.240713,-0.663745,0.565578,0.240124,-0.663499,0.503560,0.247808,-0.651315,0.489477,0.250483,-0.651198,0.477002,0.253601,-0.651553,0.581703,0.257266,-0.327544,0.463809,0.273867,-0.254861,0.551874,0.362320,-0.599260,0.506495,0.370126,-0.579952,0.675436,0.535616,-0.129387,0.383554,0.545721,-0.059967,0.852926,0.623229,-0.442995,0.195992,0.672556,-0.304972,0.851093,0.274631,-0.905639,0.224236,0.290332,-0.740216,0.847976,0.166984,-0.995788,0.222881,0.177263,-0.838260,0.828952,0.148586,-0.954477,0.244434,0.155844,-0.771794,0.822722,0.188012,-0.908061,0.254409,0.201327,-0.733911,0.643887,1.286649,-0.041423,0.424020,1.290558,0.044319,0.637917,1.891700,0.022772,0.433956,1.891428,0.113894,0.635574,2.415146,0.434501,0.435417,2.425463,0.420770,0.643011,2.482939,0.451904,0.429332,2.492002,0.441310,0.606468,2.596275,0.026176,0.471122,2.618499,-0.027384
95.000000,7.577657,0.524206,0.304625,-0.724790,0.543704,0.243312,-0.670852,0.556251,0.240723,-0.670827,0.565575,0.240144,-0.670651,0.503633,0.247882,-0.656556,0.489540,0.250587,-0.656403,0.477042,0.253752,-0.656721,0.581725,0.257295,-0.334186,0.463805,0.273908,-0.255210,0.551907,0.362343,-0.606031,0.506664,0.370294,-0.584501,0.675522,0.535285,-0.133933,0.383607,0.545700,-0.052593,0.853058,0.623233,-0.448719,0.196035,0.672397,-0.283830,0.851258,0.275286,-0.911220,0.224095,0.290325,-0.735856,0.848064,0.167425,-1.001680,0.222809,0.177234,-0.832069,0.829078,0.149156,-0.959758,0.244365,0.155763,-0.766475,0.822894,0.188804,-0.913189,0.254331,0.201145,-0.730024,0.644836,1.286632,-0.045274,0.425980,1.290498,0.048294,0.639637,1.892630,-0.039464,0.434910,1.892564,0.096240,0.637431,2.420349,0.337445,0.436328,2.430734,0.352340,0.644831,2.489632,0.351180,0.430296,2.498039,0.365695,0.608788,2.599270,-0.084650,0.471836,2.623423,-0.107568
96.000000,7.656869,0.524227,0.304855,-0.724821,0.543727,0.243451,-0.671443,0.556257,0.240844,-0.671405,0.565585,0.240296,-0.671222,0.503653,0.248132,-0.657044,0.489542,0.250847,-0.656921,0.477052,0.254000,-0.657230,0.581751,0.257409,-0.337184,0.463795,0.273942,-0.258334,0.551927,0.362422,-0.606322,0.506682,0.370518,-0.584786,0.675505,0.535031,-0.141442,0.383592,0.545097,-0.054843,0.853069,0.623223,-0.482451,0.196048,0.672354,-0.315451,0.851472,0.275275,-0.977543,0.224135,0.290319,-0.809253,0.848293,0.167441,-1.073521,0.222828,0.176927,-0.914476,0.829200,0.149063,-1.032552,0.244448,0.155737,-0.846960,0.822986,0.188674,-0.980316,0.254457,0.201124,-0.804049,0.644726,1.286678,-0.045266,0.425956,1.290537,0.048277,0.639394,1.892823,-0.018916,0.434341,1.892589,0.095262,0.636505,2.420447,0.366982,0.435475,2.430635,0.360832,0.643849,2.489658,0.382214,0.429477,2.497849,0.375764,0.606884,2.599417,-0.046394,0.471123,2.623382,-0.096266
97.000000,7.736962,0.524348,0.304780,-0.724794,0.543736,0.243404,-0.671466,0.556256,0.240785,-0.671425,0.565582,0.240242,-0.671236,0.503726,0.248130,-0.657136,0.489615,0.250854,-0.657018,0.477094,0.254034,-0.657320,0.581753,0.257367,-0.337516,0.463794,0.274096,-0.259133,0.551998,0.362345,-0.606354,0.506779,0.370504,-0.584939,0.675822,0.535199,-0.142826,0.383662,0.545331,-0.058678,0.853519,0.623539,-0.496872,0.196050,0.672382,-0.344676,0.851549,0.275393,-1.008624,0.223912,0.290295,-0.872377,0.848359,0.167754,-1.109469,0.222799,0.176900,-0.985867,0.829307,0.149328,-1.068705,0.244327,0.155690,-0.919220,0.823067,0.188783,-1.012506,0.254283,0.200918,-0.869025,0.644698,1.286731,-0.045197,0.425643,1.290420,0.048207,0.637451,1.893144,-0.015398,0.431096,1.892345,0.092830,0.632569,2.420435,0.373960,0.430483,2.430146,0.360300,0.639771,2.489615,0.389004,0.424640,2.497401,0.375502,0.601181,2.599365,-0.045508,0.465891,2.622750,-0.098097
98.000000,7.812994,0.524570,0.304813,-0.723092,0.543849,0.243404,-0.668745,0.556324,0.240783,-0.668671,0.565657,0.240244,-0.668445,0.503886,0.248172,-0.655057,0.489782,0.250932,-0.654958,0.477229,0.254192,-0.655246,0.581870,0.257378,-0.330590,0.463806,0.274294,-0.256396,0.552211,0.362346,-0.603461,0.507104,0.370566,-0.582989,0.675835,0.534784,-0.130023,0.384147,0.545336,-0.059622,0.853655,0.621561,-0.446349,0.196303,0.672272,-0.393020,0.851562,0.275158,-0.907319,0.224077,0.290296,-0.969499,0.848392,0.167481,-0.996927,0.222806,0.176845,-1.087803,0.829350,0.149211,-0.956231,0.244332,0.155672,-1.021070,0.823104,0.188644,-0.909434,0.254381,0.200898,-0.967061,0.647715,1.285066,-0.043257,0.428224,1.288895,0.046207,0.641118,1.892841,-0.014404,0.436042,1.892351,0.085447,0.637775,2.420408,0.378926,0.435951,2.431139,0.344679,0.644753,2.489604,0.394518,0.430163,2.498631,0.359174,0.608063,2.599288,-0.039761,0.470896,2.623393,-0.114347
99.000000,7.891235,0.524956,0.304205,-0.728945,0.544060,0.242562,-0.672969,0.556460,0.239881,-0.672861,0.565818,0.239278,-0.672617,0.504046,0.247711,-0.661953,0.489877,0.250567,-0.661913,0.477247,0.253973,-0.662180,0.581930,0.256876,-0.331379,0.463752,0.274273,-0.269269,0.552461,0.362011,-0.606733,0.507274,0.370417,-0.590151,0.675829,0.534678,-0.125147,0.384145,0.545320,-0.083571,0.853728,0.621523,-0.449655,0.196433,0.672274,-0.440959,0.851570,0.274500,-0.909634,0.224221,0.289849,-1.014922,0.848389,0.166968,-1.002999,0.222838,0.176259,-1.130514,0.829352,0.148664,-0.958393,0.244333,0.155188,-1.062087,0.823106,0.188039,-0.912065,0.254382,0.200342,-1.010430,0.647655,1.284328,-0.033311,0.428164,1.287998,0.036201,0.640598,1.892836,-0.007489,0.435107,1.892045,0.035089,0.637289,2.420405,0.380095,0.435715,2.431170,0.242532,0.644218,2.489685,0.394652,0.430025,2.498735,0.250423,0.607573,2.599147,-0.033957,0.470773,2.623405,-0.215276
100.000000,7.968475,0.524997,0.304220,-0.738736,0.544084,0.242584,-0.684495,0.556480,0.239899,-0.684394,0.565862,0.239316,-0.684129,0.504051,0.247771,-0.672000,0.489878,0.250647,-0.672011,0.477248,0.254063,-0.672226,0.582037,0.256892,-0.349908,0.463745,0.274371,-0.281346,0.552490,0.362011,-0.619410,0.507300,0.370502,-0.600690,0.675890,0.535014,-0.148285,0.384327,0.545690,-0.081810,0.853850,0.620396,-0.493463,0.196561,0.672457,-0.276263,0.851572,0.272828,-0.994977,0.224248,0.289636,-0.673903,0.848397,0.165835,-1.094133,0.222841,0.176064,-0.767230,0.829347,0.147526,-1.054839,0.244325,0.155130,-0.704107,0.823085,0.186477,-0.999651,0.254383,0.200325,-0.668454,0.647458,1.285258,-0.036507,0.428130,1.289589,0.039425,0.639949,1.898407,-0.005735,0.434896,1.895688,0.047674,0.635223,2.424688,0.387404,0.434747,2.436261,0.285192,0.641992,2.494022,0.403349,0.429318,2.504759,0.297186,0.605073,2.604275,-0.029606,0.469028,2.629050,-0.175942
101.000000,8.044812,0.524964,0.303768,-0.725992,0.544044,0.242182,-0.674999,0.556447,0.239485,-0.674911,0.565814,0.238899,-0.674668,0.504041,0.247464,-0.660056,0.489872,0.250383,-0.660000,0.477236,0.253840,-0.660221,0.582046,0.256611,-0.349590,0.463739,0.274295,-0.269984,0.552492,0.361602,-0.611292,0.507303,0.370109,-0.588684,0.675951,0.534302,-0.149612,0.384756,0.545689,-0.067652,0.853990,0.617543,-0.496335,0.196568,0.672200,-0.242126,0.852081,0.272789,-0.994572,0.224273,0.289594,-0.615281,0.848496,0.165846,-1.092705,0.222967,0.176037,-0.706531,0.829568,0.147516,-1.052640,0.244482,0.155129,-0.641895,0.823340,0.186430,-0.998863,0.254488,0.200403,-0.608853,0.646438,1.284473,-0.041139,0.427673,1.288280,0.044061,0.638484,1.897546,-0.004072,0.434705,1.894469,0.080915,0.634062,2.422506,0.395429,0.434699,2.433802,0.359810,0.641123,2.490922,0.412427,0.429243,2.501381,0.377179,0.603760,2.602422,-0.018480,0.468854,2.627449,-0.093454
102.000000,8.121675,0.524932,0.303341,-0.723379,0.544031,0.241841,-0.671347,0.556435,0.239148,-0.671255,0.565789,0.238555,-0.670986,0.504040,0.247208,-0.656448,0.489872,0.250185,-0.656368,0.477233,0.253687,-0.656607,0.582103,0.256300,-0.343970,0.463742,0.274239,-0.263067,0.552486,0.361336,-0.608315,0.507288,0.369894,-0.585628,0.676289,0.533936,-0.142495,0.384992,0.545842,-0.058194,0.854542,0.619168,-0.473514,0.196833,0.672196,-0.243070,0.852564,0.272799,-0.976458,0.224408,0.289553,-0.646940,0.848595,0.165933,-1.076131,0.223099,0.176009,-0.742673,0.829721,0.147448,-1.039488,0.244655,0.155103,-0.678814,0.823485,0.186103,-0.982190,0.254666,0.200390,-0.641824,0.648486,1.283665,-0.041376,0.428461,1.287750,0.044326,0.639895,1.897180,-0.003165,0.435180,1.894352,0.073093,0.634727,2.422364,0.396733,0.434888,2.433778,0.334144,0.641955,2.490784,0.413762,0.429422,2.501357,0.349045,0.604466,2.602147,-0.017130,0.469157,2.627369,-0.127499
103.000000,8.197348,0.525036,0.303230,-0.717794,0.544212,0.241800,-0.663843,0.556555,0.239125,-0.663731,0.565953,0.238553,-0.663435,0.504256,0.247072,-0.650466,0.490083,0.249975,-0.650411,0.477369,0.253490,-0.650660,0.582262,0.256314,-0.332875,0.463796,0.274129,-0.259741,0.552513,0.361294,-0.601837,0.507351,0.369724,-0.581366,0.676381,0.533877,-0.131457,0.384988,0.546029,-0.059143,0.854551,0.616855,-0.440032,0.196840,0.672494,-0.332209,0.852717,0.272658,-0.893982,0.224416,0.289646,-0.841424,0.848602,0.165295,-0.982637,0.223115,0.176113,-0.951713,0.829697,0.146358,-0.943285,0.244695,0.155189,-0.883048,0.823427,0.185050,-0.896861,0.254694,0.200564,-0.837174,0.649325,1.282700,-0.039925,0.428691,1.286111,0.042870,0.639829,1.897105,-0.001056,0.435034,1.893864,0.058448,0.634111,2.422394,0.395340,0.434081,2.433756,0.292511,0.641206,2.490921,0.411056,0.428462,2.501329,0.304145,0.603735,2.602165,-0.017645,0.468501,2.627441,-0.170969
104.000000,8.287213,0.525172,0.303085,-0.704745,0.544323,0.241753,-0.650931,0.556613,0.239085,-0.650746,0.566005,0.238544,-0.650414,0.504451,0.247036,-0.637386,0.490261,0.249936,-0.637349,0.477518,0.253475,-0.637574,0.582312,0.256355,-0.326077,0.463835,0.274137,-0.253518,0.552541,0.361226,-0.591310,0.507490,0.369664,-0.571010,0.676390,0.533936,-0.128775,0.385163,0.546212,-0.059373,0.854411,0.613625,-0.433648,0.196810,0.673526,-0.331170,0.852586,0.269013,-0.887028,0.224433,0.290610,-0.780553,0.848606,0.162781,-0.977367,0.223300,0.176763,-0.884801,0.829587,0.143220,-0.937870,0.245082,0.156418,-0.818898,0.823071,0.181054,-0.890357,0.254898,0.202176,-0.776566,0.646820,1.282235,-0.037297,0.426912,1.283666,0.040252,0.633035,1.895597,0.027770,0.428403,1.890585,0.061026,0.622932,2.420417,0.425087,0.422524,2.431147,0.303029,0.629454,2.488481,0.441451,0.416261,2.498572,0.315872,0.591999,2.601299,0.026641,0.455137,2.626092,-0.157629
105.000000,8.363531,0.525001,0.302468,-0.705808,0.544275,0.240968,-0.651851,0.556579,0.238325,-0.651649,0.565972,0.237760,-0.651309,0.504421,0.246232,-0.638225,0.490227,0.249091,-0.638189,0.477485,0.252539,-0.638434,0.582323,0.255764,-0.334502,0.463836,0.273217,-0.254202,0.552447,0.360877,-0.593195,0.507410,0.368796,-0.571300,0.676520,0.533918,-0.142807,0.385178,0.546553,-0.058167,0.854435,0.612974,-0.479842,0.197389,0.673685,-0.233379,0.852566,0.267396,-0.977505,0.224440,0.291188,-0.581094,0.848690,0.161892,-1.077575,0.223327,0.177490,-0.670126,0.829587,0.142149,-1.035674,0.245173,0.157099,-0.604955,0.822970,0.179557,-0.981488,0.254973,0.203082,-0.574289,0.645707,1.283718,-0.038959,0.426485,1.284699,0.041923,0.630913,1.897096,0.038316,0.426935,1.891912,0.085529,0.620696,2.420872,0.453770,0.421121,2.431383,0.366786,0.627729,2.488664,0.472276,0.415008,2.498582,0.384448,0.588742,2.602569,0.052472,0.453957,2.627529,-0.089335
106.000000,8.440083,0.524957,0.302309,-0.700752,0.544263,0.240837,-0.648281,0.556569,0.238202,-0.648113,0.565970,0.237650,-0.647816,0.504424,0.246128,-0.632947,0.490232,0.248990,-0.632868,0.477493,0.252449,-0.633102,0.582351,0.255727,-0.331746,0.463867,0.273189,-0.246122,0.552431,0.360751,-0.589252,0.507404,0.368565,-0.565774,0.676539,0.535022,-0.142787,0.385178,0.546528,-0.055754,0.854448,0.612976,-0.480583,0.197622,0.673622,-0.275185,0.852492,0.267392,-0.973953,0.224486,0.291912,-0.725669,0.848699,0.161879,-1.073304,0.223472,0.178464,-0.832795,0.829459,0.142135,-1.024425,0.245376,0.158263,-0.762739,0.822694,0.179579,-0.975026,0.255099,0.204602,-0.720547,0.642350,1.283920,-0.039641,0.423896,1.284389,0.042601,0.625405,1.896938,0.034287,0.420477,1.890712,0.093336,0.615868,2.420475,0.447590,0.416235,2.429018,0.366083,0.623209,2.488249,0.465610,0.410363,2.495524,0.382523,0.583258,2.601750,0.043297,0.449639,2.625871,-0.087456
107.000000,8.519578,0.524935,0.301676,-0.698089,0.544257,0.240145,-0.646809,0.556564,0.237539,-0.646678,0.565970,0.236933,-0.646396,0.504431,0.245391,-0.631008,0.490251,0.248237,-0.630885,0.477523,0.251723,-0.631129,0.582362,0.255190,-0.331860,0.463944,0.272765,-0.245343,0.552415,0.360356,-0.587969,0.507401,0.368115,-0.563946,0.676566,0.535014,-0.143253,0.385430,0.547926,-0.049889,0.854453,0.613385,-0.479403,0.197698,0.671984,-0.218144,0.852435,0.267804,-0.958234,0.224810,0.291889,-0.558158,0.848761,0.162126,-1.054879,0.223998,0.178493,-0.644872,0.829473,0.142393,-1.003398,0.245838,0.158466,-0.577676,0.822692,0.180113,-0.958130,0.255507,0.204927,-0.550682,0.642591,1.283922,-0.044511,0.424506,1.284420,0.047575,0.626486,1.896639,-0.001257,0.422903,1.890715,0.096236,0.619430,2.420475,0.394531,0.420586,2.428881,0.364500,0.627266,2.488336,0.410616,0.414790,2.495342,0.380528,0.587789,2.601403,-0.015627,0.454908,2.625631,-0.086891
108.000000,8.598471,0.524981,0.300715,-0.696251,0.544276,0.238940,-0.645297,0.556574,0.236271,-0.645162,0.565989,0.235417,-0.644884,0.504482,0.244477,-0.630378,0.490312,0.247379,-0.630253,0.477564,0.250981,-0.630529,0.582373,0.254160,-0.329397,0.463967,0.272411,-0.245919,0.552470,0.359611,-0.585416,0.507438,0.367569,-0.562704,0.676582,0.533585,-0.134915,0.385602,0.547944,-0.050450,0.854463,0.613470,-0.411873,0.197705,0.671486,-0.240592,0.852449,0.268275,-0.818941,0.225019,0.291812,-0.619737,0.848769,0.162159,-0.901238,0.224066,0.178488,-0.712322,0.829474,0.142498,-0.856791,0.245923,0.158462,-0.643063,0.822687,0.180499,-0.819217,0.255641,0.204927,-0.612245,0.644805,1.283020,-0.044536,0.425637,1.284102,0.047601,0.630340,1.894208,0.016198,0.425297,1.889340,0.107156,0.625644,2.418357,0.422162,0.422958,2.427080,0.398757,0.633731,2.485970,0.439320,0.416947,2.493231,0.417940,0.594205,2.600785,0.016831,0.458567,2.624539,-0.048409
109.000000,8.682829,0.524989,0.300631,-0.690723,0.544270,0.238909,-0.640351,0.556556,0.236219,-0.640254,0.565962,0.235346,-0.640003,0.504547,0.244453,-0.625790,0.490414,0.247350,-0.625645,0.477717,0.250962,-0.625948,0.582324,0.254060,-0.326849,0.464070,0.272405,-0.244054,0.552474,0.359477,-0.581013,0.507467,0.367501,-0.558530,0.676573,0.533592,-0.131639,0.385767,0.548143,-0.049316,0.854437,0.613494,-0.412341,0.197472,0.670581,-0.218382,0.852733,0.269165,-0.837597,0.225119,0.291569,-0.541869,0.849061,0.162740,-0.923254,0.224277,0.178268,-0.626525,0.829808,0.143165,-0.879101,0.246168,0.158359,-0.558484,0.823085,0.181615,-0.838668,0.255847,0.204876,-0.533168,0.644834,1.283502,-0.046058,0.425818,1.285245,0.049115,0.631337,1.894232,-0.000287,0.427228,1.889768,0.105592,0.627479,2.418736,0.395434,0.425769,2.427408,0.389783,0.635533,2.486304,0.411431,0.419681,2.493575,0.407887,0.596994,2.601103,-0.012455,0.461560,2.624698,-0.057550
110.000000,8.762208,0.525077,0.299664,-0.685711,0.544276,0.237878,-0.635111,0.556556,0.235043,-0.635002,0.565961,0.233852,-0.634727,0.504645,0.243834,-0.620464,0.490582,0.246734,-0.620375,0.477849,0.250429,-0.620679,0.582325,0.253074,-0.321583,0.464140,0.272159,-0.239840,0.552580,0.358240,-0.576033,0.507628,0.366830,-0.553709,0.676638,0.532412,-0.131754,0.385795,0.548139,-0.049613,0.854567,0.613535,-0.423277,0.197615,0.670411,-0.301358,0.853038,0.270177,-0.855519,0.225132,0.291608,-0.749147,0.849290,0.164078,-0.936887,0.224524,0.178650,-0.852310,0.830146,0.144413,-0.894279,0.246323,0.158457,-0.779521,0.823607,0.183150,-0.855790,0.255873,0.204962,-0.741862,0.645150,1.280493,-0.044382,0.425957,1.282638,0.047297,0.632098,1.889331,0.016526,0.427839,1.885991,0.100550,0.627974,2.413600,0.414307,0.426562,2.423939,0.382185,0.635947,2.480711,0.430940,0.420570,2.490031,0.400130,0.597654,2.595909,0.015571,0.462185,2.619930,-0.059098
111.000000,8.841691,0.525207,0.299855,-0.685883,0.544340,0.238040,-0.635977,0.556593,0.235165,-0.635867,0.566007,0.234014,-0.635604,0.504788,0.244046,-0.621192,0.490724,0.246922,-0.621130,0.478022,0.250619,-0.621401,0.582328,0.253114,-0.323805,0.464200,0.272217,-0.242667,0.552617,0.358299,-0.576825,0.507738,0.367078,-0.554442,0.676560,0.532557,-0.139701,0.385913,0.548340,-0.049785,0.854282,0.613590,-0.486655,0.197635,0.669545,-0.291258,0.853524,0.270786,-0.996795,0.225270,0.291487,-0.740710,0.849817,0.164568,-1.097886,0.224539,0.178637,-0.840428,0.830863,0.144786,-1.053934,0.246336,0.158457,-0.764820,0.824587,0.183637,-0.999825,0.255935,0.204968,-0.731546,0.645144,1.280685,-0.044727,0.426030,1.282985,0.047636,0.632143,1.890496,0.016705,0.428268,1.887311,0.095435,0.627972,2.415442,0.417106,0.426599,2.425925,0.363104,0.635934,2.482652,0.434276,0.420621,2.492352,0.378985,0.597505,2.597350,0.016688,0.462105,2.621384,-0.086412
112.000000,8.922108,0.525256,0.299890,-0.687906,0.544408,0.238122,-0.637702,0.556633,0.235240,-0.637591,0.566034,0.234152,-0.637326,0.504851,0.244127,-0.622972,0.490780,0.247002,-0.622903,0.478088,0.250706,-0.623172,0.582372,0.253208,-0.323928,0.464255,0.272315,-0.242893,0.552644,0.358306,-0.578172,0.507783,0.367143,-0.555869,0.676563,0.532648,-0.139648,0.385926,0.548512,-0.049613,0.854064,0.614300,-0.482432,0.197550,0.669470,-0.281452,0.853724,0.270889,-0.976182,0.225439,0.291051,-0.728788,0.850155,0.164673,-1.073426,0.224566,0.178290,-0.832317,0.831419,0.144815,-1.030114,0.246350,0.158250,-0.757583,0.825226,0.183653,-0.979003,0.255975,0.204747,-0.721327,0.645554,1.280765,-0.045155,0.426689,1.283351,0.048061,0.633249,1.891091,0.015121,0.429568,1.888414,0.093852,0.629293,2.415980,0.416327,0.428640,2.426996,0.360862,0.637347,2.483141,0.433568,0.422888,2.493394,0.376790,0.598616,2.597899,0.014579,0.464044,2.622550,-0.090534
113.000000,9.004356,0.525611,0.300366,-0.689183,0.544465,0.238698,-0.638868,0.556663,0.235711,-0.638756,0.566071,0.234637,-0.638489,0.504983,0.244797,-0.624066,0.490899,0.247645,-0.623994,0.478258,0.251349,-0.624261,0.582381,0.253355,-0.326081,0.464344,0.272803,-0.243245,0.552871,0.358472,-0.579087,0.508133,0.367902,-0.556655,0.676566,0.532699,-0.141310,0.386277,0.549004,-0.049121,0.853881,0.614925,-0.483284,0.197475,0.669065,-0.239373,0.854413,0.272814,-0.972067,0.225481,0.290645,-0.586510,0.851018,0.166074,-1.068438,0.224682,0.177893,-0.672903,0.832059,0.145362,-1.024657,0.246361,0.157938,-0.604985,0.825864,0.184214,-0.974706,0.255984,0.204211,-0.578312,0.645355,1.284341,-0.046435,0.426609,1.286461,0.049380,0.633027,1.894930,0.005242,0.429548,1.892858,0.093714,0.628737,2.420806,0.403961,0.428354,2.431016,0.360679,0.636611,2.488663,0.421025,0.422510,2.497592,0.376628,0.598309,2.602183,0.001143,0.463484,2.626607,-0.090110
114.000000,9.085259,0.526524,0.300606,-0.702802,0.544860,0.239098,-0.651756,0.556931,0.236083,-0.651713,0.566361,0.235112,-0.651465,0.505511,0.245272,-0.637596,0.491447,0.248079,-0.637487,0.478724,0.251847,-0.637797,0.582415,0.253606,-0.333341,0.464409,0.273276,-0.252302,0.553309,0.358665,-0.590710,0.508783,0.368397,-0.568849,0.676558,0.532720,-0.142076,0.386288,0.550309,-0.049163,0.853818,0.614952,-0.469986,0.197346,0.670097,-0.200331,0.854809,0.272930,-0.938606,0.225495,0.290816,-0.503458,0.851537,0.166082,-1.031474,0.224699,0.177887,-0.585133,0.832561,0.145372,-0.989777,0.246367,0.157972,-0.520995,0.826331,0.184218,-0.942207,0.255999,0.204205,-0.495597,0.645246,1.286345,-0.048255,0.426612,1.289282,0.051231,0.633324,1.895859,0.005508,0.430930,1.894250,0.100553,0.629289,2.421314,0.411972,0.430552,2.431452,0.390675,0.636952,2.489250,0.429785,0.424816,2.497936,0.409468,0.599902,2.602719,0.004781,0.465712,2.627158,-0.061002
115.000000,9.182883,0.526625,0.300690,-0.713033,0.544954,0.239141,-0.660331,0.557006,0.236117,-0.660251,0.566447,0.235157,-0.660002,0.505614,0.245363,-0.646101,0.491551,0.248183,-0.646012,0.478820,0.251973,-0.646274,0.582502,0.253703,-0.335873,0.464432,0.273373,-0.256400,0.553427,0.358768,-0.598774,0.508933,0.368557,-0.577120,0.676580,0.532998,-0.143229,0.386467,0.550316,-0.051324,0.853773,0.614673,-0.477275,0.197372,0.670603,-0.248247,0.855404,0.272161,-0.961646,0.225539,0.290721,-0.659429,0.852100,0.165840,-1.057521,0.224709,0.177835,-0.755069,0.832976,0.144873,-1.014537,0.246370,0.157772,-0.688378,0.826662,0.183334,-0.964694,0.256023,0.203707,-0.652780,0.644677,1.286269,-0.048077,0.426223,1.288985,0.051048,0.632745,1.896007,0.005746,0.430126,1.894201,0.095535,0.628045,2.421376,0.411962,0.428924,2.431466,0.368276,0.635498,2.489350,0.429771,0.422985,2.497961,0.384067,0.598546,2.602715,0.004597,0.463656,2.627168,-0.090403
116.000000,9.261901,0.526983,0.300677,-0.708476,0.545340,0.239130,-0.656365,0.557326,0.236107,-0.656273,0.566840,0.235157,-0.655998,0.505884,0.245352,-0.642611,0.491801,0.248166,-0.642517,0.479004,0.251968,-0.642791,0.582694,0.253697,-0.334290,0.464508,0.273373,-0.256163,0.553722,0.358762,-0.595255,0.509130,0.368546,-0.574171,0.676583,0.533246,-0.141650,0.386765,0.550414,-0.053082,0.853641,0.616081,-0.479922,0.197369,0.670537,-0.246644,0.856203,0.272249,-0.983531,0.225553,0.290594,-0.613234,0.852999,0.165865,-1.083120,0.224716,0.177741,-0.703862,0.833954,0.144836,-1.038840,0.246337,0.157598,-0.637479,0.827695,0.183306,-0.987227,0.256026,0.203163,-0.605783,0.644271,1.286449,-0.047852,0.425913,1.289072,0.050830,0.632142,1.895771,0.007616,0.429911,1.894021,0.095811,0.627722,2.420583,0.413379,0.428943,2.429844,0.370258,0.635203,2.488559,0.431161,0.422999,2.495895,0.386784,0.598342,2.601368,0.008943,0.463892,2.625222,-0.082381
117.000000,9.338966,0.526955,0.300758,-0.717017,0.545347,0.239269,-0.664739,0.557347,0.236286,-0.664660,0.566882,0.235418,-0.664407,0.505885,0.245382,-0.649366,0.491791,0.248182,-0.649244,0.479009,0.251971,-0.649528,0.582843,0.253850,-0.339955,0.464517,0.273367,-0.256980,0.553723,0.358866,-0.603112,0.509103,0.368562,-0.580026,0.676664,0.533267,-0.144380,0.386828,0.550601,-0.053071,0.853681,0.617363,-0.479460,0.197446,0.670587,-0.247367,0.856960,0.272418,-0.981781,0.225556,0.290624,-0.616425,0.853619,0.165938,-1.080768,0.224721,0.177734,-0.706884,0.834640,0.144708,-1.033033,0.246323,0.157585,-0.641633,0.828444,0.183141,-0.984437,0.256022,0.203069,-0.609091,0.644325,1.286426,-0.048530,0.425889,1.288988,0.051549,0.632803,1.894446,-0.004690,0.429845,1.892621,0.111975,0.628413,2.418624,0.391956,0.428817,2.427616,0.396051,0.636092,2.486571,0.408535,0.422800,2.494055,0.413835,0.598482,2.599882,-0.021294,0.463829,2.622520,-0.054564
118.000000,9.414991,0.526966,0.300637,-0.720948,0.545396,0.239138,-0.668923,0.557406,0.236165,-0.668808,0.566990,0.235298,-0.668527,0.505932,0.245130,-0.653249,0.491830,0.247836,-0.653150,0.479018,0.251602,-0.653387,0.582998,0.253751,-0.345251,0.464529,0.273007,-0.261814,0.553729,0.358862,-0.607187,0.509118,0.368331,-0.583932,0.676667,0.534294,-0.150504,0.386843,0.550692,-0.058339,0.852867,0.618235,-0.505284,0.197452,0.670846,-0.268819,0.857459,0.272706,-1.028110,0.225566,0.290331,-0.677153,0.853883,0.166426,-1.131367,0.224690,0.177526,-0.773036,0.834948,0.144706,-1.087304,0.246283,0.157146,-0.708624,0.828918,0.183158,-1.031701,0.256022,0.202354,-0.671864,0.642972,1.289795,-0.047671,0.423848,1.290689,0.050729,0.629870,1.898817,0.022925,0.426006,1.895412,0.108521,0.621711,2.421846,0.446031,0.421066,2.429837,0.394281,0.628790,2.489809,0.465352,0.414623,2.496781,0.411344,0.590439,2.603884,0.044479,0.454192,2.624888,-0.055145
119.000000,9.494154,0.527038,0.300689,-0.720384,0.545486,0.239140,-0.668123,0.557491,0.236167,-0.668004,0.567099,0.235301,-0.667717,0.506017,0.245126,-0.652618,0.491941,0.247821,-0.652525,0.479131,0.251587,-0.652772,0.583113,0.253751,-0.344903,0.464624,0.273001,-0.261558,0.553767,0.358944,-0.606234,0.509184,0.368364,-0.583154,0.676777,0.534570,-0.151870,0.387367,0.551023,-0.057098,0.852763,0.619336,-0.503476,0.197518,0.671169,-0.218145,0.857959,0.272762,-1.014008,0.225575,0.290329,-0.552704,0.854244,0.166434,-1.114785,0.224703,0.177513,-0.636202,0.835434,0.144572,-1.070807,0.246290,0.156894,-0.573040,0.829383,0.182886,-1.017318,0.256026,0.202126,-0.546255,0.642702,1.290983,-0.048613,0.423837,1.291891,0.051715,0.629429,1.901411,0.002680,0.425148,1.897201,0.106405,0.621090,2.425915,0.409646,0.420702,2.431728,0.384689,0.628387,2.494070,0.426982,0.414330,2.498568,0.401087,0.589650,2.607191,-0.000512,0.454263,2.627491,-0.067929
120.000000,9.574387,0.527330,0.300711,-0.726005,0.545775,0.239181,-0.672265,0.557725,0.236206,-0.672168,0.567389,0.235343,-0.671874,0.506294,0.245158,-0.657418,0.492196,0.247834,-0.657308,0.479343,0.251602,-0.657559,0.583458,0.253749,-0.344765,0.464711,0.272988,-0.262841,0.553940,0.358956,-0.610219,0.509371,0.368366,-0.587932,0.676876,0.534600,-0.150602,0.387700,0.551017,-0.058566,0.852926,0.619345,-0.489293,0.197535,0.671061,-0.263348,0.858140,0.272155,-0.991192,0.225646,0.290282,-0.694246,0.854393,0.166301,-1.091694,0.224826,0.177446,-0.794618,0.835777,0.143866,-1.051825,0.246361,0.156754,-0.730484,0.829646,0.181925,-0.995763,0.256094,0.202059,-0.689827,0.642705,1.290960,-0.048550,0.423450,1.291865,0.051659,0.629480,1.901898,-0.001831,0.425211,1.897573,0.100877,0.621238,2.426568,0.403266,0.420934,2.433243,0.373481,0.628583,2.495106,0.419813,0.414588,2.500778,0.389105,0.589816,2.607646,-0.013150,0.454586,2.628567,-0.088065
121.000000,9.650456,0.527609,0.300775,-0.737156,0.545960,0.239266,-0.681636,0.557897,0.236284,-0.681573,0.567605,0.235428,-0.681297,0.506471,0.245247,-0.668555,0.492329,0.247909,-0.668425,0.479469,0.251689,-0.668720,0.583558,0.253746,-0.345472,0.464760,0.273001,-0.268209,0.554120,0.358960,-0.617895,0.509567,0.368374,-0.597464,0.677049,0.534267,-0.147270,0.387738,0.550976,-0.059611,0.853240,0.619327,-0.422487,0.197580,0.671264,-0.249009,0.858368,0.272194,-0.852228,0.225689,0.290195,-0.617012,0.854662,0.166329,-0.936932,0.224840,0.177363,-0.704360,0.836132,0.143760,-0.899897,0.246364,0.156334,-0.639456,0.829933,0.181854,-0.855741,0.256124,0.201651,-0.609484,0.649202,1.288751,-0.048758,0.426235,1.291422,0.051871,0.640132,1.900052,0.009150,0.431884,1.897190,0.117332,0.635564,2.424489,0.437422,0.430975,2.432929,0.432309,0.642727,2.492744,0.456122,0.425071,2.500234,0.453331,0.607430,2.606860,0.019075,0.467221,2.628483,-0.029448
122.000000,9.732293,0.527710,0.301091,-0.734293,0.546026,0.239634,-0.680070,0.557964,0.236629,-0.680026,0.567700,0.235819,-0.679768,0.506539,0.245726,-0.666517,0.492373,0.248391,-0.666379,0.479522,0.252139,-0.666660,0.583738,0.253829,-0.340758,0.464789,0.273170,-0.265333,0.554221,0.359143,-0.617474,0.509708,0.368645,-0.596301,0.677076,0.534098,-0.137285,0.387753,0.550996,-0.060866,0.853282,0.619320,-0.425881,0.197775,0.672201,-0.347935,0.858518,0.271768,-0.866452,0.225996,0.289936,-0.851140,0.854762,0.165855,-0.951726,0.224990,0.177281,-0.958211,0.836205,0.143120,-0.911355,0.246457,0.156066,-0.888171,0.829973,0.181014,-0.868637,0.256404,0.201214,-0.845798,0.650068,1.288531,-0.047216,0.426294,1.290905,0.050296,0.640264,1.900000,0.008547,0.431800,1.897145,0.107551,0.634999,2.424609,0.427940,0.430382,2.433509,0.398053,0.642184,2.492923,0.444715,0.424299,2.501083,0.415728,0.606528,2.607126,0.006994,0.466121,2.629144,-0.070482
123.000000,9.812428,0.527816,0.301145,-0.732202,0.546110,0.239710,-0.678263,0.558042,0.236695,-0.678205,0.567815,0.235905,-0.677942,0.506626,0.245776,-0.664526,0.492459,0.248427,-0.664397,0.479584,0.252179,-0.664676,0.584054,0.253835,-0.340742,0.464845,0.273172,-0.265006,0.554323,0.359193,-0.616060,0.509822,0.368666,-0.594583,0.677305,0.533647,-0.134705,0.388012,0.550998,-0.060821,0.853794,0.619316,-0.426080,0.198027,0.672080,-0.308119,0.858740,0.271381,-0.877944,0.226151,0.289646,-0.727171,0.855033,0.165372,-0.967206,0.225140,0.177193,-0.827009,0.836296,0.142575,-0.926829,0.246599,0.156000,-0.759234,0.830041,0.180497,-0.881051,0.256565,0.201183,-0.720291,0.649947,1.287177,-0.047219,0.426287,1.289467,0.050297,0.639982,1.897696,0.011084,0.431725,1.894286,0.108037,0.634590,2.421021,0.429153,0.430244,2.429497,0.401484,0.641780,2.488966,0.446454,0.424180,2.496413,0.420047,0.605932,2.603526,0.012191,0.465934,2.625350,-0.060879
124.000000,9.890951,0.528173,0.301219,-0.732501,0.546407,0.239828,-0.678765,0.558330,0.236828,-0.678711,0.568202,0.236068,-0.678457,0.506898,0.245825,-0.664983,0.492750,0.248440,-0.664855,0.479813,0.252189,-0.665128,0.584326,0.253843,-0.343207,0.465003,0.273165,-0.267454,0.554485,0.359225,-0.616198,0.510028,0.368695,-0.594878,0.677466,0.534428,-0.138296,0.388085,0.551272,-0.059792,0.854205,0.622623,-0.456180,0.198093,0.672070,-0.244166,0.859120,0.271966,-0.961735,0.226494,0.289270,-0.619369,0.855423,0.165522,-1.062395,0.225297,0.176931,-0.711078,0.836782,0.142567,-1.022593,0.246651,0.155828,-0.647403,0.830498,0.180505,-0.966093,0.256680,0.201016,-0.613119,0.649939,1.290714,-0.048010,0.426653,1.294433,0.051102,0.639951,1.904189,-0.007807,0.431793,1.902171,0.097964,0.634549,2.429289,0.400537,0.430357,2.439375,0.379063,0.641834,2.497626,0.417018,0.424324,2.506971,0.395848,0.605497,2.611299,-0.021688,0.466152,2.634590,-0.086671
125.000000,9.970795,0.528404,0.301308,-0.731546,0.546493,0.239861,-0.678077,0.558386,0.236841,-0.678011,0.568263,0.236084,-0.677753,0.507079,0.245902,-0.664334,0.492992,0.248500,-0.664211,0.480035,0.252265,-0.664473,0.584422,0.253811,-0.346563,0.465089,0.273252,-0.271064,0.554706,0.359242,-0.615706,0.510399,0.368811,-0.594438,0.677690,0.534484,-0.146776,0.388189,0.551423,-0.059984,0.854472,0.622589,-0.479259,0.198112,0.672838,-0.170852,0.859372,0.271291,-0.993516,0.226559,0.289099,-0.442482,0.855572,0.164642,-1.095859,0.225476,0.176560,-0.520888,0.836865,0.141296,-1.055436,0.246800,0.155314,-0.457667,0.830565,0.179143,-0.998669,0.256837,0.200539,-0.434170,0.649787,1.292362,-0.048219,0.426604,1.296033,0.051315,0.639160,1.907202,0.018184,0.431333,1.904901,0.097502,0.633280,2.431165,0.453299,0.429881,2.441027,0.381067,0.640794,2.499134,0.473354,0.423993,2.508075,0.398638,0.603767,2.613467,0.043690,0.465528,2.637577,-0.084640
126.000000,10.048100,0.528428,0.301723,-0.729706,0.546557,0.240090,-0.677301,0.558450,0.237061,-0.677240,0.568345,0.236314,-0.676986,0.507142,0.246059,-0.663255,0.493070,0.248606,-0.663114,0.480111,0.252334,-0.663382,0.584568,0.253825,-0.348166,0.465205,0.273260,-0.270584,0.554731,0.359671,-0.615468,0.510506,0.369249,-0.593904,0.677709,0.535268,-0.149387,0.388428,0.551951,-0.059634,0.854482,0.622983,-0.478403,0.198167,0.673339,-0.142170,0.859429,0.270689,-0.964846,0.226576,0.289078,-0.378450,0.855672,0.164043,-1.064850,0.225485,0.176318,-0.452970,0.836898,0.140584,-1.020760,0.246815,0.154973,-0.391334,0.830582,0.178518,-0.969764,0.256890,0.200272,-0.370632,0.649226,1.296570,-0.051438,0.426473,1.300121,0.054647,0.638652,1.908572,0.010244,0.431157,1.906607,0.120263,0.632124,2.432500,0.450616,0.429509,2.441059,0.437143,0.639764,2.500527,0.468982,0.423642,2.508005,0.458983,0.602163,2.614870,0.042047,0.464959,2.638065,-0.016666
127.000000,10.127501,0.528476,0.301925,-0.733807,0.546594,0.240208,-0.680660,0.558467,0.237180,-0.680610,0.568364,0.236440,-0.680355,0.507240,0.246114,-0.666916,0.493207,0.248633,-0.666779,0.480215,0.252353,-0.667066,0.584591,0.253887,-0.350210,0.465275,0.273269,-0.272969,0.554745,0.360027,-0.618745,0.510619,0.369374,-0.597452,0.677657,0.536461,-0.152433,0.388178,0.552323,-0.065828,0.854443,0.623107,-0.469087,0.198213,0.673369,-0.209599,0.859588,0.269008,-0.913179,0.226590,0.289067,-0.512875,0.856164,0.163170,-1.003976,0.225498,0.176296,-0.593356,0.837024,0.139023,-0.961783,0.246816,0.154946,-0.528427,0.830627,0.176558,-0.915938,0.256898,0.200222,-0.504811,0.649214,1.298279,-0.051836,0.426468,1.302226,0.055009,0.638851,1.909668,0.029273,0.431510,1.909056,0.145098,0.632604,2.433477,0.476292,0.429719,2.443594,0.492009,0.640223,2.501262,0.496672,0.423860,2.510255,0.516953,0.602592,2.617333,0.066107,0.465060,2.641407,0.040616
128.000000,10.207295,0.528571,0.301911,-0.737254,0.546749,0.240226,-0.683204,0.558606,0.237202,-0.683125,0.568528,0.236506,-0.682819,0.507402,0.245993,-0.669846,0.493408,0.248383,-0.669746,0.480352,0.252084,-0.669987,0.584688,0.253937,-0.351574,0.465407,0.273109,-0.277204,0.554759,0.360040,-0.621404,0.510646,0.369191,-0.600856,0.677665,0.537750,-0.153833,0.387962,0.552364,-0.069438,0.854581,0.623111,-0.494585,0.197850,0.672470,-0.209970,0.859599,0.268522,-1.012002,0.226563,0.288333,-0.524167,0.856330,0.162986,-1.115998,0.225503,0.175720,-0.607956,0.837098,0.138430,-1.075265,0.246780,0.154411,-0.544818,0.830639,0.175647,-1.017137,0.256857,0.199339,-0.516777,0.646776,1.299016,-0.050984,0.424293,1.302216,0.054164,0.631378,1.911968,0.031609,0.424994,1.909452,0.120317,0.620912,2.434406,0.470240,0.420180,2.444204,0.432317,0.627604,2.502143,0.489996,0.414228,2.510992,0.452437,0.590617,2.617953,0.060234,0.454349,2.641956,-0.033301
129.000000,10.285317,0.528612,0.301313,-0.718782,0.546774,0.239792,-0.666048,0.558618,0.236786,-0.665950,0.568545,0.236002,-0.665660,0.507522,0.245654,-0.653121,0.493560,0.248093,-0.652994,0.480459,0.251913,-0.653290,0.584720,0.253764,-0.341306,0.465486,0.273114,-0.267806,0.554791,0.359838,-0.605278,0.510754,0.368703,-0.585124,0.677850,0.537751,-0.147524,0.387980,0.552385,-0.069013,0.854555,0.623122,-0.435000,0.197850,0.671827,-0.260397,0.859612,0.268692,-0.863892,0.226574,0.287864,-0.632522,0.856509,0.163051,-0.952790,0.225512,0.175239,-0.727048,0.837170,0.138447,-0.914766,0.246817,0.154154,-0.660515,0.830661,0.175748,-0.867579,0.256912,0.199316,-0.626072,0.648565,1.295533,-0.048497,0.425506,1.298700,0.051592,0.636231,1.904860,0.042993,0.428799,1.902304,0.118984,0.629475,2.426775,0.475123,0.425835,2.436640,0.427033,0.637022,2.493919,0.494750,0.419882,2.503221,0.446989,0.598786,2.611277,0.072902,0.460522,2.633623,-0.031359
130.000000,10.361669,0.528814,0.301387,-0.675204,0.546969,0.239843,-0.627600,0.558771,0.236865,-0.627467,0.568721,0.236122,-0.627186,0.507639,0.245692,-0.614191,0.493679,0.248140,-0.614060,0.480566,0.251980,-0.614349,0.584996,0.253895,-0.326656,0.465560,0.273215,-0.250663,0.554904,0.359931,-0.570407,0.510918,0.368870,-0.549332,0.677937,0.537917,-0.144106,0.387990,0.552283,-0.060634,0.854436,0.620479,-0.436588,0.198136,0.671358,-0.202693,0.859338,0.267273,-0.872815,0.226628,0.287846,-0.485706,0.856527,0.162170,-0.965791,0.225627,0.175212,-0.570450,0.837159,0.138215,-0.924770,0.246925,0.154115,-0.505043,0.830525,0.175577,-0.876880,0.257065,0.199299,-0.478964,0.648480,1.296612,-0.048415,0.425616,1.299365,0.051519,0.636263,1.905218,0.039965,0.429412,1.902365,0.114852,0.629486,2.427828,0.468276,0.425865,2.436660,0.412669,0.637071,2.495196,0.487627,0.419896,2.503244,0.432231,0.598595,2.612605,0.067873,0.460540,2.633637,-0.033083
131.000000,10.442127,0.528832,0.301392,-0.676999,0.547053,0.239854,-0.628835,0.558842,0.236877,-0.628765,0.568803,0.236149,-0.628585,0.507744,0.245663,-0.617183,0.493825,0.248062,-0.617171,0.480689,0.251881,-0.617417,0.585106,0.253906,-0.329970,0.465693,0.273136,-0.251749,0.554916,0.359942,-0.571868,0.510938,0.368829,-0.553021,0.678061,0.538045,-0.144712,0.387997,0.552227,-0.052538,0.854482,0.620498,-0.437494,0.198240,0.671179,-0.167052,0.859246,0.266987,-0.873937,0.226811,0.287620,-0.440210,0.856540,0.161770,-0.965817,0.225943,0.174983,-0.520478,0.837250,0.138062,-0.924498,0.247208,0.154078,-0.455064,0.830609,0.175393,-0.877330,0.257336,0.199266,-0.432443,0.648574,1.296647,-0.051172,0.425765,1.299339,0.054404,0.637672,1.905195,0.001054,0.429927,1.902364,0.132751,0.631518,2.428430,0.412786,0.426912,2.436674,0.447957,0.639252,2.496373,0.429959,0.421007,2.503309,0.469336,0.600591,2.613000,-0.007173,0.461523,2.633674,-0.004512
132.000000,10.519555,0.529080,0.301534,-0.684964,0.547242,0.240021,-0.635557,0.559004,0.237054,-0.635467,0.568972,0.236377,-0.635245,0.507979,0.245777,-0.621982,0.494084,0.248140,-0.621884,0.480938,0.251972,-0.622160,0.585223,0.254028,-0.328870,0.465843,0.273230,-0.246133,0.555040,0.360094,-0.576741,0.511164,0.368912,-0.555452,0.678210,0.538055,-0.136671,0.388127,0.552197,-0.050926,0.854447,0.619680,-0.396141,0.198248,0.671085,-0.196662,0.859079,0.266787,-0.793456,0.226837,0.287300,-0.524643,0.856559,0.161481,-0.877778,0.225989,0.174960,-0.616398,0.837259,0.137937,-0.837840,0.247269,0.154025,-0.543871,0.830609,0.175310,-0.796017,0.257431,0.199140,-0.516349,0.647660,1.296371,-0.049877,0.424961,1.297252,0.053096,0.636736,1.904279,0.003277,0.429333,1.899789,0.129674,0.631156,2.428177,0.414177,0.426495,2.435751,0.439716,0.638888,2.496237,0.431303,0.420441,2.502634,0.459549,0.600145,2.612834,0.001365,0.461223,2.632669,-0.005006
133.000000,10.598074,0.529094,0.301848,-0.704346,0.547309,0.240449,-0.651866,0.559073,0.237578,-0.651775,0.569058,0.237091,-0.651539,0.508046,0.245943,-0.637844,0.494158,0.248233,-0.637764,0.481018,0.252022,-0.638019,0.585317,0.254569,-0.331704,0.465968,0.273239,-0.249767,0.555061,0.360336,-0.590043,0.511183,0.368984,-0.568599,0.678214,0.537971,-0.136853,0.388118,0.551563,-0.051233,0.853916,0.619037,-0.409131,0.198626,0.670104,-0.230586,0.859050,0.266411,-0.840439,0.227196,0.286965,-0.615284,0.856708,0.161075,-0.925412,0.226390,0.174785,-0.708106,0.837373,0.137747,-0.888123,0.247747,0.153935,-0.640168,0.830644,0.175059,-0.842651,0.257906,0.199030,-0.607965,0.647664,1.293241,-0.049892,0.425063,1.294716,0.053102,0.637147,1.901277,-0.008659,0.429555,1.897820,0.121734,0.632160,2.425900,0.390095,0.428149,2.433480,0.407243,0.639839,2.494269,0.406174,0.422407,2.500348,0.424579,0.601564,2.609098,-0.024724,0.463166,2.629777,-0.042074
134.000000,10.679607,0.529124,0.301690,-0.715173,0.547360,0.240285,-0.660682,0.559106,0.237447,-0.660598,0.569078,0.236958,-0.660334,0.508154,0.245662,-0.647150,0.494301,0.247909,-0.647085,0.481128,0.251725,-0.647340,0.585355,0.254465,-0.332755,0.466057,0.273174,-0.253972,0.555081,0.360323,-0.598516,0.511198,0.368870,-0.577912,0.678225,0.537902,-0.138178,0.388089,0.551509,-0.053119,0.853873,0.619064,-0.437613,0.198632,0.669000,-0.255535,0.858883,0.265083,-0.908144,0.227247,0.286600,-0.664264,0.856716,0.159996,-1.001246,0.226401,0.174633,-0.760935,0.837376,0.137191,-0.962550,0.247757,0.153704,-0.693766,0.830599,0.174236,-0.911226,0.257946,0.198951,-0.657602,0.648213,1.289949,-0.049557,0.425695,1.292295,0.052730,0.637907,1.897571,-0.005919,0.429972,1.893736,0.114682,0.632654,2.421263,0.399079,0.428664,2.428833,0.390619,0.640369,2.489412,0.415760,0.422957,2.495822,0.407116,0.601699,2.604389,-0.014228,0.463734,2.624885,-0.062656
135.000000,10.762963,0.529385,0.301556,-0.715177,0.547597,0.240173,-0.660782,0.559277,0.237347,-0.660698,0.569238,0.236837,-0.660433,0.508430,0.245597,-0.647273,0.494673,0.247854,-0.647210,0.481454,0.251699,-0.647465,0.585452,0.254396,-0.332856,0.466232,0.273212,-0.254912,0.555273,0.360251,-0.598619,0.511362,0.368800,-0.577966,0.678232,0.537317,-0.137829,0.388670,0.551163,-0.058703,0.853037,0.616001,-0.437998,0.199023,0.668888,-0.281633,0.858789,0.264005,-0.907945,0.227428,0.286884,-0.685208,0.856795,0.159619,-1.000913,0.226604,0.175049,-0.781465,0.837444,0.136819,-0.961935,0.248149,0.154220,-0.714556,0.830619,0.173436,-0.911114,0.258271,0.199794,-0.678454,0.648473,1.288389,-0.047654,0.426411,1.291115,0.050682,0.637967,1.895439,0.031023,0.430301,1.891865,0.114766,0.632644,2.418096,0.445984,0.428848,2.426111,0.396646,0.640357,2.485420,0.464161,0.423114,2.492362,0.414568,0.601650,2.601514,0.042638,0.463985,2.622621,-0.051931
136.000000,10.841532,0.529675,0.301569,-0.714988,0.547860,0.240193,-0.660738,0.559508,0.237385,-0.660651,0.569497,0.236890,-0.660386,0.508684,0.245605,-0.647261,0.494954,0.247860,-0.647197,0.481699,0.251714,-0.647455,0.585734,0.254417,-0.332466,0.466370,0.273267,-0.255258,0.555456,0.360293,-0.598404,0.511531,0.368839,-0.577828,0.678424,0.537192,-0.135394,0.388704,0.551384,-0.059139,0.853025,0.615826,-0.432176,0.199029,0.668881,-0.282714,0.858861,0.264481,-0.893625,0.227445,0.286845,-0.690231,0.856929,0.159797,-0.984619,0.226601,0.175073,-0.787768,0.837615,0.136922,-0.948140,0.248156,0.154201,-0.719963,0.830745,0.173591,-0.897766,0.258284,0.199786,-0.683518,0.649599,1.288542,-0.046144,0.427143,1.291200,0.049120,0.638286,1.896673,0.029606,0.430405,1.893608,0.099800,0.632713,2.420464,0.443570,0.428849,2.430677,0.371299,0.640378,2.488340,0.461633,0.423120,2.497288,0.387704,0.601767,2.603545,0.039002,0.463979,2.627477,-0.084495
137.000000,10.922607,0.529714,0.301484,-0.713270,0.547913,0.240091,-0.659508,0.559557,0.237309,-0.659427,0.569547,0.236830,-0.659161,0.508748,0.245471,-0.645675,0.495028,0.247743,-0.645606,0.481764,0.251635,-0.645873,0.585780,0.254423,-0.332293,0.466385,0.273299,-0.254007,0.555493,0.360298,-0.597515,0.511557,0.368836,-0.576436,0.678486,0.537237,-0.137329,0.388674,0.552933,-0.059083,0.853322,0.615804,-0.458139,0.198945,0.668890,-0.276947,0.858934,0.264816,-0.938901,0.227427,0.286689,-0.672332,0.856994,0.159857,-1.034637,0.226600,0.175049,-0.767763,0.837650,0.137125,-0.993517,0.248165,0.154140,-0.700894,0.830798,0.174088,-0.942057,0.258298,0.199771,-0.665791,0.649819,1.291703,-0.046152,0.427662,1.295056,0.049128,0.639009,1.898716,0.032219,0.431605,1.896969,0.111781,0.633506,2.422178,0.452284,0.430230,2.433948,0.399910,0.641038,2.489925,0.471216,0.424586,2.500588,0.418668,0.603229,2.605493,0.048430,0.465034,2.630302,-0.052084
138.000000,11.006931,0.529904,0.301288,-0.711282,0.548258,0.240039,-0.657382,0.559851,0.237294,-0.657293,0.569886,0.236830,-0.657032,0.509138,0.245368,-0.643874,0.495509,0.247611,-0.643790,0.482159,0.251534,-0.644066,0.585942,0.254496,-0.329064,0.466549,0.273289,-0.253114,0.555546,0.360249,-0.595464,0.511589,0.368628,-0.574909,0.678505,0.537607,-0.130230,0.388678,0.552723,-0.059692,0.853366,0.617665,-0.425061,0.198987,0.668182,-0.309604,0.858936,0.265457,-0.867815,0.227664,0.286647,-0.754799,0.857042,0.160178,-0.957244,0.226722,0.175040,-0.859465,0.837732,0.137724,-0.919603,0.248326,0.154133,-0.790357,0.830894,0.175047,-0.871375,0.258468,0.199870,-0.749175,0.648922,1.291213,-0.042454,0.426679,1.293062,0.045432,0.638338,1.898670,0.030916,0.431496,1.896048,0.092661,0.632569,2.422243,0.443297,0.429910,2.433879,0.362404,0.639819,2.489961,0.460233,0.424169,2.500594,0.378325,0.602394,2.605505,0.039029,0.464106,2.629803,-0.094109
139.000000,11.086883,0.529977,0.300742,-0.725386,0.548460,0.239698,-0.669601,0.560055,0.237011,-0.669477,0.570146,0.236547,-0.669229,0.509328,0.244857,-0.656768,0.495721,0.247020,-0.656685,0.482336,0.251004,-0.656929,0.586250,0.254418,-0.329736,0.466590,0.273110,-0.257317,0.555631,0.360093,-0.604307,0.511605,0.368005,-0.584956,0.678637,0.537536,-0.126889,0.388672,0.551577,-0.063157,0.853368,0.617701,-0.422242,0.199245,0.667111,-0.372080,0.858930,0.266213,-0.872043,0.227962,0.286617,-0.906153,0.857095,0.160959,-0.962067,0.226996,0.175161,-1.019502,0.837816,0.138441,-0.924258,0.248655,0.154188,-0.950057,0.831000,0.175963,-0.875367,0.258898,0.199971,-0.901239,0.649286,1.288957,-0.039753,0.427300,1.290504,0.042700,0.640097,1.897700,0.021451,0.433133,1.895855,0.079870,0.635703,2.422299,0.419430,0.432860,2.434931,0.339499,0.642617,2.490161,0.434960,0.427341,2.502304,0.353653,0.606778,2.605355,0.009479,0.466801,2.630018,-0.123241
140.000000,11.166026,0.530061,0.300379,-0.720307,0.548709,0.239413,-0.665359,0.560310,0.236826,-0.665211,0.570490,0.236429,-0.664964,0.509497,0.244479,-0.652738,0.495921,0.246635,-0.652622,0.482484,0.250690,-0.652874,0.586696,0.254446,-0.329543,0.466659,0.273085,-0.257329,0.555726,0.360059,-0.601634,0.511619,0.367837,-0.582571,0.678797,0.538655,-0.125739,0.388933,0.551584,-0.063509,0.853410,0.617712,-0.421111,0.199555,0.667178,-0.336638,0.858711,0.266360,-0.872465,0.228043,0.286601,-0.791577,0.857079,0.160988,-0.964481,0.227143,0.175122,-0.892572,0.837807,0.138815,-0.925107,0.248813,0.154171,-0.824884,0.830953,0.176499,-0.875845,0.259008,0.199965,-0.785449,0.648009,1.290545,-0.039350,0.426631,1.290907,0.042369,0.637368,1.898708,0.015247,0.429329,1.895981,0.081466,0.631051,2.423569,0.408820,0.426693,2.434931,0.346568,0.638229,2.491708,0.424361,0.420667,2.502336,0.361761,0.599780,2.606132,0.000940,0.460519,2.629996,-0.110556
141.000000,11.244500,0.530128,0.300384,-0.704889,0.548869,0.239416,-0.652930,0.560476,0.236841,-0.652798,0.570690,0.236466,-0.652552,0.509657,0.244472,-0.640013,0.496090,0.246623,-0.639866,0.482662,0.250675,-0.640109,0.587122,0.254503,-0.324811,0.466830,0.273010,-0.251913,0.555764,0.360060,-0.589015,0.511664,0.367825,-0.569243,0.679049,0.538694,-0.123576,0.389045,0.550892,-0.061691,0.853253,0.617894,-0.422500,0.201197,0.666973,-0.329254,0.858750,0.266920,-0.892533,0.228342,0.286614,-0.783882,0.857334,0.161551,-0.988725,0.227532,0.175500,-0.874431,0.838084,0.138963,-0.951184,0.249123,0.154324,-0.800991,0.831160,0.176620,-0.897779,0.259272,0.200111,-0.773120,0.645554,1.288262,-0.039303,0.424992,1.286301,0.042307,0.631123,1.896003,0.019662,0.424746,1.888983,0.083201,0.623460,2.419847,0.410812,0.422110,2.426794,0.342671,0.630813,2.487578,0.426818,0.416089,2.493551,0.357658,0.590866,2.601557,0.002505,0.456156,2.621875,-0.111676
142.000000,11.320730,0.530565,0.300173,-0.705616,0.549314,0.239098,-0.653169,0.560763,0.236638,-0.653040,0.571013,0.236313,-0.652806,0.509993,0.244115,-0.641007,0.496481,0.246272,-0.640895,0.483025,0.250383,-0.641155,0.587503,0.254508,-0.323907,0.466991,0.272901,-0.254675,0.556023,0.359893,-0.589317,0.511835,0.367585,-0.571008,0.679093,0.538485,-0.122535,0.389131,0.550734,-0.070433,0.853239,0.617719,-0.416565,0.201673,0.667173,-0.332448,0.858856,0.267117,-0.873180,0.228357,0.286696,-0.775949,0.857603,0.161748,-0.965221,0.227550,0.175582,-0.879691,0.838356,0.139344,-0.929669,0.249169,0.154318,-0.810602,0.831449,0.177125,-0.878945,0.259302,0.200131,-0.769744,0.645572,1.286796,-0.038972,0.424711,1.285614,0.041948,0.631328,1.894171,0.058909,0.424942,1.887731,0.095751,0.623762,2.415468,0.485141,0.422345,2.423371,0.408301,0.631138,2.482733,0.504166,0.416588,2.489518,0.429569,0.591014,2.598361,0.081533,0.456812,2.618844,-0.045940
143.000000,11.396918,0.530633,0.299963,-0.706927,0.549336,0.238905,-0.654497,0.560785,0.236417,-0.654390,0.571029,0.236040,-0.654169,0.510054,0.244051,-0.642133,0.496544,0.246256,-0.642001,0.483079,0.250376,-0.642274,0.587519,0.254405,-0.325931,0.467024,0.272997,-0.255430,0.556174,0.359649,-0.590982,0.511903,0.367498,-0.572201,0.679307,0.537818,-0.123980,0.389595,0.550334,-0.066727,0.853589,0.617838,-0.417596,0.201748,0.667143,-0.256235,0.858964,0.268515,-0.875291,0.228694,0.286783,-0.618739,0.857875,0.162489,-0.966733,0.227844,0.175648,-0.709061,0.838715,0.140238,-0.931713,0.249371,0.154524,-0.644681,0.831865,0.178219,-0.881131,0.259422,0.200468,-0.612185,0.645667,1.286459,-0.041206,0.424925,1.285653,0.044220,0.633310,1.894212,0.021144,0.427551,1.887940,0.087552,0.627677,2.415553,0.437482,0.426197,2.424063,0.377551,0.635186,2.482809,0.455423,0.420560,2.490574,0.395538,0.596484,2.598503,0.024171,0.460415,2.618952,-0.082095
144.000000,11.472640,0.530657,0.299739,-0.717528,0.549353,0.238625,-0.664305,0.560819,0.236145,-0.664176,0.571069,0.235746,-0.663904,0.510070,0.243836,-0.651672,0.496570,0.246098,-0.651568,0.483117,0.250272,-0.651810,0.587605,0.254360,-0.333626,0.467094,0.272992,-0.263686,0.556281,0.359476,-0.600945,0.511947,0.367331,-0.581887,0.679324,0.538126,-0.133296,0.389722,0.550247,-0.068057,0.853861,0.618605,-0.475995,0.201802,0.666683,-0.262833,0.859030,0.269342,-1.005573,0.228809,0.286761,-0.646154,0.858005,0.162750,-1.109296,0.228117,0.175641,-0.741100,0.838955,0.141170,-1.068791,0.249735,0.154515,-0.673715,0.832146,0.179577,-1.010691,0.259754,0.200465,-0.639540,0.642651,1.288573,-0.041971,0.423359,1.287947,0.044987,0.630808,1.895120,0.018145,0.425696,1.889000,0.094032,0.624811,2.415700,0.437370,0.423416,2.424142,0.393133,0.632156,2.483075,0.455055,0.417649,2.490638,0.412115,0.592942,2.598594,0.023639,0.457033,2.619110,-0.063832
145.000000,11.552838,0.530743,0.299498,-0.716716,0.549408,0.238487,-0.664034,0.560874,0.236038,-0.663910,0.571119,0.235639,-0.663643,0.510201,0.243637,-0.650918,0.496781,0.245869,-0.650807,0.483329,0.250054,-0.651042,0.587633,0.254337,-0.336202,0.467255,0.272963,-0.263554,0.556363,0.359348,-0.600906,0.512077,0.367123,-0.581658,0.679372,0.538087,-0.146898,0.389943,0.550215,-0.063993,0.854434,0.619520,-0.496846,0.201846,0.666571,-0.234700,0.859032,0.269663,-1.013149,0.228823,0.286941,-0.599816,0.858011,0.162760,-1.116183,0.228277,0.176049,-0.691929,0.838971,0.141238,-1.075435,0.249886,0.155031,-0.626954,0.832157,0.179795,-1.017771,0.259784,0.200976,-0.593424,0.642202,1.288114,-0.044104,0.423293,1.287567,0.047137,0.630422,1.894918,0.008424,0.425410,1.888632,0.092828,0.624286,2.415658,0.420748,0.422829,2.423829,0.374553,0.631789,2.482941,0.438471,0.416979,2.490403,0.391024,0.591984,2.598001,0.009264,0.456465,2.618338,-0.080668
146.000000,11.635082,0.530961,0.299648,-0.723332,0.549534,0.238709,-0.670181,0.560987,0.236273,-0.670106,0.571221,0.235902,-0.669863,0.510406,0.243812,-0.656842,0.497049,0.246033,-0.656729,0.483661,0.250228,-0.656972,0.587655,0.254567,-0.339304,0.467423,0.273143,-0.265224,0.556463,0.359383,-0.606329,0.512352,0.367179,-0.586282,0.679455,0.538122,-0.147622,0.390153,0.550209,-0.062191,0.854470,0.619406,-0.489241,0.201852,0.666565,-0.230548,0.859026,0.269679,-0.994315,0.228833,0.287387,-0.603166,0.857971,0.162768,-1.094338,0.228316,0.176444,-0.694848,0.838964,0.141244,-1.055892,0.249929,0.155595,-0.633148,0.832122,0.179801,-0.999303,0.259800,0.201618,-0.597508,0.642249,1.288111,-0.044936,0.423658,1.287652,0.047936,0.631194,1.894963,0.006216,0.427182,1.888783,0.091567,0.624567,2.415794,0.417430,0.423742,2.424639,0.370484,0.631909,2.483038,0.434926,0.417847,2.491405,0.386705,0.592507,2.598057,0.005217,0.457023,2.619093,-0.086761
147.000000,11.712119,0.531077,0.299711,-0.723130,0.549662,0.238866,-0.669963,0.561115,0.236459,-0.669898,0.571363,0.236151,-0.669659,0.510532,0.243914,-0.656592,0.497187,0.246117,-0.656477,0.483805,0.250316,-0.656725,0.587749,0.254761,-0.337366,0.467573,0.273239,-0.263130,0.556552,0.359423,-0.605774,0.512492,0.367199,-0.585708,0.679480,0.537932,-0.141820,0.390212,0.550151,-0.058762,0.854408,0.618819,-0.469075,0.202037,0.666573,-0.238408,0.858798,0.269686,-0.961313,0.228924,0.287386,-0.606073,0.857884,0.162699,-1.057502,0.228382,0.176553,-0.698279,0.838898,0.141257,-1.020110,0.250002,0.155570,-0.637952,0.831999,0.179830,-0.965982,0.259896,0.201566,-0.600689,0.643722,1.287883,-0.044948,0.424906,1.287663,0.047944,0.633953,1.894914,-0.000376,0.429741,1.889035,0.086547,0.629999,2.415834,0.400621,0.429262,2.425742,0.344514,0.637346,2.483333,0.417272,0.423705,2.492743,0.358862,0.600046,2.598131,-0.010731,0.463870,2.619808,-0.112899
148.000000,11.791652,0.531105,0.299757,-0.722762,0.549695,0.238901,-0.669859,0.561150,0.236473,-0.669795,0.571392,0.236158,-0.669564,0.510548,0.244030,-0.656207,0.497212,0.246290,-0.656091,0.483830,0.250505,-0.656341,0.587773,0.254765,-0.335397,0.467604,0.273348,-0.263430,0.556576,0.359434,-0.605562,0.512513,0.367252,-0.585459,0.679503,0.536968,-0.136641,0.390220,0.550164,-0.059835,0.854204,0.618820,-0.450157,0.201907,0.666450,-0.240067,0.858806,0.270112,-0.934409,0.228937,0.287368,-0.624565,0.857959,0.163473,-1.027185,0.228393,0.176529,-0.719292,0.838914,0.141678,-0.990962,0.250023,0.155516,-0.656643,0.832003,0.180115,-0.939740,0.259910,0.201525,-0.619114,0.647416,1.283380,-0.044660,0.428466,1.286757,0.047631,0.641355,1.889906,0.007212,0.436656,1.888129,0.087172,0.640166,2.411915,0.415355,0.439244,2.424431,0.356376,0.647784,2.479412,0.433091,0.434173,2.491332,0.372893,0.611744,2.594420,0.009784,0.474844,2.618296,-0.096404
149.000000,11.873894,0.531137,0.299420,-0.742052,0.549747,0.238602,-0.686558,0.561189,0.236227,-0.686432,0.571411,0.235928,-0.686133,0.510642,0.243702,-0.675355,0.497310,0.245973,-0.675375,0.483903,0.250235,-0.675599,0.587792,0.254754,-0.347742,0.467624,0.273342,-0.286463,0.556612,0.359313,-0.622905,0.512533,0.367043,-0.606067,0.679434,0.536965,-0.146832,0.390157,0.550238,-0.083973,0.854207,0.617532,-0.463402,0.200929,0.666132,-0.302351,0.858933,0.270373,-0.945635,0.229645,0.286770,-0.713613,0.858019,0.163625,-1.037549,0.228950,0.176102,-0.810802,0.838969,0.141986,-0.999746,0.250508,0.155346,-0.740642,0.832078,0.180601,-0.950169,0.260555,0.201371,-0.705608,0.647253,1.282861,-0.044342,0.428226,1.286666,0.047277,0.640929,1.890005,0.014344,0.436131,1.888209,0.087844,0.638912,2.412115,0.432188,0.438596,2.424621,0.368820,0.646157,2.479639,0.450509,0.433640,2.491421,0.386609,0.610810,2.594517,0.023651,0.474399,2.618468,-0.089757
150.000000,11.956985,0.531157,0.299497,-0.729542,0.549843,0.238636,-0.675587,0.561300,0.236276,-0.675431,0.571531,0.236025,-0.675148,0.510701,0.243724,-0.664819,0.497353,0.245999,-0.664814,0.483943,0.250265,-0.665038,0.587978,0.254891,-0.341315,0.467671,0.273387,-0.282827,0.556638,0.359442,-0.611815,0.512549,0.367187,-0.595457,0.679287,0.537004,-0.137803,0.390132,0.549878,-0.081202,0.853984,0.617532,-0.457760,0.200994,0.666130,-0.302099,0.858935,0.270864,-0.945494,0.229643,0.286766,-0.713007,0.858028,0.163974,-1.037189,0.228977,0.176118,-0.811570,0.838965,0.142312,-0.999374,0.250519,0.155338,-0.744576,0.832064,0.181123,-0.949810,0.260569,0.201343,-0.706542,0.645501,1.282981,-0.042650,0.427134,1.286623,0.045562,0.636481,1.890083,0.022981,0.432800,1.888229,0.086278,0.632391,2.412192,0.434362,0.433740,2.424373,0.364230,0.639422,2.479722,0.452301,0.428304,2.491056,0.381644,0.603169,2.594627,0.029830,0.469114,2.618127,-0.091360
151.000000,12.037308,0.531174,0.299500,-0.730024,0.549936,0.238656,-0.677038,0.561437,0.236315,-0.676890,0.571721,0.236096,-0.676630,0.510752,0.243723,-0.664298,0.497398,0.245995,-0.664263,0.483981,0.250250,-0.664483,0.588258,0.254950,-0.349279,0.467830,0.273315,-0.280797,0.556665,0.359443,-0.614086,0.512571,0.367145,-0.594886,0.679391,0.537614,-0.152808,0.390152,0.549796,-0.069809,0.854270,0.617979,-0.494085,0.200657,0.666351,-0.260834,0.858937,0.271398,-0.998641,0.229657,0.286661,-0.668977,0.858009,0.164226,-1.100716,0.229099,0.175768,-0.766737,0.838962,0.142682,-1.060511,0.250731,0.155141,-0.700242,0.832063,0.181474,-1.002918,0.260686,0.201167,-0.663096,0.641853,1.285684,-0.045267,0.424378,1.287006,0.048313,0.629890,1.894439,-0.010870,0.423778,1.888810,0.084198,0.621316,2.416516,0.388944,0.418561,2.424954,0.352562,0.628232,2.484303,0.404963,0.412133,2.492135,0.368123,0.588762,2.597562,-0.029581,0.451777,2.618355,-0.108168
152.000000,12.116796,0.531344,0.299509,-0.729476,0.550083,0.238678,-0.676690,0.561581,0.236364,-0.676547,0.571893,0.236174,-0.676284,0.510848,0.243715,-0.663667,0.497488,0.245970,-0.663626,0.484059,0.250212,-0.663848,0.588442,0.255009,-0.352813,0.467892,0.273277,-0.279705,0.556814,0.359433,-0.614042,0.512681,0.367046,-0.594263,0.679400,0.537822,-0.161615,0.390157,0.549836,-0.069326,0.854273,0.618041,-0.515695,0.199933,0.666800,-0.201396,0.859012,0.271405,-1.041225,0.229510,0.286661,-0.517655,0.858041,0.164240,-1.145542,0.229116,0.175677,-0.600761,0.839034,0.142700,-1.105777,0.250743,0.155041,-0.536676,0.832153,0.181492,-1.046398,0.260701,0.201076,-0.509598,0.640939,1.288424,-0.045641,0.423657,1.289742,0.048691,0.629489,1.898882,0.007717,0.423812,1.893707,0.085277,0.621478,2.420792,0.429329,0.419124,2.429893,0.364760,0.628477,2.488363,0.448778,0.412839,2.496940,0.381748,0.589275,2.602746,0.023629,0.452405,2.623926,-0.093673
153.000000,12.193692,0.531691,0.299543,-0.718343,0.550441,0.238755,-0.666948,0.561910,0.236483,-0.666852,0.572291,0.236344,-0.666636,0.511169,0.243729,-0.653398,0.497791,0.245969,-0.653262,0.484338,0.250209,-0.653548,0.588797,0.255176,-0.348397,0.468060,0.273255,-0.270813,0.557020,0.359514,-0.605904,0.512891,0.367041,-0.584912,0.679481,0.538411,-0.160212,0.390127,0.549751,-0.065668,0.854282,0.618234,-0.458916,0.199937,0.667072,-0.211571,0.858949,0.270589,-0.890574,0.229513,0.286651,-0.530132,0.858044,0.163524,-0.981815,0.229130,0.175644,-0.615858,0.839038,0.142287,-0.940358,0.250754,0.154986,-0.549309,0.832152,0.180865,-0.893073,0.260721,0.200981,-0.521851,0.641297,1.290336,-0.046085,0.423614,1.291189,0.049153,0.631118,1.898899,0.017594,0.424641,1.893594,0.122196,0.622919,2.420755,0.444812,0.419258,2.428439,0.443929,0.630098,2.488246,0.464640,0.413116,2.495545,0.466211,0.590237,2.602856,0.041152,0.452533,2.622677,0.000091
154.000000,12.277947,0.531777,0.299537,-0.704289,0.550653,0.238735,-0.651527,0.562143,0.236476,-0.651415,0.572534,0.236335,-0.651147,0.511327,0.243640,-0.637400,0.497942,0.245804,-0.637319,0.484469,0.249981,-0.637586,0.588873,0.255184,-0.334550,0.468181,0.272983,-0.256264,0.557033,0.359520,-0.593512,0.512944,0.366947,-0.572163,0.679672,0.539054,-0.158251,0.390105,0.549727,-0.060920,0.854444,0.620307,-0.468158,0.200110,0.666946,-0.252847,0.858970,0.270079,-0.914525,0.229612,0.286472,-0.665347,0.858162,0.163169,-1.012882,0.229205,0.175530,-0.765869,0.839095,0.141766,-0.963596,0.250765,0.154904,-0.695771,0.832164,0.180080,-0.914820,0.260748,0.200817,-0.659157,0.642956,1.290188,-0.046131,0.424135,1.290888,0.049202,0.631163,1.898214,0.013043,0.424457,1.892191,0.117089,0.622992,2.420567,0.419559,0.419037,2.425927,0.437942,0.630249,2.488175,0.436936,0.412811,2.492895,0.456796,0.589919,2.602373,0.015490,0.452738,2.620622,-0.016023
155.000000,12.356901,0.531798,0.299550,-0.705816,0.550721,0.238661,-0.653012,0.562263,0.236412,-0.652900,0.572667,0.236259,-0.652633,0.511361,0.243512,-0.639004,0.497976,0.245622,-0.638920,0.484499,0.249717,-0.639185,0.588931,0.255124,-0.332249,0.468205,0.272366,-0.254762,0.557063,0.359534,-0.594073,0.512964,0.366913,-0.572866,0.679684,0.538893,-0.150896,0.390084,0.548545,-0.060551,0.854480,0.620446,-0.468148,0.200071,0.666936,-0.310544,0.859399,0.270473,-0.917300,0.229669,0.286408,-0.786777,0.858793,0.163183,-1.013726,0.229241,0.175252,-0.892628,0.839704,0.141778,-0.967944,0.250797,0.154776,-0.822883,0.832689,0.180175,-0.915674,0.260819,0.200584,-0.781323,0.643005,1.289160,-0.046109,0.424081,1.288764,0.049179,0.630744,1.897464,-0.002582,0.423555,1.890509,0.113861,0.621957,2.420456,0.388069,0.418301,2.424962,0.400046,0.629049,2.488169,0.403550,0.411998,2.491991,0.415658,0.589024,2.601749,-0.024378,0.452160,2.619640,-0.055684
156.000000,12.436012,0.531809,0.299626,-0.704067,0.550755,0.238719,-0.650999,0.562291,0.236479,-0.650890,0.572694,0.236366,-0.650615,0.511395,0.243506,-0.636674,0.498009,0.245605,-0.636579,0.484533,0.249672,-0.636862,0.588959,0.255181,-0.328657,0.468233,0.272176,-0.249150,0.557089,0.359715,-0.591677,0.512983,0.366944,-0.570039,0.679695,0.538886,-0.145292,0.389558,0.548434,-0.059332,0.854605,0.620405,-0.437464,0.199888,0.666728,-0.308407,0.859880,0.271658,-0.862244,0.229241,0.285862,-0.749595,0.860045,0.163692,-0.950148,0.228477,0.174657,-0.852575,0.840765,0.141883,-0.910610,0.249950,0.153457,-0.782233,0.833763,0.180436,-0.864556,0.260039,0.198774,-0.743647,0.643343,1.288498,-0.045911,0.423971,1.287542,0.048980,0.631167,1.895526,0.007200,0.423637,1.887811,0.120266,0.623091,2.417689,0.401908,0.418384,2.421762,0.413327,0.630290,2.485415,0.417822,0.412054,2.488753,0.431678,0.590356,2.599865,-0.007760,0.452617,2.616960,-0.036337
157.000000,12.515634,0.531821,0.299973,-0.708357,0.550826,0.239047,-0.654416,0.562460,0.236837,-0.654307,0.572908,0.236797,-0.653997,0.511426,0.243745,-0.640466,0.498005,0.245847,-0.640371,0.484526,0.249878,-0.640621,0.589112,0.255410,-0.331165,0.468268,0.272210,-0.254362,0.557144,0.360063,-0.595942,0.512999,0.367293,-0.574969,0.679685,0.540277,-0.149871,0.389381,0.548476,-0.061099,0.854967,0.620339,-0.474508,0.199881,0.664126,-0.272098,0.861309,0.270046,-0.971748,0.228522,0.281171,-0.650786,0.863375,0.162867,-1.075469,0.225838,0.170297,-0.745845,0.842769,0.141523,-1.037215,0.247532,0.149837,-0.682001,0.835557,0.179942,-0.977761,0.258555,0.194953,-0.645490,0.643726,1.292037,-0.045905,0.424055,1.291691,0.048973,0.631344,1.900917,0.017029,0.424826,1.895202,0.117145,0.623527,2.422565,0.433476,0.420256,2.428630,0.404721,0.630786,2.490463,0.452086,0.413929,2.495243,0.422181,0.590920,2.605073,0.027643,0.454787,2.624838,-0.049201
158.000000,12.594090,0.531891,0.299986,-0.716288,0.551045,0.239055,-0.659669,0.562710,0.236860,-0.659555,0.573207,0.236830,-0.659237,0.511455,0.243743,-0.648821,0.498019,0.245842,-0.648765,0.484547,0.249869,-0.649019,0.589332,0.255439,-0.331370,0.468296,0.272177,-0.266399,0.557265,0.360177,-0.601132,0.513041,0.367338,-0.584328,0.679726,0.541123,-0.144452,0.389271,0.548471,-0.074483,0.855022,0.619519,-0.432666,0.199856,0.662474,-0.275967,0.866050,0.269785,-0.899884,0.225609,0.280143,-0.653602,0.872780,0.162893,-0.996728,0.220798,0.167978,-0.749178,0.851758,0.141531,-0.963071,0.243227,0.148424,-0.682783,0.842917,0.179719,-0.907408,0.254986,0.193879,-0.647767,0.644730,1.291991,-0.043841,0.424555,1.291831,0.046933,0.631777,1.900945,0.031545,0.424865,1.895867,0.111031,0.623714,2.423130,0.461585,0.420359,2.429612,0.402414,0.630947,2.491112,0.481351,0.414047,2.496113,0.420090,0.591446,2.605860,0.059997,0.454984,2.626022,-0.055756
159.000000,12.674742,0.532028,0.301624,-0.724028,0.551301,0.239950,-0.669432,0.562966,0.237908,-0.669378,0.573517,0.238044,-0.669079,0.511495,0.244193,-0.658885,0.498037,0.246083,-0.658757,0.484566,0.249952,-0.659018,0.589663,0.255959,-0.344689,0.468317,0.271746,-0.283048,0.557309,0.361528,-0.610451,0.513139,0.368672,-0.593967,0.679739,0.543208,-0.147505,0.388335,0.548257,-0.075141,0.854967,0.619113,-0.401724,0.198561,0.660702,-0.194851,0.872650,0.260414,-0.828524,0.214567,0.275421,-0.498067,0.883983,0.157143,-0.923225,0.207466,0.165239,-0.584215,0.862323,0.136381,-0.895267,0.229455,0.144917,-0.531676,0.852067,0.172484,-0.838002,0.242910,0.189576,-0.496556,0.644685,1.298665,-0.043957,0.424515,1.298570,0.047090,0.631210,1.912035,0.002477,0.424905,1.909205,0.083650,0.620574,2.440654,0.423990,0.419043,2.448727,0.348427,0.627619,2.509609,0.442628,0.412416,2.516857,0.363125,0.587921,2.625584,0.016775,0.453062,2.646110,-0.115805
